iso3c,year,income_group,country,iso2c,status,lastupdated,gdp_pc,trade_gdp,imports,fin_inclusion,fdi_gdp,debt_gdp,gdp_usd,exch_rate,inflation,capital,longitude,latitude,income,lending,log_gdp_pc,reserves,DRS_USD,DRS_CNY,DRS_EUR,cny_usd_rate,credit_spread_hy,dollar_index,fed_funds_rate,fed_swap_lines,gdp_growth_us,m2_growth,vix,yield_spread_10y2y,ai_imports_usa,ai_imports_world,ACID,capital_openness,rule_of_law,reg_quality,govt_effect,control_corr,yuan_debt_usd,n_projects,dsa_rating,DebtDistress,idi_score,idi_2010_2014,nvidia_rev_bn,nvidia_rev_growth,OID,YuanDebtShare,reserve_adequacy,reserve_adequate,IV_ACID,log_gdp_usd,log_yuan_debt,log_reserves,is_LDC,is_BRICS,is_advanced,crisis_covid,crisis_russia,post_svb,panel_id
USA,2015,North America,United States,US,,2026-04-08,56572.9188996063,27.8235649187872,NA,NA,2.80914762910409,96.6110565851958,18206020741000,1,0.118627135552451,Washington D.C.,-77.032,38.8895,High income,Not classified,10.943303361165047,NA,65.7,NA,20.5,6.282743426294821,5.365538461538462,108.16961726907631,0.1325,207.1153846153846,2.1,12074.325,16.674126984126985,1.4515139442231075,0,67423365088,0,2.2808303833007812,NA,NA,NA,NA,NA,NA,NA,NA,NA,NA,4.68,NA,NA,NA,NA,NA,NA,30.532773465250862,NA,NA,0,0,0,0,0,0,USA_2015
USA,2016,North America,United States,US,,2026-04-08,57151.4708448372,26.6079620604584,NA,NA,2.53749765919682,98.6931939368279,18695110842000,1,1.26158320570536,Washington D.C.,-77.032,38.8895,High income,Not classified,10.953477902668732,NA,65.3,1.1,19.9,6.640016334661355,5.972480916030534,113.06646008064516,0.395,891.7692307692307,2.175,12892.066666666666,15.82563492063492,1.00324,0,69398770480,0,2.2808303833007812,NA,NA,NA,NA,NA,NA,NA,NA,NA,NA,6.91,0.477,NA,NA,NA,NA,NA,30.559283153305067,NA,NA,0,0,0,0,0,0,USA_2016
USA,2017,North America,United States,US,,2026-04-08,58151.7021391854,27.3130208877206,NA,93.1221843138765,1.95521086285051,97.8800564031882,19477336549000,1,2.13011000365961,Washington D.C.,-77.032,38.8895,High income,Not classified,10.970827625296858,NA,63.8,1.2,20.1,6.756870281124498,3.7646153846153845,112.81009919678715,1.0016666666666667,771.5192307692307,3.025,13621.366666666667,11.0902390438247,0.93028,0,81792147615,0,2.2808303833007812,NA,NA,NA,NA,NA,NA,NA,NA,NA,NA,9.71,0.405,NA,NA,NA,NA,NA,30.60027267733087,NA,NA,0,0,0,0,0,0,USA_2017
USA,2018,North America,United States,US,,2026-04-08,59526.665698712,27.6103792720958,NA,NA,1.0457039920427,99.2223695206525,20533057312000,1,2.44258329692817,Washington D.C.,-77.032,38.8895,High income,Not classified,10.994196453195046,NA,61.9,1.9,20.7,6.6090429718875505,3.626015325670498,112.00375403225806,1.8316666666666666,750.7115384615385,2.125,14141.441666666666,16.6398406374502,0.38417670682730926,0,96958807227,0,2.2808303833007812,NA,NA,NA,NA,NA,NA,NA,NA,NA,NA,11.72,0.207,NA,NA,NA,NA,NA,30.653057255112206,NA,NA,0,0,0,0,0,0,USA_2018
USA,2019,North America,United States,US,,2026-04-08,60750.9898621637,26.4537594940475,NA,NA,1.47787452846554,100.979786328903,21380976119000,1,1.81221007526021,Washington D.C.,-77.032,38.8895,High income,Not classified,11.0145551155991,NA,60.9,2.1,20.6,6.908139357429719,4.075823754789272,115.73329798387097,2.158333333333333,258.5769230769231,3.375,14863.433333333332,15.387857142857143,0.1726,0,86004930504,0,2.2808303833007812,NA,NA,NA,NA,NA,NA,NA,NA,NA,NA,10.92,-0.068,NA,NA,NA,NA,NA,30.693522676189573,NA,NA,0,0,0,0,0,0,USA_2019
USA,2020,North America,United States,US,,2026-04-08,59194.6665172031,23.4015629969394,NA,NA,0.650821071352324,126.370405951231,21060473613000,1,1.23358439630629,Washington D.C.,-77.032,38.8895,High income,Not classified,10.988603617469872,NA,59,2.3,21.2,6.9041904,5.5483969465648855,117.7739632,0.37583333333333335,132821.28301886792,1.5749999999999995,17696.283333333333,29.251304347826085,0.5005577689243028,0,90077595141,0,2.2808303833007812,NA,NA,NA,NA,NA,NA,NA,NA,NA,NA,16.68,0.527,NA,NA,NA,NA,NA,30.678419111127997,NA,NA,0,0,0,1,0,0,USA_2020
USA,2021,North America,United States,US,,2026-04-08,62680.2503585805,25.6095576621932,NA,94.9532296473716,2.04998648308338,120.367733355153,23315080560000,1,4.69785886363742,Washington D.C.,-77.032,38.8895,High income,Not classified,11.045817644557216,NA,59.2,2.7,20.6,6.450814457831325,3.321717557251908,113.10509156626506,0.08,2171.269230769231,5.75,20538.24166666667,19.656150793650795,1.181394422310757,0,106700130559,0,2.2808303833007812,NA,NA,NA,NA,NA,NA,NA,NA,NA,NA,26.97,0.617,NA,NA,NA,NA,NA,30.780121501469203,NA,NA,0,0,0,0,0,0,USA_2021
USA,2022,North America,United States,US,,2026-04-08,63886.1317069841,27.3139397355363,NA,NA,1.62816817042838,114.694842004206,25604848907611,1,8.00279982052121,Washington D.C.,-77.032,38.8895,High income,Not classified,11.064873238348264,NA,58.4,2.8,19.8,6.7290124,4.403984674329502,120.6980116,1.6833333333333333,682.9807692307693,1.325,21607.55,25.6371484375,-0.035622489959839354,0,124863396436,0,NA,NA,NA,NA,NA,NA,NA,NA,NA,NA,NA,26.97,0,NA,NA,NA,NA,NA,30.873802859931764,NA,NA,0,0,0,0,1,0,USA_2022
USA,2023,North America,United States,US,,2026-04-08,65186.5977244157,25.2903297883366,NA,NA,1.32618252590589,116.918808847311,27292170793214.4,1,4.11633838374488,Washington D.C.,-77.032,38.8895,High income,Not classified,11.085024510870145,NA,58.9,2.3,19.7,7.080916064257028,4.205076923076923,120.26631887550201,5.024166666666667,343.90384615384613,3.375,20869.600000000002,16.849027237354086,-0.62396,0,109664467145,0,NA,NA,NA,NA,NA,NA,NA,NA,NA,NA,NA,44.87,0.664,NA,NA,NA,NA,NA,30.937620992857724,NA,NA,0,0,0,0,0,1,USA_2023
USA,2024,North America,United States,US,,2026-04-08,66356.1706750101,25.3786342507088,NA,97.0230983290589,1.03321085618604,117.973234857902,28750956130731.2,1,2.94952520485207,Washington D.C.,-77.032,38.8895,High income,Not classified,11.102807107394991,NA,58,2.2,20,7.195725498007969,3.1492015209125475,122.89302988047808,5.1433333333333335,198.34615384615384,2.4,21133.908333333333,15.550656370656371,-0.1644,NA,NA,NA,NA,NA,NA,NA,NA,NA,NA,NA,NA,NA,NA,60.92,0.357,NA,NA,NA,NA,NA,30.989692139340036,NA,NA,0,0,0,0,0,1,USA_2024
USA,2025,North America,United States,US,,2026-04-08,NA,NA,NA,NA,NA,NA,NA,NA,NA,Washington D.C.,-77.032,38.8895,High income,Not classified,NA,NA,NA,NA,NA,7.1875432,3.0473946360153255,122.7202868,4.2125,115.9245283018868,2.025,21967.716666666667,18.926666666666666,0.4818875502008032,NA,NA,NA,NA,NA,NA,NA,NA,NA,NA,NA,NA,NA,NA,115,0.888,NA,NA,NA,NA,NA,NA,NA,NA,0,0,0,0,0,1,USA_2025
GBR,2015,Europe & Central Asia,United Kingdom,GB,,2026-04-08,45255.3449216209,57.125044605439,NA,NA,1.53903424150931,147.063146778865,2945579890258.46,0.654545478931426,0.36804684232536,London,-0.126236,51.5002,High income,Not classified,10.72009815856061,NA,65.7,NA,20.5,6.282743426294821,5.365538461538462,108.16961726907631,0.1325,207.1153846153846,2.1,12074.325,16.674126984126985,1.4515139442231075,818199233,6993559489,0.11699324704207145,2.2808303833007812,NA,NA,NA,NA,NA,NA,NA,NA,NA,NA,4.68,NA,NA,NA,NA,NA,NA,28.71132682035801,NA,NA,0,0,0,0,0,0,GBR_2015
GBR,2016,Europe & Central Asia,United Kingdom,GB,,2026-04-08,45888.0105130748,59.8395315138259,NA,NA,11.9998637298189,155.581504971929,2706807606538.73,0.740634463697084,1.0084173681141,London,-0.126236,51.5002,High income,Not classified,10.733980945009426,NA,65.3,1.1,19.9,6.640016334661355,5.972480916030534,113.06646008064516,0.395,891.7692307692307,2.175,12892.066666666666,15.82563492063492,1.00324,857306133,6638191417,0.12914754624346803,2.2808303833007812,NA,NA,NA,NA,NA,NA,NA,NA,NA,NA,6.91,0.477,NA,NA,NA,NA,NA,28.62679105146003,NA,NA,0,0,0,0,0,0,GBR_2016
GBR,2017,Europe & Central Asia,United Kingdom,GB,,2026-04-08,47018.0254757676,63.1899245764158,NA,96.366318852125,4.64443540147576,160.141177233502,2699118387873.1,0.776976682344123,2.55775577557747,London,-0.126236,51.5002,High income,Not classified,10.758307596140607,NA,63.8,1.2,20.1,6.756870281124498,3.7646153846153845,112.81009919678715,1.0016666666666667,771.5192307692307,3.025,13621.366666666667,11.0902390438247,0.93028,772202074.048,6387996423.594,0.1208832978045948,2.2808303833007812,NA,NA,NA,NA,NA,NA,NA,NA,NA,NA,9.71,0.405,NA,NA,NA,NA,NA,28.623946312608993,NA,NA,0,0,0,0,0,0,GBR_2017
GBR,2018,Europe & Central Asia,United Kingdom,GB,,2026-04-08,47514.7763693453,64.9097721959201,NA,NA,-0.864867036878713,156.766820519267,2897028009916.05,0.749531540259847,2.29283990345938,London,-0.126236,51.5002,High income,Not classified,10.768817068969895,NA,61.9,1.9,20.7,6.6090429718875505,3.626015325670498,112.00375403225806,1.8316666666666666,750.7115384615385,2.125,14141.441666666666,16.6398406374502,0.38417670682730926,783819063.944,7494687755.797,0.10458328478564444,2.2808303833007812,NA,NA,NA,NA,NA,NA,NA,NA,NA,NA,11.72,0.207,NA,NA,NA,NA,NA,28.694706503263102,NA,NA,0,0,0,0,0,0,GBR_2018
GBR,2019,Europe & Central Asia,United Kingdom,GB,,2026-04-08,47864.7588712634,65.0035664177054,NA,NA,0.688204352262878,158.972569875821,2875710080015.3,0.783445110011929,1.73810460086513,London,-0.126236,51.5002,High income,Not classified,10.776155681663285,NA,60.9,2.1,20.6,6.908139357429719,4.075823754789272,115.73329798387097,2.158333333333333,258.5769230769231,3.375,14863.433333333332,15.387857142857143,0.1726,710204781.389,6831389704.791,0.1039619772959107,2.2808303833007812,NA,NA,NA,NA,NA,NA,NA,NA,NA,NA,10.92,-0.068,NA,NA,NA,NA,NA,28.687320744035745,NA,NA,0,0,0,0,0,0,GBR_2019
GBR,2020,Europe & Central Asia,United Kingdom,GB,,2026-04-08,42982.4631007642,59.1598893030611,NA,NA,5.77039185007421,194.682828796265,2724001478304.59,0.779999576697153,0.989486703772491,London,-0.126236,51.5002,High income,Not classified,10.668570741654214,NA,59,2.3,21.2,6.9041904,5.5483969465648855,117.7739632,0.37583333333333335,132821.28301886792,1.5749999999999995,17696.283333333333,29.251304347826085,0.5005577689243028,691675032.444,6367712326.009,0.10862221737292446,2.2808303833007812,NA,NA,NA,NA,NA,NA,NA,NA,NA,NA,16.68,0.527,NA,NA,NA,NA,NA,28.633123046912285,NA,NA,0,0,0,1,0,0,GBR_2020
GBR,2021,Europe & Central Asia,United Kingdom,GB,,2026-04-08,46487.3424706549,58.53838629291,NA,99.7632738299911,3.20643815254935,183.804848939919,3194559188925.93,0.727064944688323,2.51837109614213,London,-0.126236,51.5002,High income,Not classified,10.746956860589252,NA,59.2,2.7,20.6,6.450814457831325,3.321717557251908,113.10509156626506,0.08,2171.269230769231,5.75,20538.24166666667,19.656150793650795,1.181394422310757,613644051.834,6378662868.82,0.09620261557223812,2.2808303833007812,NA,NA,NA,NA,NA,NA,NA,NA,NA,NA,26.97,0.617,NA,NA,NA,NA,NA,28.79247022520249,NA,NA,0,0,0,0,0,0,GBR_2021
GBR,2022,Europe & Central Asia,United Kingdom,GB,,2026-04-08,48433.009835767,69.1989264413981,NA,NA,2.91635435189931,138.215904304967,3181244350465.41,0.811301715827773,7.92204883147902,London,-0.126236,51.5002,High income,Not classified,10.787957528496097,NA,58.4,2.8,19.8,6.7290124,4.403984674329502,120.6980116,1.6833333333333333,682.9807692307693,1.325,21607.55,25.6371484375,-0.035622489959839354,867756446.13,8494013586.7039995,0.1021609439721561,NA,NA,NA,NA,NA,NA,NA,NA,NA,NA,NA,26.97,0,NA,NA,NA,NA,NA,28.788293541358843,NA,NA,0,0,0,0,1,0,GBR_2022
GBR,2023,Europe & Central Asia,United Kingdom,GB,,2026-04-08,47934.9375098983,64.9923841747803,NA,NA,0.403116734836793,136.142431919028,3420796653789.08,0.804538906734353,6.79396706793963,London,-0.126236,51.5002,High income,Not classified,10.777620763260769,NA,58.9,2.3,19.7,7.080916064257028,4.205076923076923,120.26631887550201,5.024166666666667,343.90384615384613,3.375,20869.600000000002,16.849027237354086,-0.62396,937809599.1389999,8331696635.266,0.1125592589592719,NA,NA,NA,NA,NA,NA,NA,NA,NA,NA,NA,44.87,0.664,NA,NA,NA,NA,NA,28.860894579581522,NA,NA,0,0,0,0,0,1,GBR_2023
GBR,2024,Europe & Central Asia,United Kingdom,GB,,2026-04-08,47960.9105761942,62.8401605267118,NA,99.2843092777584,-0.351465690300773,131.073062954793,3686033044482.13,0.782414580986262,3.2715729463592,London,-0.126236,51.5002,High income,Not classified,10.778162445216086,NA,58,2.2,20,7.195725498007969,3.1492015209125475,122.89302988047808,5.1433333333333335,198.34615384615384,2.4,21133.908333333333,15.550656370656371,-0.1644,NA,NA,NA,NA,NA,NA,NA,NA,NA,NA,NA,NA,NA,NA,60.92,0.357,NA,NA,NA,NA,NA,28.935571939998482,NA,NA,0,0,0,0,0,1,GBR_2024
GBR,2025,Europe & Central Asia,United Kingdom,GB,,2026-04-08,NA,NA,NA,NA,NA,NA,NA,NA,NA,London,-0.126236,51.5002,High income,Not classified,NA,NA,NA,NA,NA,7.1875432,3.0473946360153255,122.7202868,4.2125,115.9245283018868,2.025,21967.716666666667,18.926666666666666,0.4818875502008032,NA,NA,NA,NA,NA,NA,NA,NA,NA,NA,NA,NA,NA,NA,115,0.888,NA,NA,NA,NA,NA,NA,NA,NA,0,0,0,0,0,1,GBR_2025
DEU,2015,Europe & Central Asia,Germany,DE,,2026-04-08,41929.7549110722,77.7565815686922,NA,NA,1.82239938063641,NA,3425099578746.09,0.901296423367096,0.514426137125456,Berlin,13.4115,52.5235,High income,Not classified,10.643774844082685,NA,65.7,NA,20.5,6.282743426294821,5.365538461538462,108.16961726907631,0.1325,207.1153846153846,2.1,12074.325,16.674126984126985,1.4515139442231075,2338400603.8980002,20938864183.7,0.11167752860818228,2.2808303833007812,NA,NA,NA,NA,NA,NA,NA,NA,NA,NA,4.68,NA,NA,NA,NA,NA,NA,28.862151661306836,NA,NA,0,0,0,0,0,0,DEU_2015
DEU,2016,Europe & Central Asia,Germany,DE,,2026-04-08,42516.9337063103,76.0059902166055,NA,NA,1.64365840117303,NA,3536787895179,0.903421436257263,0.491747008445174,Berlin,13.4115,52.5235,High income,Not classified,10.657681235468633,NA,65.3,1.1,19.9,6.640016334661355,5.972480916030534,113.06646008064516,0.395,891.7692307692307,2.175,12892.066666666666,15.82563492063492,1.00324,2303469487.637,20987585004.153,0.1097539086646316,2.2808303833007812,NA,NA,NA,NA,NA,NA,NA,NA,NA,NA,6.91,0.477,NA,NA,NA,NA,NA,28.894240056918093,NA,NA,0,0,0,0,0,0,DEU_2016
DEU,2017,Europe & Central Asia,Germany,DE,,2026-04-08,43543.4807050551,77.4548394742448,NA,99.14118600163,2.88914588414184,NA,3765351626105.89,0.885205508269372,1.50949485109628,Berlin,13.4115,52.5235,High income,Not classified,10.681538239577607,NA,63.8,1.2,20.1,6.756870281124498,3.7646153846153845,112.81009919678715,1.0016666666666667,771.5192307692307,3.025,13621.366666666667,11.0902390438247,0.93028,2760946665.2469997,27382339921.338,0.10082946428897044,2.2808303833007812,NA,NA,NA,NA,NA,NA,NA,NA,NA,NA,9.71,0.405,NA,NA,NA,NA,NA,28.956862366207798,NA,NA,0,0,0,0,0,0,DEU_2017
DEU,2018,Europe & Central Asia,Germany,DE,,2026-04-08,43905.8550061973,79.1252260463654,NA,NA,4.00082875273687,NA,4055433215301.96,0.846772667108111,1.73216879766941,Berlin,13.4115,52.5235,High income,Not classified,10.6898257373559,NA,61.9,1.9,20.7,6.6090429718875505,3.626015325670498,112.00375403225806,1.8316666666666666,750.7115384615385,2.125,14141.441666666666,16.6398406374502,0.38417670682730926,3210039277.8849998,30501806026.163002,0.10524095770367106,2.2808303833007812,NA,NA,NA,NA,NA,NA,NA,NA,NA,NA,11.72,0.207,NA,NA,NA,NA,NA,29.03107863263609,NA,NA,0,0,0,0,0,0,DEU_2018
DEU,2019,Europe & Central Asia,Germany,DE,,2026-04-08,44235.2658954682,79.0732427175683,NA,NA,1.9056930139782,NA,3959894794039.21,0.893276257067409,1.44565976888253,Berlin,13.4115,52.5235,High income,Not classified,10.697300227016054,NA,60.9,2.1,20.6,6.908139357429719,4.075823754789272,115.73329798387097,2.158333333333333,258.5769230769231,3.375,14863.433333333332,15.387857142857143,0.1726,3170367670.709,27466489424.388,0.11542675227704828,2.2808303833007812,NA,NA,NA,NA,NA,NA,NA,NA,NA,NA,10.92,-0.068,NA,NA,NA,NA,NA,29.00723857368046,NA,NA,0,0,0,0,0,0,DEU_2019
DEU,2020,Europe & Central Asia,Germany,DE,,2026-04-08,42372.8726784255,72.9335327120137,NA,NA,4.48523547812751,NA,3941398957073.94,0.875506396987998,0.144877925813981,Berlin,13.4115,52.5235,High income,Not classified,10.654287240869888,NA,59,2.3,21.2,6.9041904,5.5483969465648855,117.7739632,0.37583333333333335,132821.28301886792,1.5749999999999995,17696.283333333333,29.251304347826085,0.5005577689243028,2651808173.603,24214122926.042,0.10951493810874365,2.2808303833007812,NA,NA,NA,NA,NA,NA,NA,NA,NA,NA,16.68,0.527,NA,NA,NA,NA,NA,29.00255684146509,NA,NA,0,0,0,1,0,0,DEU_2020
DEU,2021,Europe & Central Asia,Germany,DE,,2026-04-08,44011.0194631674,79.9195348609851,NA,99.9765938161833,2.93002168676674,NA,4355251953410.78,0.84549413889045,3.06666666666673,Berlin,13.4115,52.5235,High income,Not classified,10.692218045213812,NA,59.2,2.7,20.6,6.450814457831325,3.321717557251908,113.10509156626506,0.08,2171.269230769231,5.75,20538.24166666667,19.656150793650795,1.181394422310757,2796362134.528,28692071525.693,0.0974611446937155,2.2808303833007812,NA,NA,NA,NA,NA,NA,NA,NA,NA,NA,26.97,0.617,NA,NA,NA,NA,NA,29.10240357838544,NA,NA,0,0,0,0,0,0,DEU_2021
DEU,2022,Europe & Central Asia,Germany,DE,,2026-04-08,44817.1316331389,88.7857542130501,NA,NA,2.07605246190373,NA,4201021706478.62,0.949623753156941,6.87257438551096,Berlin,13.4115,52.5235,High income,Not classified,10.710368060478421,NA,58.4,2.8,19.8,6.7290124,4.403984674329502,120.6980116,1.6833333333333333,682.9807692307693,1.325,21607.55,25.6371484375,-0.035622489959839354,3096008360.443,34706813258.524,0.08920462784587747,NA,NA,NA,NA,NA,NA,NA,NA,NA,NA,NA,26.97,0,NA,NA,NA,NA,NA,29.066348875081644,NA,NA,0,0,0,0,1,0,DEU_2022
DEU,2023,Europe & Central Asia,Germany,DE,,2026-04-08,44368.9920074881,81.9625483787634,NA,NA,1.69740103499567,NA,4562207532490.28,0.924839558470698,5.94643667725823,Berlin,13.4115,52.5235,High income,Not classified,10.700318664239697,NA,58.9,2.3,19.7,7.080916064257028,4.205076923076923,120.26631887550201,5.024166666666667,343.90384615384613,3.375,20869.600000000002,16.849027237354086,-0.62396,2555643726.3250003,35216654283.873,0.07256918007385282,NA,NA,NA,NA,NA,NA,NA,NA,NA,NA,NA,44.87,0.664,NA,NA,NA,NA,NA,29.148827730314842,NA,NA,0,0,0,0,0,1,DEU_2023
DEU,2024,Europe & Central Asia,Germany,DE,,2026-04-08,44027.7631554469,79.0907305894936,NA,98.2983235670699,1.01586176558023,NA,4685592577804.69,0.923889546117607,2.2564981433876,Berlin,13.4115,52.5235,High income,Not classified,10.692598407404683,NA,58,2.2,20,7.195725498007969,3.1492015209125475,122.89302988047808,5.1433333333333335,198.34615384615384,2.4,21133.908333333333,15.550656370656371,-0.1644,NA,NA,NA,NA,NA,NA,NA,NA,NA,NA,NA,NA,NA,NA,60.92,0.357,NA,NA,NA,NA,NA,29.17551350767721,NA,NA,0,0,0,0,0,1,DEU_2024
DEU,2025,Europe & Central Asia,Germany,DE,,2026-04-08,NA,NA,NA,NA,NA,NA,NA,NA,NA,Berlin,13.4115,52.5235,High income,Not classified,NA,NA,NA,NA,NA,7.1875432,3.0473946360153255,122.7202868,4.2125,115.9245283018868,2.025,21967.716666666667,18.926666666666666,0.4818875502008032,NA,NA,NA,NA,NA,NA,NA,NA,NA,NA,NA,NA,NA,NA,115,0.888,NA,NA,NA,NA,NA,NA,NA,NA,0,0,0,0,0,1,DEU_2025
FRA,2015,Europe & Central Asia,France,FR,,2026-04-08,36702.4323733379,63.5046871956484,NA,NA,1.76596182973896,NA,2442483452642.5,0.901296423367096,0.0375143805125181,Paris,2.35097,48.8566,High income,Not classified,10.510625554828527,NA,65.7,NA,20.5,6.282743426294821,5.365538461538462,108.16961726907631,0.1325,207.1153846153846,2.1,12074.325,16.674126984126985,1.4515139442231075,851674595,7745767918,0.10995353901849245,2.2808303833007812,NA,NA,NA,NA,NA,NA,NA,NA,NA,NA,4.68,NA,NA,NA,NA,NA,NA,28.52403644607827,NA,NA,0,0,0,0,0,0,FRA_2015
FRA,2016,Europe & Central Asia,France,FR,,2026-04-08,36920.5342846914,63.3427564383351,NA,NA,1.44200321416196,NA,2470407619777.13,0.903421436257263,0.183334861123764,Paris,2.35097,48.8566,High income,Not classified,10.51655024476013,NA,65.3,1.1,19.9,6.640016334661355,5.972480916030534,113.06646008064516,0.395,891.7692307692307,2.175,12892.066666666666,15.82563492063492,1.00324,828429743,7465628360,0.11096584280013638,2.2808303833007812,NA,NA,NA,NA,NA,NA,NA,NA,NA,NA,6.91,0.477,NA,NA,NA,NA,NA,28.535404281203025,NA,NA,0,0,0,0,0,0,FRA_2016
FRA,2017,Europe & Central Asia,France,FR,,2026-04-08,37580.5979329356,65.3958481559711,NA,94.0040460235024,1.68928072199317,NA,2588868323334.71,0.885205508269372,1.03228275064681,Paris,2.35097,48.8566,High income,Not classified,10.534269792897309,NA,63.8,1.2,20.1,6.756870281124498,3.7646153846153845,112.81009919678715,1.0016666666666667,771.5192307692307,3.025,13621.366666666667,11.0902390438247,0.93028,785410929.366,7677594107.529,0.10229909505059535,2.2808303833007812,NA,NA,NA,NA,NA,NA,NA,NA,NA,NA,9.71,0.405,NA,NA,NA,NA,NA,28.582241955356526,NA,NA,0,0,0,0,0,0,FRA_2017
FRA,2018,Europe & Central Asia,France,FR,,2026-04-08,38062.4435961412,66.8022607812266,NA,NA,2.78594184568695,NA,2781576320884.39,0.846772667108111,1.85081508315492,Paris,2.35097,48.8566,High income,Not classified,10.547009614848186,NA,61.9,1.9,20.7,6.6090429718875505,3.626015325670498,112.00375403225806,1.8316666666666666,750.7115384615385,2.125,14141.441666666666,16.6398406374502,0.38417670682730926,723730256.102,7993267106.315001,0.09054248362727979,2.2808303833007812,NA,NA,NA,NA,NA,NA,NA,NA,NA,NA,11.72,0.207,NA,NA,NA,NA,NA,28.65403890483614,NA,NA,0,0,0,0,0,0,FRA_2018
FRA,2019,Europe & Central Asia,France,FR,,2026-04-08,38705.2072940618,66.4289771741449,NA,NA,1.96486943301562,NA,2722793515171.76,0.893276257067409,1.10825492288293,Paris,2.35097,48.8566,High income,Not classified,10.563755261351334,NA,60.9,2.1,20.6,6.908139357429719,4.075823754789272,115.73329798387097,2.158333333333333,258.5769230769231,3.375,14863.433333333332,15.387857142857143,0.1726,772533672.781,8024812197.353,0.096268131114124,2.2808303833007812,NA,NA,NA,NA,NA,NA,NA,NA,NA,NA,10.92,-0.068,NA,NA,NA,NA,NA,28.632679496841433,NA,NA,0,0,0,0,0,0,FRA_2019
FRA,2020,Europe & Central Asia,France,FR,,2026-04-08,35709.2045925926,58.8388907240647,NA,NA,0.731471704018579,NA,2647926055110.05,0.875506396987998,0.476498852725065,Paris,2.35097,48.8566,High income,Not classified,10.483191769852189,NA,59,2.3,21.2,6.9041904,5.5483969465648855,117.7739632,0.37583333333333335,132821.28301886792,1.5749999999999995,17696.283333333333,29.251304347826085,0.5005577689243028,672582936.767,7703832384.67,0.08730498058412918,2.2808303833007812,NA,NA,NA,NA,NA,NA,NA,NA,NA,NA,16.68,0.527,NA,NA,NA,NA,NA,28.6047978288064,NA,NA,0,0,0,1,0,0,FRA_2020
FRA,2021,Europe & Central Asia,France,FR,,2026-04-08,38030.8571685178,63.788482630872,NA,99.244295476517,3.30405312221271,NA,2966433692008.09,0.84549413889045,1.64233141038393,Paris,2.35097,48.8566,High income,Not classified,10.546179434032284,NA,59.2,2.7,20.6,6.450814457831325,3.321717557251908,113.10509156626506,0.08,2171.269230769231,5.75,20538.24166666667,19.656150793650795,1.181394422310757,528963290.889,8124865228.957,0.0651042541608907,2.2808303833007812,NA,NA,NA,NA,NA,NA,NA,NA,NA,NA,26.97,0.617,NA,NA,NA,NA,NA,28.718381570131378,NA,NA,0,0,0,0,0,0,FRA_2021
FRA,2022,Europe & Central Asia,France,FR,,2026-04-08,38868.3303330557,75.9630077981996,NA,NA,4.0180319137717,NA,2794788137066.94,0.949623753156941,5.22236748369725,Paris,2.35097,48.8566,High income,Not classified,10.567960795322652,NA,58.4,2.8,19.8,6.7290124,4.403984674329502,120.6980116,1.6833333333333333,682.9807692307693,1.325,21607.55,25.6371484375,-0.035622489959839354,749381859.072,9700733226.448,0.07725002240334694,NA,NA,NA,NA,NA,NA,NA,NA,NA,NA,NA,26.97,0,NA,NA,NA,NA,NA,28.658777418971336,NA,NA,0,0,0,0,1,0,FRA_2022
FRA,2023,Europe & Central Asia,France,FR,,2026-04-08,39319.4152227295,70.6261450610225,NA,NA,0.590645170561014,NA,3056250648138.29,0.924839558470698,4.8783572650844,Paris,2.35097,48.8566,High income,Not classified,10.579499134295109,NA,58.9,2.3,19.7,7.080916064257028,4.205076923076923,120.26631887550201,5.024166666666667,343.90384615384613,3.375,20869.600000000002,16.849027237354086,-0.62396,628799967.491,8559216156.033999,0.07346466732794385,NA,NA,NA,NA,NA,NA,NA,NA,NA,NA,NA,44.87,0.664,NA,NA,NA,NA,NA,28.748210002239688,NA,NA,0,0,0,0,0,1,FRA_2023
FRA,2024,Europe & Central Asia,France,FR,,2026-04-08,39683.3953489029,68.1081875443744,NA,99.1902372350206,1.64700185498585,NA,3160442622465.08,0.923889546117607,1.99904942291462,Paris,2.35097,48.8566,High income,Not classified,10.588713325145905,NA,58,2.2,20,7.195725498007969,3.1492015209125475,122.89302988047808,5.1433333333333335,198.34615384615384,2.4,21133.908333333333,15.550656370656371,-0.1644,NA,NA,NA,NA,NA,NA,NA,NA,NA,NA,NA,NA,NA,NA,60.92,0.357,NA,NA,NA,NA,NA,28.781733204119085,NA,NA,0,0,0,0,0,1,FRA_2024
FRA,2025,Europe & Central Asia,France,FR,,2026-04-08,NA,NA,NA,NA,NA,NA,NA,NA,NA,Paris,2.35097,48.8566,High income,Not classified,NA,NA,NA,NA,NA,7.1875432,3.0473946360153255,122.7202868,4.2125,115.9245283018868,2.025,21967.716666666667,18.926666666666666,0.4818875502008032,NA,NA,NA,NA,NA,NA,NA,NA,NA,NA,NA,NA,NA,NA,115,0.888,NA,NA,NA,NA,NA,NA,NA,NA,0,0,0,0,0,1,FRA_2025
JPN,2015,East Asia & Pacific,Japan,JP,,2026-04-08,34960.6393843385,35.4274083544798,NA,NA,0.11816198774824101,NA,4444930651964.18,121.044025684011,0.795279630579839,Tokyo,139.77,35.67,High income,Not classified,10.462006721814717,NA,65.7,NA,20.5,6.282743426294821,5.365538461538462,108.16961726907631,0.1325,207.1153846153846,2.1,12074.325,16.674126984126985,1.4515139442231075,2883118180,22418548202,0.1286041430525279,2.2808303833007812,NA,NA,NA,NA,NA,NA,NA,NA,NA,NA,4.68,NA,NA,NA,NA,NA,NA,29.12278538341505,NA,NA,0,0,0,0,0,0,JPN_2015
JPN,2016,East Asia & Pacific,Japan,JP,,2026-04-08,35242.199377148,31.3102468455884,NA,NA,0.818481615264516,NA,5003677627544.24,108.792900046834,-0.127258844489754,Tokyo,139.77,35.67,High income,Not classified,10.470027864156924,NA,65.3,1.1,19.9,6.640016334661355,5.972480916030534,113.06646008064516,0.395,891.7692307692307,2.175,12892.066666666666,15.82563492063492,1.00324,3658749505,22875506599,0.15994179141632395,2.2808303833007812,NA,NA,NA,NA,NA,NA,NA,NA,NA,NA,6.91,0.477,NA,NA,NA,NA,NA,29.241194283505376,NA,NA,0,0,0,0,0,0,JPN_2016
JPN,2017,East Asia & Pacific,Japan,JP,,2026-04-08,35861.9728545672,34.4232135721686,NA,98.2433920065994,0.381319638034272,NA,4930837369151.42,112.166141081871,0.484199796126385,Tokyo,139.77,35.67,High income,Not classified,10.487460645411959,NA,63.8,1.2,20.1,6.756870281124498,3.7646153846153845,112.81009919678715,1.0016666666666667,771.5192307692307,3.025,13621.366666666667,11.0902390438247,0.93028,3096998472.675,26455595538.11,0.1170640240630263,2.2808303833007812,NA,NA,NA,NA,NA,NA,NA,NA,NA,NA,9.71,0.405,NA,NA,NA,NA,NA,29.226529941315025,NA,NA,0,0,0,0,0,0,JPN_2017
JPN,2018,East Asia & Pacific,Japan,JP,,2026-04-08,36138.5290824814,36.609931802107,NA,NA,0.501685482403774,NA,5040880939324.86,110.42317934106,0.989094598021848,Tokyo,139.77,35.67,High income,Not classified,10.495142533692796,NA,61.9,1.9,20.7,6.6090429718875505,3.626015325670498,112.00375403225806,1.8316666666666666,750.7115384615385,2.125,14141.441666666666,16.6398406374502,0.38417670682730926,3226952958.058,27568182195.515,0.1170535269671493,2.2808303833007812,NA,NA,NA,NA,NA,NA,NA,NA,NA,NA,11.72,0.207,NA,NA,NA,NA,NA,29.248601972286693,NA,NA,0,0,0,0,0,0,JPN_2018
JPN,2019,East Asia & Pacific,Japan,JP,,2026-04-08,36043.7844013518,35.2164181084145,NA,NA,0.780785313301259,NA,5117993853016.51,109.009665900863,0.46877615938395,Tokyo,139.77,35.67,High income,Not classified,10.492517455446169,NA,60.9,2.1,20.6,6.908139357429719,4.075823754789272,115.73329798387097,2.158333333333333,258.5769230769231,3.375,14863.433333333332,15.387857142857143,0.1726,3276426203.866,26480874194.695,0.12372802271468732,2.2808303833007812,NA,NA,NA,NA,NA,NA,NA,NA,NA,NA,10.92,-0.068,NA,NA,NA,NA,NA,29.263783652613746,NA,NA,0,0,0,0,0,0,JPN_2019
JPN,2020,East Asia & Pacific,Japan,JP,,2026-04-08,34642.9718743239,31.335208636773,NA,NA,1.23830386396694,NA,5054068005376.28,106.774582262437,-0.024995834027731,Tokyo,139.77,35.67,High income,Not classified,10.452879017602202,NA,59,2.3,21.2,6.9041904,5.5483969465648855,117.7739632,0.37583333333333335,132821.28301886792,1.5749999999999995,17696.283333333333,29.251304347826085,0.5005577689243028,2746715931.598,25345867908.152,0.1083693776654842,2.2808303833007812,NA,NA,NA,NA,NA,NA,NA,NA,NA,NA,16.68,0.527,NA,NA,NA,NA,NA,29.251214580557342,NA,NA,0,0,0,1,0,0,JPN_2020
JPN,2021,East Asia & Pacific,Japan,JP,,2026-04-08,35741.1601062924,36.7384462280698,NA,98.4894200399726,0.695100892094565,NA,5039148168861.22,109.754323839417,-0.233352779398264,Tokyo,139.77,35.67,High income,Not classified,10.484086226346804,NA,59.2,2.7,20.6,6.450814457831325,3.321717557251908,113.10509156626506,0.08,2171.269230769231,5.75,20538.24166666667,19.656150793650795,1.181394422310757,2975965019.7400002,32430685942.899,0.09176386293462337,2.2808303833007812,NA,NA,NA,NA,NA,NA,NA,NA,NA,NA,26.97,0.617,NA,NA,NA,NA,NA,29.24825816961269,NA,NA,0,0,0,0,0,0,JPN_2021
JPN,2022,East Asia & Pacific,Japan,JP,,2026-04-08,36238.3294895302,46.8129868368938,NA,NA,1.12971840820326,NA,4262463317796.53,131.498140443764,2.49770278172255,Tokyo,139.77,35.67,High income,Not classified,10.497900258041222,NA,58.4,2.8,19.8,6.7290124,4.403984674329502,120.6980116,1.6833333333333333,682.9807692307693,1.325,21607.55,25.6371484375,-0.035622489959839354,2986479370.846,38762150040.4,0.07704627756028318,NA,NA,NA,NA,NA,NA,NA,NA,NA,NA,NA,26.97,0,NA,NA,NA,NA,NA,29.080868352705853,NA,NA,0,0,0,0,1,0,JPN_2022
JPN,2023,East Asia & Pacific,Japan,JP,,2026-04-08,36952.5150709861,45.1508795641248,NA,NA,0.474278368651713,NA,4213167237905.83,140.49110006234,3.26813365933163,Tokyo,139.77,35.67,High income,Not classified,10.517416052324968,NA,58.9,2.3,19.7,7.080916064257028,4.205076923076923,120.26631887550201,5.024166666666667,343.90384615384613,3.375,20869.600000000002,16.849027237354086,-0.62396,2619544398.268,34971358287.667,0.07490542336732196,NA,NA,NA,NA,NA,NA,NA,NA,NA,NA,NA,44.87,0.664,NA,NA,NA,NA,NA,29.069235793819235,NA,NA,0,0,0,0,0,1,JPN_2023
JPN,2024,East Asia & Pacific,Japan,JP,,2026-04-08,37152.5636003552,46.4069516150859,NA,98.5235592091779,0.401239653950032,NA,4027597523550.58,151.366291302752,2.73853681635241,Tokyo,139.77,35.67,High income,Not classified,10.522814970184871,NA,58,2.2,20,7.195725498007969,3.1492015209125475,122.89302988047808,5.1433333333333335,198.34615384615384,2.4,21133.908333333333,15.550656370656371,-0.1644,NA,NA,NA,NA,NA,NA,NA,NA,NA,NA,NA,NA,NA,NA,60.92,0.357,NA,NA,NA,NA,NA,29.024191166118175,NA,NA,0,0,0,0,0,1,JPN_2024
JPN,2025,East Asia & Pacific,Japan,JP,,2026-04-08,NA,NA,NA,NA,NA,NA,NA,NA,NA,Tokyo,139.77,35.67,High income,Not classified,NA,NA,NA,NA,NA,7.1875432,3.0473946360153255,122.7202868,4.2125,115.9245283018868,2.025,21967.716666666667,18.926666666666666,0.4818875502008032,NA,NA,NA,NA,NA,NA,NA,NA,NA,NA,NA,NA,NA,NA,115,0.888,NA,NA,NA,NA,NA,NA,NA,NA,0,0,0,0,0,1,JPN_2025
CAN,2015,North America,Canada,CA,,2026-04-08,43594.1941045394,66.1649020669781,NA,NA,3.85389453706152,55.9915837788793,1556508816217.14,1.27878620362554,1.12524136094277,Ottawa,-75.6919,45.4215,High income,Not classified,10.682702196301582,NA,65.7,NA,20.5,6.282743426294821,5.365538461538462,108.16961726907631,0.1325,207.1153846153846,2.1,12074.325,16.674126984126985,1.4515139442231075,1501717267.283,4970318675.689,0.3021370188250208,2.2808303833007812,NA,NA,NA,NA,NA,NA,NA,NA,NA,NA,4.68,NA,NA,NA,NA,NA,NA,28.0734664909419,NA,NA,0,0,0,0,0,0,CAN_2015
CAN,2016,North America,Canada,CA,,2026-04-08,43551.3425975115,65.3636845215556,NA,NA,2.23835012140903,56.0236243991088,1527994741907.43,1.32561516374819,1.42875954701085,Ottawa,-75.6919,45.4215,High income,Not classified,10.6817187718216,NA,65.3,1.1,19.9,6.640016334661355,5.972480916030534,113.06646008064516,0.395,891.7692307692307,2.175,12892.066666666666,15.82563492063492,1.00324,1391571387.766,4725743389.6,0.2944661343289286,2.2808303833007812,NA,NA,NA,NA,NA,NA,NA,NA,NA,NA,6.91,0.477,NA,NA,NA,NA,NA,28.05497736550755,NA,NA,0,0,0,0,0,0,CAN_2016
CAN,2017,North America,Canada,CA,,2026-04-08,44339.3886689254,65.1010608504649,NA,99.7268801898825,1.53752071953934,54.4625651849142,1649265644244.09,1.29793584646039,1.59688412852976,Ottawa,-75.6919,45.4215,High income,Not classified,10.699651248781983,NA,63.8,1.2,20.1,6.756870281124498,3.7646153846153845,112.81009919678715,1.0016666666666667,771.5192307692307,3.025,13621.366666666667,11.0902390438247,0.93028,1445462542.4750001,5252349336.048,0.27520304724487393,2.2808303833007812,NA,NA,NA,NA,NA,NA,NA,NA,NA,NA,9.71,0.405,NA,NA,NA,NA,NA,28.131351240676732,NA,NA,0,0,0,0,0,0,CAN_2017
CAN,2018,North America,Canada,CA,,2026-04-08,44907.3436912123,66.5998858508762,NA,NA,2.46931207254863,53.1515356456582,1725329192783.02,1.29581792813533,2.26822567248103,Ottawa,-75.6919,45.4215,High income,Not classified,10.71237888477848,NA,61.9,1.9,20.7,6.6090429718875505,3.626015325670498,112.00375403225806,1.8316666666666666,750.7115384615385,2.125,14141.441666666666,16.6398406374502,0.38417670682730926,1762455684.891,5689658329.567,0.3097647666701153,2.2808303833007812,NA,NA,NA,NA,NA,NA,NA,NA,NA,NA,11.72,0.207,NA,NA,NA,NA,NA,28.176438984601457,NA,NA,0,0,0,0,0,0,CAN_2018
CAN,2019,North America,Canada,CA,,2026-04-08,45100.2915069262,66.1714852804959,NA,NA,2.80676687017653,53.3623246913959,1743725183672.52,1.32679336266012,1.94926902411592,Ottawa,-75.6919,45.4215,High income,Not classified,10.716666161597963,NA,60.9,2.1,20.6,6.908139357429719,4.075823754789272,115.73329798387097,2.158333333333333,258.5769230769231,3.375,14863.433333333332,15.387857142857143,0.1726,1475896630.992,5302343609.655,0.27834797961877655,2.2808303833007812,NA,NA,NA,NA,NA,NA,NA,NA,NA,NA,10.92,-0.068,NA,NA,NA,NA,NA,28.18704485082974,NA,NA,0,0,0,0,0,0,CAN_2019
CAN,2020,North America,Canada,CA,,2026-04-08,42366.1285377884,61.1567709632763,NA,NA,1.75897085668576,74.5544073791525,1655684730000.19,1.34115267222386,0.716999632307827,Ottawa,-75.6919,45.4215,High income,Not classified,10.65412807020741,NA,59,2.3,21.2,6.9041904,5.5483969465648855,117.7739632,0.37583333333333335,132821.28301886792,1.5749999999999995,17696.283333333333,29.251304347826085,0.5005577689243028,1352324333.743,4976684887.102,0.27173195900905817,2.2808303833007812,NA,NA,NA,NA,NA,NA,NA,NA,NA,NA,16.68,0.527,NA,NA,NA,NA,NA,28.135235773332898,NA,NA,0,0,0,1,0,0,CAN_2020
CAN,2021,North America,Canada,CA,,2026-04-08,44639.193269037,62.2468367159421,NA,99.6346150066946,2.97618288160973,68.7795713723483,2022378748423.23,1.25387690212679,3.39519318527527,Ottawa,-75.6919,45.4215,High income,Not classified,10.706389926549337,NA,59.2,2.7,20.6,6.450814457831325,3.321717557251908,113.10509156626506,0.08,2171.269230769231,5.75,20538.24166666667,19.656150793650795,1.181394422310757,1214525090.96,6040269748.508,0.20107133315693365,2.2808303833007812,NA,NA,NA,NA,NA,NA,NA,NA,NA,NA,26.97,0.617,NA,NA,NA,NA,NA,28.335295532746542,NA,NA,0,0,0,0,0,0,CAN_2021
CAN,2022,North America,Canada,CA,,2026-04-08,45677.686578804,67.3176215563989,NA,NA,2.31755804932899,59.704132672031,2190411080134.32,1.30155477474355,6.80280115341612,Ottawa,-75.6919,45.4215,High income,Not classified,10.729387091263375,NA,58.4,2.8,19.8,6.7290124,4.403984674329502,120.6980116,1.6833333333333333,682.9807692307693,1.325,21607.55,25.6371484375,-0.035622489959839354,1182571865.2549999,6905240539.706,0.1712571572930824,NA,NA,NA,NA,NA,NA,NA,NA,NA,NA,NA,26.97,0,NA,NA,NA,NA,NA,28.415110349966394,NA,NA,0,0,0,0,1,0,CAN_2022
CAN,2023,North America,Canada,CA,,2026-04-08,45048.2842408265,66.6323313370668,NA,NA,2.01979850018061,61.1023208728582,2173339670064.33,1.3499086407939,3.87900159788425,Ottawa,-75.6919,45.4215,High income,Not classified,10.715512374804307,NA,58.9,2.3,19.7,7.080916064257028,4.205076923076923,120.26631887550201,5.024166666666667,343.90384615384613,3.375,20869.600000000002,16.849027237354086,-0.62396,1192381727.635,5716683831.246,0.2085792677771914,NA,NA,NA,NA,NA,NA,NA,NA,NA,NA,NA,44.87,0.664,NA,NA,NA,NA,NA,28.40728611886898,NA,NA,0,0,0,0,0,1,CAN_2023
CAN,2024,North America,Canada,CA,,2026-04-08,44413.3983847404,65.1499212653783,NA,98.4047126063262,2.81029565355294,64.8871578917218,2243636826633.76,1.36935976604091,2.38158383281173,Ottawa,-75.6919,45.4215,High income,Not classified,10.701318983794948,NA,58,2.2,20,7.195725498007969,3.1492015209125475,122.89302988047808,5.1433333333333335,198.34615384615384,2.4,21133.908333333333,15.550656370656371,-0.1644,NA,NA,NA,NA,NA,NA,NA,NA,NA,NA,NA,NA,NA,NA,60.92,0.357,NA,NA,NA,NA,NA,28.439119248528055,NA,NA,0,0,0,0,0,1,CAN_2024
CAN,2025,North America,Canada,CA,,2026-04-08,NA,NA,NA,NA,NA,NA,NA,NA,NA,Ottawa,-75.6919,45.4215,High income,Not classified,NA,NA,NA,NA,NA,7.1875432,3.0473946360153255,122.7202868,4.2125,115.9245283018868,2.025,21967.716666666667,18.926666666666666,0.4818875502008032,NA,NA,NA,NA,NA,NA,NA,NA,NA,NA,NA,NA,NA,NA,115,0.888,NA,NA,NA,NA,NA,NA,NA,NA,0,0,0,0,0,1,CAN_2025
AUS,2015,East Asia & Pacific,Australia,AU,,2026-04-08,56970.3613028094,41.4947506939901,NA,NA,3.456117831131,46.293292747612,1356805839935.9,1.33109026245502,1.50836803138463,Canberra,149.129,-35.282,High income,Not classified,10.950303987270745,NA,65.7,NA,20.5,6.282743426294821,5.365538461538462,108.16961726907631,0.1325,207.1153846153846,2.1,12074.325,16.674126984126985,1.4515139442231075,410254820,2083902592,0.19686852042650563,2.0290579795837402,NA,NA,NA,NA,NA,NA,NA,NA,NA,NA,4.68,NA,NA,NA,NA,NA,NA,27.936154406173564,NA,NA,0,0,0,0,0,0,AUS_2015
AUS,2016,East Asia & Pacific,Australia,AU,,2026-04-08,57632.9995925594,40.813402217321,NA,NA,3.54660341826144,54.463570652249,1211588128417.61,1.34521397601947,1.27699365720306,Canberra,149.129,-35.282,High income,Not classified,10.96186794324691,NA,65.3,1.1,19.9,6.640016334661355,5.972480916030534,113.06646008064516,0.395,891.7692307692307,2.175,12892.066666666666,15.82563492063492,1.00324,329349606,1874482670,0.1757016009115731,2.2808303833007812,NA,NA,NA,NA,NA,NA,NA,NA,NA,NA,6.91,0.477,NA,NA,NA,NA,NA,27.822953117783587,NA,NA,0,0,0,0,0,0,AUS_2016
AUS,2017,East Asia & Pacific,Australia,AU,,2026-04-08,57991.771347333,42.0354135251854,NA,99.5193731088495,3.62158795648508,53.1037976577229,1330890554614.09,1.30475807671592,1.94864309065653,Canberra,149.129,-35.282,High income,Not classified,10.968073649818816,NA,63.8,1.2,20.1,6.756870281124498,3.7646153846153845,112.81009919678715,1.0016666666666667,771.5192307692307,3.025,13621.366666666667,11.0902390438247,0.93028,390346757.625,2190121149.794,0.17823066895715586,2.2808303833007812,NA,NA,NA,NA,NA,NA,NA,NA,NA,NA,9.71,0.405,NA,NA,NA,NA,NA,27.916869424023048,NA,NA,0,0,0,0,0,0,AUS_2017
AUS,2018,East Asia & Pacific,Australia,AU,,2026-04-08,58772.7063152213,43.5732253645218,NA,NA,4.23450805251819,54.3001380799371,1433144978761.67,1.33841214646451,1.91140002818579,Canberra,149.129,-35.282,High income,Not classified,10.981449862365881,NA,61.9,1.9,20.7,6.6090429718875505,3.626015325670498,112.00375403225806,1.8316666666666666,750.7115384615385,2.125,14141.441666666666,16.6398406374502,0.38417670682730926,452343383.912,2767742121.575,0.16343407876980653,2.2808303833007812,NA,NA,NA,NA,NA,NA,NA,NA,NA,NA,11.72,0.207,NA,NA,NA,NA,NA,27.990892431159303,NA,NA,0,0,0,0,0,0,AUS_2018
AUS,2019,East Asia & Pacific,Australia,AU,,2026-04-08,59181.2997904131,46.0016827052171,NA,NA,2.77077560426989,59.9837867004913,1398349602956.35,1.43850654421382,1.610770929127,Canberra,149.129,-35.282,High income,Not classified,10.988377786138862,NA,60.9,2.1,20.6,6.908139357429719,4.075823754789272,115.73329798387097,2.158333333333333,258.5769230769231,3.375,14863.433333333332,15.387857142857143,0.1726,359298106.656,2697156045.051,0.13321368903192476,2.2808303833007812,NA,NA,NA,NA,NA,NA,NA,NA,NA,NA,10.92,-0.068,NA,NA,NA,NA,NA,27.96631380212314,NA,NA,0,0,0,0,0,0,AUS_2019
AUS,2020,East Asia & Pacific,Australia,AU,,2026-04-08,58377.7670517802,44.499564103879,NA,NA,1.34826011276187,69.0656538994855,1333336461648.09,1.45308511847016,0.846900734607273,Canberra,149.129,-35.282,High income,Not classified,10.97470752482538,NA,59,2.3,21.2,6.9041904,5.5483969465648855,117.7739632,0.37583333333333335,132821.28301886792,1.5749999999999995,17696.283333333333,29.251304347826085,0.5005577689243028,332339106.025,2604415579.864,0.1276060197898042,2.2808303833007812,NA,NA,NA,NA,NA,NA,NA,NA,NA,NA,16.68,0.527,NA,NA,NA,NA,NA,27.918705534614393,NA,NA,0,0,0,1,0,0,AUS_2020
AUS,2021,East Asia & Pacific,Australia,AU,,2026-04-08,59465.535671364,40.2022359390595,NA,99.323149822978,2.01542405903096,69.836773674895,1560617493202.69,1.33122425957081,2.86391284709318,Canberra,149.129,-35.282,High income,Not classified,10.993169007621702,NA,59.2,2.7,20.6,6.450814457831325,3.321717557251908,113.10509156626506,0.08,2171.269230769231,5.75,20538.24166666667,19.656150793650795,1.181394422310757,285530797.115,3200037021.553,0.08922734180632384,2.2808303833007812,NA,NA,NA,NA,NA,NA,NA,NA,NA,NA,26.97,0.617,NA,NA,NA,NA,NA,28.076102687847097,NA,NA,0,0,0,0,0,0,AUS_2021
AUS,2022,East Asia & Pacific,Australia,AU,,2026-04-08,61200.4588964781,45.6946418805752,NA,NA,4.05215286724898,57.8834285733848,1695627535475.8,1.44166445896522,6.59409658717841,Canberra,149.129,-35.282,High income,Not classified,11.02192630639404,NA,58.4,2.8,19.8,6.7290124,4.403984674329502,120.6980116,1.6833333333333333,682.9807692307693,1.325,21607.55,25.6371484375,-0.035622489959839354,356163873.597,3352153592.4900002,0.10624927043764701,NA,NA,NA,NA,NA,NA,NA,NA,NA,NA,NA,26.97,0,NA,NA,NA,NA,NA,28.15907401566364,NA,NA,0,0,0,0,1,0,AUS_2022
AUS,2023,East Asia & Pacific,Australia,AU,,2026-04-08,61869.082498576,49.044339318428,NA,NA,2.03614704389564,NA,1734451264655.6,1.50519106560509,5.59701792296707,Canberra,149.129,-35.282,High income,Not classified,11.032792021942216,NA,58.9,2.3,19.7,7.080916064257028,4.205076923076923,120.26631887550201,5.024166666666667,343.90384615384613,3.375,20869.600000000002,16.849027237354086,-0.62396,498544015.241,3002573833.146,0.16603888628398578,NA,NA,NA,NA,NA,NA,NA,NA,NA,NA,NA,44.87,0.664,NA,NA,NA,NA,NA,28.181712205329067,NA,NA,0,0,0,0,0,1,AUS_2023
AUS,2024,East Asia & Pacific,Australia,AU,,2026-04-08,61480.670710531,47.1453811065195,NA,98.0103778290099,3.03883928325354,NA,1757022451652.83,1.51535803855596,3.16656665428797,Canberra,149.129,-35.282,High income,Not classified,11.02649437214555,NA,58,2.2,20,7.195725498007969,3.1492015209125475,122.89302988047808,5.1433333333333335,198.34615384615384,2.4,21133.908333333333,15.550656370656371,-0.1644,NA,NA,NA,NA,NA,NA,NA,NA,NA,NA,NA,NA,NA,NA,60.92,0.357,NA,NA,NA,NA,NA,28.194641703454728,NA,NA,0,0,0,0,0,1,AUS_2024
AUS,2025,East Asia & Pacific,Australia,AU,,2026-04-08,NA,NA,NA,NA,NA,NA,NA,NA,NA,Canberra,149.129,-35.282,High income,Not classified,NA,NA,NA,NA,NA,7.1875432,3.0473946360153255,122.7202868,4.2125,115.9245283018868,2.025,21967.716666666667,18.926666666666666,0.4818875502008032,NA,NA,NA,NA,NA,NA,NA,NA,NA,NA,NA,NA,NA,NA,115,0.888,NA,NA,NA,NA,NA,NA,NA,NA,0,0,0,0,0,1,AUS_2025
KOR,2015,East Asia & Pacific,"Korea, Rep.",KR,,2026-04-08,30171.7906545222,75.3881774564907,NA,NA,0.266636382581676,35.7105611200011,1539212301135.55,1130.9525,0.70633177245575,Seoul,126.957,37.5323,High income,Not classified,10.31469582553944,NA,65.7,NA,20.5,6.282743426294821,5.365538461538462,108.16961726907631,0.1325,207.1153846153846,2.1,12074.325,16.674126984126985,1.4515139442231075,3928451682,34924333161,0.1124846583008463,1.0840957164764404,NA,NA,NA,NA,NA,NA,NA,NA,NA,NA,4.68,NA,NA,NA,NA,NA,NA,28.06229190872856,NA,NA,0,0,0,0,0,0,KOR_2015
KOR,2016,East Asia & Pacific,"Korea, Rep.",KR,,2026-04-08,31005.4072876388,69.8997221316919,NA,NA,0.766507046338007,36.1498684786294,1579150518945.44,1160.7675,0.971685739912168,Seoul,126.957,37.5323,High income,Not classified,10.341949148808556,NA,65.3,1.1,19.9,6.640016334661355,5.972480916030534,113.06646008064516,0.395,891.7692307692307,2.175,12892.066666666666,15.82563492063492,1.00324,3671758794,33656876241,0.10909386740790732,2.2808303833007812,NA,NA,NA,NA,NA,NA,NA,NA,NA,NA,6.91,0.477,NA,NA,NA,NA,NA,28.08790817214743,NA,NA,0,0,0,0,0,0,KOR_2016
KOR,2017,East Asia & Pacific,"Korea, Rep.",KR,,2026-04-08,31979.9027302467,73.1921408264016,NA,94.8510126919781,1.04741749331971,35.4459831845843,1710196756713.17,1131.00083333333,1.94433230786366,Seoul,126.957,37.5323,High income,Not classified,10.37289421395223,NA,63.8,1.2,20.1,6.756870281124498,3.7646153846153845,112.81009919678715,1.0016666666666667,771.5192307692307,3.025,13621.366666666667,11.0902390438247,0.93028,3965142815,38209860630,0.10377276309369256,2.2808303833007812,NA,NA,NA,NA,NA,NA,NA,NA,NA,NA,9.71,0.405,NA,NA,NA,NA,NA,28.167629542229893,NA,NA,0,0,0,0,0,0,KOR_2017
KOR,2018,East Asia & Pacific,"Korea, Rep.",KR,,2026-04-08,32852.8887488942,74.7075162140824,NA,NA,0.66781363782051,35.5200546750178,1824251454306.83,1100.16333333333,1.47583935002645,Seoul,126.957,37.5323,High income,Not classified,10.399825395868293,NA,61.9,1.9,20.7,6.6090429718875505,3.626015325670498,112.00375403225806,1.8316666666666666,750.7115384615385,2.125,14141.441666666666,16.6398406374502,0.38417670682730926,3761895159,41337278896,0.09100490548651037,2.2808303833007812,NA,NA,NA,NA,NA,NA,NA,NA,NA,NA,11.72,0.207,NA,NA,NA,NA,NA,28.232190856800447,NA,NA,0,0,0,0,0,0,KOR_2018
KOR,2019,East Asia & Pacific,"Korea, Rep.",KR,,2026-04-08,33496.3113815643,71.4470632403511,NA,NA,0.550202642546341,37.6954834097738,1751045752054.63,1165.3575,0.383000303608136,Seoul,126.957,37.5323,High income,Not classified,10.419220457325634,NA,60.9,2.1,20.6,6.908139357429719,4.075823754789272,115.73329798387097,2.158333333333333,258.5769230769231,3.375,14863.433333333332,15.387857142857143,0.1726,3736586965,43900832031,0.08511426303632373,2.2808303833007812,NA,NA,NA,NA,NA,NA,NA,NA,NA,NA,10.92,-0.068,NA,NA,NA,NA,NA,28.191234297991777,NA,NA,0,0,0,0,0,0,KOR_2019
KOR,2020,East Asia & Pacific,"Korea, Rep.",KR,,2026-04-08,33215.9298928108,65.544957860621,NA,NA,0.502554290313687,43.775799174588,1744070276373.34,1180.26583333333,0.537288023411737,Seoul,126.957,37.5323,High income,Not classified,10.410814961461577,NA,59,2.3,21.2,6.9041904,5.5483969465648855,117.7739632,0.37583333333333335,132821.28301886792,1.5749999999999995,17696.283333333333,29.251304347826085,0.5005577689243028,3361022552,47575595713,0.0706459373052391,2.2808303833007812,NA,NA,NA,NA,NA,NA,NA,NA,NA,NA,16.68,0.527,NA,NA,NA,NA,NA,28.187242736689676,NA,NA,0,0,0,1,0,0,KOR_2020
KOR,2021,East Asia & Pacific,"Korea, Rep.",KR,,2026-04-08,34792.9397214598,75.3063047610912,NA,98.6713470938187,1.13577953855347,45.8328934501884,1942313560965.9,1143.95166666667,2.49833333333339,Seoul,126.957,37.5323,High income,Not classified,10.457198504662339,NA,59.2,2.7,20.6,6.450814457831325,3.321717557251908,113.10509156626506,0.08,2171.269230769231,5.75,20538.24166666667,19.656150793650795,1.181394422310757,3484404651,58322156020,0.05974409879163449,2.2808303833007812,NA,NA,NA,NA,NA,NA,NA,NA,NA,NA,26.97,0.617,NA,NA,NA,NA,NA,28.294900935671723,NA,NA,0,0,0,0,0,0,KOR_2021
KOR,2022,East Asia & Pacific,"Korea, Rep.",KR,,2026-04-08,35809.0138105144,90.5851475278549,NA,NA,1.39186469730544,47.6110651856141,1799363116866.52,1291.44666666667,5.08951365062842,Seoul,126.957,37.5323,High income,Not classified,10.485982848653236,NA,58.4,2.8,19.8,6.7290124,4.403984674329502,120.6980116,1.6833333333333333,682.9807692307693,1.325,21607.55,25.6371484375,-0.035622489959839354,2834782267,71342518366,0.0397348219817116,NA,NA,NA,NA,NA,NA,NA,NA,NA,NA,NA,26.97,0,NA,NA,NA,NA,NA,28.21845389425771,NA,NA,0,0,0,0,1,0,KOR_2022
KOR,2023,East Asia & Pacific,"Korea, Rep.",KR,,2026-04-08,36347.7036392553,82.2580090716629,NA,NA,1.00819007911736,48.5543799702909,1844800934391.54,1305.6625,3.5974562502901,Seoul,126.957,37.5323,High income,Not classified,10.500913819031501,NA,58.9,2.3,19.7,7.080916064257028,4.205076923076923,120.26631887550201,5.024166666666667,343.90384615384613,3.375,20869.600000000002,16.849027237354086,-0.62396,2919862545,58872024708,0.0495967746902244,NA,NA,NA,NA,NA,NA,NA,NA,NA,NA,NA,44.87,0.664,NA,NA,NA,NA,NA,28.243392492961803,NA,NA,0,0,0,0,0,1,KOR_2023
KOR,2024,East Asia & Pacific,"Korea, Rep.",KR,,2026-04-08,37048.4264001496,84.6424951192038,NA,96.8949448884961,0.685857996519477,NA,1875388209406.8,1363.375,2.32174328643542,Seoul,126.957,37.5323,High income,Not classified,10.520008148827051,NA,58,2.2,20,7.195725498007969,3.1492015209125475,122.89302988047808,5.1433333333333335,198.34615384615384,2.4,21133.908333333333,15.550656370656371,-0.1644,NA,NA,NA,NA,NA,NA,NA,NA,NA,NA,NA,NA,NA,NA,60.92,0.357,NA,NA,NA,NA,NA,28.259836798937553,NA,NA,0,0,0,0,0,1,KOR_2024
KOR,2025,East Asia & Pacific,"Korea, Rep.",KR,,2026-04-08,NA,NA,NA,NA,NA,NA,NA,NA,NA,Seoul,126.957,37.5323,High income,Not classified,NA,NA,NA,NA,NA,7.1875432,3.0473946360153255,122.7202868,4.2125,115.9245283018868,2.025,21967.716666666667,18.926666666666666,0.4818875502008032,NA,NA,NA,NA,NA,NA,NA,NA,NA,NA,NA,NA,NA,NA,115,0.888,NA,NA,NA,NA,NA,NA,NA,NA,0,0,0,0,0,1,KOR_2025
CHE,2015,Europe & Central Asia,Switzerland,CH,,2026-04-08,83806.4476003837,117.138482218872,NA,NA,17.3922014905275,20.4392949592688,694118186379.628,0.962381328004354,-1.14390867228178,Bern,7.44821,46.948,High income,Not classified,11.33627715603409,NA,65.7,NA,20.5,6.282743426294821,5.365538461538462,108.16961726907631,0.1325,207.1153846153846,2.1,12074.325,16.674126984126985,1.4515139442231075,244277329.665,1764349960.93,0.13845174431054474,2.2808303833007812,NA,NA,NA,NA,NA,NA,NA,NA,NA,NA,4.68,NA,NA,NA,NA,NA,NA,27.26590808033269,NA,NA,0,0,0,0,0,0,CHE_2015
CHE,2016,Europe & Central Asia,Switzerland,CH,,2026-04-08,84611.0998672721,123.565924513577,NA,NA,24.8364271188431,19.3809926558719,687895460902.713,0.985394394244834,-0.434618664285814,Bern,7.44821,46.948,High income,Not classified,11.345832559803135,NA,65.3,1.1,19.9,6.640016334661355,5.972480916030534,113.06646008064516,0.395,891.7692307692307,2.175,12892.066666666666,15.82563492063492,1.00324,142203769.073,1550740360.786,0.09170056617403274,2.2808303833007812,NA,NA,NA,NA,NA,NA,NA,NA,NA,NA,6.91,0.477,NA,NA,NA,NA,NA,27.256902716973855,NA,NA,0,0,0,0,0,0,CHE_2016
CHE,2017,Europe & Central Asia,Switzerland,CH,,2026-04-08,84967.5886498224,123.621807602301,NA,98.4296664856118,21.1132101645126,20.2844118326667,695200833086.499,0.984691666666666,0.533787839825876,Bern,7.44821,46.948,High income,Not classified,11.350036921877557,NA,63.8,1.2,20.1,6.756870281124498,3.7646153846153845,112.81009919678715,1.0016666666666667,771.5192307692307,3.025,13621.366666666667,11.0902390438247,0.93028,105014702.856,1707109003.155,0.061516108615159715,2.2808303833007812,NA,NA,NA,NA,NA,NA,NA,NA,NA,NA,9.71,0.405,NA,NA,NA,NA,NA,27.26746660923908,NA,NA,0,0,0,0,0,0,CHE_2017
CHE,2018,Europe & Central Asia,Switzerland,CH,,2026-04-08,86756.6022327472,124.428504325808,NA,NA,-22.2992307115934,18.678118566674,725568717468.001,0.977891666666666,0.936335464113572,Bern,7.44821,46.948,High income,Not classified,11.370873327776373,NA,61.9,1.9,20.7,6.6090429718875505,3.626015325670498,112.00375403225806,1.8316666666666666,750.7115384615385,2.125,14141.441666666666,16.6398406374502,0.38417670682730926,139243440.90199998,1923566643.335,0.07238815529707121,2.2808303833007812,NA,NA,NA,NA,NA,NA,NA,NA,NA,NA,11.72,0.207,NA,NA,NA,NA,NA,27.31022162217877,NA,NA,0,0,0,0,0,0,CHE_2018
CHE,2019,Europe & Central Asia,Switzerland,CH,,2026-04-08,87123.6604234257,124.127612180467,NA,NA,3.09898460757035,18.9542598066682,721369112726.724,0.993709166666666,0.362886179940674,Bern,7.44821,46.948,High income,Not classified,11.375095250476184,NA,60.9,2.1,20.6,6.908139357429719,4.075823754789272,115.73329798387097,2.158333333333333,258.5769230769231,3.375,14863.433333333332,15.387857142857143,0.1726,151127922.94099998,1910305585.47,0.07911190968109816,2.2808303833007812,NA,NA,NA,NA,NA,NA,NA,NA,NA,NA,10.92,-0.068,NA,NA,NA,NA,NA,27.30441678876278,NA,NA,0,0,0,0,0,0,CHE_2019
CHE,2020,Europe & Central Asia,Switzerland,CH,,2026-04-08,84637.0132935333,121.785977998371,NA,NA,-32.1514826654422,20.8521076737596,741999406005.627,0.938965,-0.725874933313402,Bern,7.44821,46.948,High income,Not classified,11.346138774386745,NA,59,2.3,21.2,6.9041904,5.5483969465648855,117.7739632,0.37583333333333335,132821.28301886792,1.5749999999999995,17696.283333333333,29.251304347826085,0.5005577689243028,123871473.721,1893655462.858,0.06541394469617348,2.2808303833007812,NA,NA,NA,NA,NA,NA,NA,NA,NA,NA,16.68,0.527,NA,NA,NA,NA,NA,27.332614279583318,NA,NA,0,0,0,1,0,0,CHE_2020
CHE,2021,Europe & Central Asia,Switzerland,CH,,2026-04-08,88661.2029776281,130.016261288489,NA,99.491031115136,-14.8138174061548,19.9391907506215,815309330986.719,0.913845833333333,0.581814168489855,Bern,7.44821,46.948,High income,Not classified,11.392588955470929,NA,59.2,2.7,20.6,6.450814457831325,3.321717557251908,113.10509156626506,0.08,2171.269230769231,5.75,20538.24166666667,19.656150793650795,1.181394422310757,138674624.891,2223566741.446,0.0623658477643981,2.2808303833007812,NA,NA,NA,NA,NA,NA,NA,NA,NA,NA,26.97,0.617,NA,NA,NA,NA,NA,27.426833425401643,NA,NA,0,0,0,0,0,0,CHE_2021
CHE,2022,Europe & Central Asia,Switzerland,CH,,2026-04-08,90605.019427268,138.500698753519,NA,NA,-1.49836009615472,17.5861857642239,828508926958.393,0.9548325,2.83502798644451,Bern,7.44821,46.948,High income,Not classified,11.414275929418627,NA,58.4,2.8,19.8,6.7290124,4.403984674329502,120.6980116,1.6833333333333333,682.9807692307693,1.325,21607.55,25.6371484375,-0.035622489959839354,177767769.767,2696918435.575,0.06591514501219937,NA,NA,NA,NA,NA,NA,NA,NA,NA,NA,NA,26.97,0,NA,NA,NA,NA,NA,27.442893448600355,NA,NA,0,0,0,0,1,0,CHE_2022
CHE,2023,Europe & Central Asia,Switzerland,CH,,2026-04-08,90077.4460280731,135.32000224909,NA,NA,-12.9086989818136,19.8822985282172,894424821645.205,0.89849,2.13540088016386,Bern,7.44821,46.948,High income,Not classified,11.408436192204213,NA,58.9,2.3,19.7,7.080916064257028,4.205076923076923,120.26631887550201,5.024166666666667,343.90384615384613,3.375,20869.600000000002,16.849027237354086,-0.62396,145762087.25599998,2479012292.443,0.05879845279522812,NA,NA,NA,NA,NA,NA,NA,NA,NA,NA,NA,44.87,0.664,NA,NA,NA,NA,NA,27.519446691249954,NA,NA,0,0,0,0,0,1,CHE_2023
CHE,2024,Europe & Central Asia,Switzerland,CH,,2026-04-08,90067.4645431168,134.09514852061,NA,98.412309687795,-11.5737467714118,23.0721464329694,936564198048.516,0.880440833333333,1.06234041976594,Bern,7.44821,46.948,High income,Not classified,11.408325377259512,NA,58,2.2,20,7.195725498007969,3.1492015209125475,122.89302988047808,5.1433333333333335,198.34615384615384,2.4,21133.908333333333,15.550656370656371,-0.1644,NA,NA,NA,NA,NA,NA,NA,NA,NA,NA,NA,NA,NA,NA,60.92,0.357,NA,NA,NA,NA,NA,27.56548390752163,NA,NA,0,0,0,0,0,1,CHE_2024
CHE,2025,Europe & Central Asia,Switzerland,CH,,2026-04-08,NA,NA,NA,NA,NA,NA,NA,NA,NA,Bern,7.44821,46.948,High income,Not classified,NA,NA,NA,NA,NA,7.1875432,3.0473946360153255,122.7202868,4.2125,115.9245283018868,2.025,21967.716666666667,18.926666666666666,0.4818875502008032,NA,NA,NA,NA,NA,NA,NA,NA,NA,NA,NA,NA,NA,NA,115,0.888,NA,NA,NA,NA,NA,NA,NA,NA,0,0,0,0,0,1,CHE_2025
SWE,2015,Europe & Central Asia,Sweden,SE,,2026-04-08,51188.1652120493,84.1730765958171,NA,NA,1.94926707461038,NA,501602351911.6,8.43484083333333,-0.0467847449832812,Stockholm,18.0645,59.3327,High income,Not classified,10.84328317168141,NA,65.7,NA,20.5,6.282743426294821,5.365538461538462,108.16961726907631,0.1325,207.1153846153846,2.1,12074.325,16.674126984126985,1.4515139442231075,46595007.668,1495719179.9420002,0.031152243210391152,2.2808303833007812,NA,NA,NA,NA,NA,NA,NA,NA,NA,NA,4.68,NA,NA,NA,NA,NA,NA,26.941073515075104,NA,NA,0,0,0,0,0,0,SWE_2015
SWE,2016,Europe & Central Asia,Sweden,SE,,2026-04-08,51626.3235312369,83.4519478574149,NA,NA,3.01534061830454,NA,513058312950.939,8.56199166666667,0.984269244577992,Stockholm,18.0645,59.3327,High income,Not classified,10.851806337119505,NA,65.3,1.1,19.9,6.640016334661355,5.972480916030534,113.06646008064516,0.395,891.7692307692307,2.175,12892.066666666666,15.82563492063492,1.00324,62880232.89,1469171837.7220001,0.04279978098919858,2.2808303833007812,NA,NA,NA,NA,NA,NA,NA,NA,NA,NA,6.91,0.477,NA,NA,NA,NA,NA,26.9636553461288,NA,NA,0,0,0,0,0,0,SWE_2016
SWE,2017,Europe & Central Asia,Sweden,SE,,2026-04-08,51894.3748177808,86.0693088740521,NA,99.742211618676,4.54156677126576,NA,535172356784.769,8.54886083333333,1.79449904665599,Stockholm,18.0645,59.3327,High income,Not classified,10.856984947991686,NA,63.8,1.2,20.1,6.756870281124498,3.7646153846153845,112.81009919678715,1.0016666666666667,771.5192307692307,3.025,13621.366666666667,11.0902390438247,0.93028,39819994.009,1527551617.863,0.026067854953868604,2.2808303833007812,NA,NA,NA,NA,NA,NA,NA,NA,NA,NA,9.71,0.405,NA,NA,NA,NA,NA,27.005854694175703,NA,NA,0,0,0,0,0,0,SWE_2017
SWE,2018,Europe & Central Asia,Sweden,SE,,2026-04-08,52203.0872589761,90.4087142361701,NA,NA,-0.129928906336359,NA,549649344043.182,8.69251833333333,1.95353530127028,Stockholm,18.0645,59.3327,High income,Not classified,10.86291607078583,NA,61.9,1.9,20.7,6.6090429718875505,3.626015325670498,112.00375403225806,1.8316666666666666,750.7115384615385,2.125,14141.441666666666,16.6398406374502,0.38417670682730926,50611307.929,1778128026.97,0.028463253017412732,2.2808303833007812,NA,NA,NA,NA,NA,NA,NA,NA,NA,NA,11.72,0.207,NA,NA,NA,NA,NA,27.03254635556419,NA,NA,0,0,0,0,0,0,SWE_2018
SWE,2019,Europe & Central Asia,Sweden,SE,,2026-04-08,53024.4099494317,92.7511390290561,NA,NA,2.9559286166832,NA,530894124494.418,9.45834916666667,1.78415097403835,Stockholm,18.0645,59.3327,High income,Not classified,10.87852651065112,NA,60.9,2.1,20.6,6.908139357429719,4.075823754789272,115.73329798387097,2.158333333333333,258.5769230769231,3.375,14863.433333333332,15.387857142857143,0.1726,33622042.14,1555663826.794,0.021612665642094544,2.2808303833007812,NA,NA,NA,NA,NA,NA,NA,NA,NA,NA,10.92,-0.068,NA,NA,NA,NA,NA,26.997828449410225,NA,NA,0,0,0,0,0,0,SWE_2019
SWE,2020,Europe & Central Asia,Sweden,SE,,2026-04-08,51624.5811789573,84.4745958141618,NA,NA,3.36375559523307,NA,544265668451.678,9.21030902842085,0.497367318853572,Stockholm,18.0645,59.3327,High income,Not classified,10.85177258790374,NA,59,2.3,21.2,6.9041904,5.5483969465648855,117.7739632,0.37583333333333335,132821.28301886792,1.5749999999999995,17696.283333333333,29.251304347826085,0.5005577689243028,34610242.554,1633081837.338,0.021193207690323908,2.2808303833007812,NA,NA,NA,NA,NA,NA,NA,NA,NA,NA,16.68,0.527,NA,NA,NA,NA,NA,27.022703325719114,NA,NA,0,0,0,1,0,0,SWE_2020
SWE,2021,Europe & Central Asia,Sweden,SE,,2026-04-08,53997.1337068799,91.110237441304207,NA,99.6887646957821,9.17868162234424,NA,631693331300.776,8.57656671607378,2.16319736447143,Stockholm,18.0645,59.3327,High income,Not classified,10.896704763965461,NA,59.2,2.7,20.6,6.450814457831325,3.321717557251908,113.10509156626506,0.08,2171.269230769231,5.75,20538.24166666667,19.656150793650795,1.181394422310757,42278105.399000004,2375271737.683,0.01779927101740406,2.2808303833007812,NA,NA,NA,NA,NA,NA,NA,NA,NA,NA,26.97,0.617,NA,NA,NA,NA,NA,27.171669878046533,NA,NA,0,0,0,0,0,0,SWE_2021
SWE,2022,Europe & Central Asia,Sweden,SE,,2026-04-08,54304.1877501033,107.111751826512,NA,NA,9.35228228785513,NA,575071237640.921,10.114251277564,8.36929098869189,Stockholm,18.0645,59.3327,High income,Not classified,10.902375040034434,NA,58.4,2.8,19.8,6.7290124,4.403984674329502,120.6980116,1.6833333333333333,682.9807692307693,1.325,21607.55,25.6371484375,-0.035622489959839354,55326387.188,2639153153.623,0.02096368947442423,NA,NA,NA,NA,NA,NA,NA,NA,NA,NA,NA,26.97,0,NA,NA,NA,NA,NA,27.077759761621003,NA,NA,0,0,0,0,1,0,SWE_2022
SWE,2023,Europe & Central Asia,Sweden,SE,,2026-04-08,53937.7967122429,107.619709443974,NA,NA,3.22512369002956,NA,578990915246.07,10.6101612965536,8.5486248974891,Stockholm,18.0645,59.3327,High income,Not classified,10.895605288551735,NA,58.9,2.3,19.7,7.080916064257028,4.205076923076923,120.26631887550201,5.024166666666667,343.90384615384613,3.375,20869.600000000002,16.849027237354086,-0.62396,61241102.161,2807571994.4309998,0.021812834108074764,NA,NA,NA,NA,NA,NA,NA,NA,NA,NA,NA,44.87,0.664,NA,NA,NA,NA,NA,27.08455262397674,NA,NA,0,0,0,0,0,1,SWE_2023
SWE,2024,Europe & Central Asia,Sweden,SE,,2026-04-08,54209.9474264877,105.883091480464,NA,98.5654945145745,4.47808450970011,NA,603715224265.798,10.5676364344775,2.83581658224034,Stockholm,18.0645,59.3327,High income,Not classified,10.90063814907063,NA,58,2.2,20,7.195725498007969,3.1492015209125475,122.89302988047808,5.1433333333333335,198.34615384615384,2.4,21133.908333333333,15.550656370656371,-0.1644,NA,NA,NA,NA,NA,NA,NA,NA,NA,NA,NA,NA,NA,NA,60.92,0.357,NA,NA,NA,NA,NA,27.126368440696176,NA,NA,0,0,0,0,0,1,SWE_2024
SWE,2025,Europe & Central Asia,Sweden,SE,,2026-04-08,NA,NA,NA,NA,NA,NA,NA,NA,NA,Stockholm,18.0645,59.3327,High income,Not classified,NA,NA,NA,NA,NA,7.1875432,3.0473946360153255,122.7202868,4.2125,115.9245283018868,2.025,21967.716666666667,18.926666666666666,0.4818875502008032,NA,NA,NA,NA,NA,NA,NA,NA,NA,NA,NA,NA,NA,NA,115,0.888,NA,NA,NA,NA,NA,NA,NA,NA,0,0,0,0,0,1,SWE_2025
NLD,2015,Europe & Central Asia,Netherlands,NL,,2026-04-08,45793.8135434697,160.325812564809,NA,NA,48.4706196279081,NA,775743675302.734,0.901296423367096,0.600248147278776,Amsterdam,4.89095,52.3738,High income,Not classified,10.731926122281026,NA,65.7,NA,20.5,6.282743426294821,5.365538461538462,108.16961726907631,0.1325,207.1153846153846,2.1,12074.325,16.674126984126985,1.4515139442231075,1183861175.493,13063718673.763,0.09062206597196946,2.2808303833007812,NA,NA,NA,NA,NA,NA,NA,NA,NA,NA,4.68,NA,NA,NA,NA,NA,NA,27.377087987233264,NA,NA,0,0,0,0,0,0,NLD_2015
NLD,2016,Europe & Central Asia,Netherlands,NL,,2026-04-08,46655.0363382039,150.96552921165,NA,NA,34.7918547450687,NA,797163949289.885,0.903421436257263,0.316666666666652,Amsterdam,4.89095,52.3738,High income,Not classified,10.750557594221847,NA,65.3,1.1,19.9,6.640016334661355,5.972480916030534,113.06646008064516,0.395,891.7692307692307,2.175,12892.066666666666,15.82563492063492,1.00324,1129674806.099,13536342984.717,0.08345494845797288,2.2808303833007812,NA,NA,NA,NA,NA,NA,NA,NA,NA,NA,6.91,0.477,NA,NA,NA,NA,NA,27.40432620260031,NA,NA,0,0,0,0,0,0,NLD_2016
NLD,2017,Europe & Central Asia,Netherlands,NL,,2026-04-08,47670.1057253297,159.646059656847,NA,99.6376135898125,23.7131758376085,NA,848233537845.884,0.885205508269372,1.38145871407216,Amsterdam,4.89095,52.3738,High income,Not classified,10.772080743342693,NA,63.8,1.2,20.1,6.756870281124498,3.7646153846153845,112.81009919678715,1.0016666666666667,771.5192307692307,3.025,13621.366666666667,11.0902390438247,0.93028,1376583931.031,17056975131.975,0.08070504414645338,2.2808303833007812,NA,NA,NA,NA,NA,NA,NA,NA,NA,NA,9.71,0.405,NA,NA,NA,NA,NA,27.46642183322748,NA,NA,0,0,0,0,0,0,NLD_2017
NLD,2018,Europe & Central Asia,Netherlands,NL,,2026-04-08,48463.0299739951,163.559146573044,NA,NA,-30.6576768564655,NA,929733599796.862,0.846772667108111,1.70349794744479,Amsterdam,4.89095,52.3738,High income,Not classified,10.788577151746422,NA,61.9,1.9,20.7,6.6090429718875505,3.626015325670498,112.00375403225806,1.8316666666666666,750.7115384615385,2.125,14141.441666666666,16.6398406374502,0.38417670682730926,1538668526.049,20248608522.921,0.07598885248372793,2.2808303833007812,NA,NA,NA,NA,NA,NA,NA,NA,NA,NA,11.72,0.207,NA,NA,NA,NA,NA,27.558163930228297,NA,NA,0,0,0,0,0,0,NLD_2018
NLD,2019,Europe & Central Asia,Netherlands,NL,,2026-04-08,49254.0158854264,160.676671884999,NA,NA,-13.7565327156949,NA,928903005576.469,0.893276257067409,2.63369910249591,Amsterdam,4.89095,52.3738,High income,Not classified,10.804766486803715,NA,60.9,2.1,20.6,6.908139357429719,4.075823754789272,115.73329798387097,2.158333333333333,258.5769230769231,3.375,14863.433333333332,15.387857142857143,0.1726,1580910975.531,20515220852.235,0.07706039271611204,2.2808303833007812,NA,NA,NA,NA,NA,NA,NA,NA,NA,NA,10.92,-0.068,NA,NA,NA,NA,NA,27.557270162965473,NA,NA,0,0,0,0,0,0,NLD_2019
NLD,2020,Europe & Central Asia,Netherlands,NL,,2026-04-08,47086.5804192702,152.233230409706,NA,NA,-23.6860117625863,NA,932560861701.17,0.875506396987998,1.27246037789161,Amsterdam,4.89095,52.3738,High income,Not classified,10.759764559867598,NA,59,2.3,21.2,6.9041904,5.5483969465648855,117.7739632,0.37583333333333335,132821.28301886792,1.5749999999999995,17696.283333333333,29.251304347826085,0.5005577689243028,1515133649.547,21259226696.293,0.0712694620172236,2.2808303833007812,NA,NA,NA,NA,NA,NA,NA,NA,NA,NA,16.68,0.527,NA,NA,NA,NA,NA,27.5612002535755,NA,NA,0,0,0,1,0,0,NLD_2020
NLD,2021,Europe & Central Asia,Netherlands,NL,,2026-04-08,49780.8440526836,163.154842689698,NA,99.7331679359432,-10.9725941589172,NA,1054472123449.6,0.84549413889045,2.67572008805385,Amsterdam,4.89095,52.3738,High income,Not classified,10.81540561928295,NA,59.2,2.7,20.6,6.450814457831325,3.321717557251908,113.10509156626506,0.08,2171.269230769231,5.75,20538.24166666667,19.656150793650795,1.181394422310757,1896244156.109,23435099784.02,0.08091470373862103,2.2808303833007812,NA,NA,NA,NA,NA,NA,NA,NA,NA,NA,26.97,0.617,NA,NA,NA,NA,NA,27.68406140071742,NA,NA,0,0,0,0,0,0,NLD_2021
NLD,2022,Europe & Central Asia,Netherlands,NL,,2026-04-08,51777.5431588864,184.107484252682,NA,NA,1.47701805979237,NA,1046540797548.64,0.949623753156941,10.0012078753473,Amsterdam,4.89095,52.3738,High income,Not classified,10.854731117700888,NA,58.4,2.8,19.8,6.7290124,4.403984674329502,120.6980116,1.6833333333333333,682.9807692307693,1.325,21607.55,25.6371484375,-0.035622489959839354,1960341712.637,14609059569.902,0.13418671498032303,NA,NA,NA,NA,NA,NA,NA,NA,NA,NA,NA,26.97,0,NA,NA,NA,NA,NA,27.676511362830954,NA,NA,0,0,0,0,1,0,NLD_2022
NLD,2023,Europe & Central Asia,Netherlands,NL,,2026-04-08,50960.7745021066,165.030429478933,NA,NA,-30.2430732965592,NA,1135475867551,0.924839558470698,3.83839354342808,Amsterdam,4.89095,52.3738,High income,Not classified,10.838831111109702,NA,58.9,2.3,19.7,7.080916064257028,4.205076923076923,120.26631887550201,5.024166666666667,343.90384615384613,3.375,20869.600000000002,16.849027237354086,-0.62396,2341564741.9500003,14797305581.657999,0.1582426428263053,NA,NA,NA,NA,NA,NA,NA,NA,NA,NA,NA,44.87,0.664,NA,NA,NA,NA,NA,27.758072945559885,NA,NA,0,0,0,0,0,1,NLD_2023
NLD,2024,Europe & Central Asia,Netherlands,NL,,2026-04-08,51178.5256968147,153.83065216636,NA,99.171512250031,-1.40403571808501,NA,1214927698572.66,0.923889546117607,3.34754304219953,Amsterdam,4.89095,52.3738,High income,Not classified,10.84309484231669,NA,58,2.2,20,7.195725498007969,3.1492015209125475,122.89302988047808,5.1433333333333335,198.34615384615384,2.4,21133.908333333333,15.550656370656371,-0.1644,NA,NA,NA,NA,NA,NA,NA,NA,NA,NA,NA,NA,NA,NA,60.92,0.357,NA,NA,NA,NA,NA,27.825705683603644,NA,NA,0,0,0,0,0,1,NLD_2024
NLD,2025,Europe & Central Asia,Netherlands,NL,,2026-04-08,NA,NA,NA,NA,NA,NA,NA,NA,NA,Amsterdam,4.89095,52.3738,High income,Not classified,NA,NA,NA,NA,NA,7.1875432,3.0473946360153255,122.7202868,4.2125,115.9245283018868,2.025,21967.716666666667,18.926666666666666,0.4818875502008032,NA,NA,NA,NA,NA,NA,NA,NA,NA,NA,NA,NA,NA,NA,115,0.888,NA,NA,NA,NA,NA,NA,NA,NA,0,0,0,0,0,1,NLD_2025
BEL,2015,Europe & Central Asia,Belgium,BE,,2026-04-08,40893.804537772,155.068682045926,NA,NA,-4.23261410354123,NA,461044767544.531,0.901296423367096,0.561429152790157,Brussels,4.36761,50.8371,High income,Not classified,10.618758305545768,NA,65.7,NA,20.5,6.282743426294821,5.365538461538462,108.16961726907631,0.1325,207.1153846153846,2.1,12074.325,16.674126984126985,1.4515139442231075,73310783.761,1741284736.049,0.04210154849651024,2.2808303833007812,NA,NA,NA,NA,NA,NA,NA,NA,NA,NA,4.68,NA,NA,NA,NA,NA,NA,26.856760984871457,NA,NA,0,0,0,0,0,0,BEL_2015
BEL,2016,Europe & Central Asia,Belgium,BE,,2026-04-08,41172.8862831209,159.057696611945,NA,NA,12.1319420227113,NA,474271566739.729,0.903421436257263,1.97385264653162,Brussels,4.36761,50.8371,High income,Not classified,10.625559506304093,NA,65.3,1.1,19.9,6.640016334661355,5.972480916030534,113.06646008064516,0.395,891.7692307692307,2.175,12892.066666666666,15.82563492063492,1.00324,67091739.355,1625698569.6890001,0.041269482920093116,2.2808303833007812,NA,NA,NA,NA,NA,NA,NA,NA,NA,NA,6.91,0.477,NA,NA,NA,NA,NA,26.88504592019562,NA,NA,0,0,0,0,0,0,BEL_2016
BEL,2017,Europe & Central Asia,Belgium,BE,,2026-04-08,41619.328629169,166.904078237791,NA,98.6383226021727,-7.4442379017663,NA,500908767351.53,0.885205508269372,2.12597086002616,Brussels,4.36761,50.8371,High income,Not classified,10.636343995859965,NA,63.8,1.2,20.1,6.756870281124498,3.7646153846153845,112.81009919678715,1.0016666666666667,771.5192307692307,3.025,13621.366666666667,11.0902390438247,0.93028,78127422.206,1693086391.815,0.046144970855413275,2.2808303833007812,NA,NA,NA,NA,NA,NA,NA,NA,NA,NA,9.71,0.405,NA,NA,NA,NA,NA,26.939689820356104,NA,NA,0,0,0,0,0,0,BEL_2017
BEL,2018,Europe & Central Asia,Belgium,BE,,2026-04-08,42208.3625650272,168.277692877218,NA,NA,-7.66649538713467,NA,542638913427.921,0.846772667108111,2.05316499865177,Brussels,4.36761,50.8371,High income,Not classified,10.65039733714693,NA,61.9,1.9,20.7,6.6090429718875505,3.626015325670498,112.00375403225806,1.8316666666666666,750.7115384615385,2.125,14141.441666666666,16.6398406374502,0.38417670682730926,60431701.743,1681819479.52,0.035932335472917416,2.2808303833007812,NA,NA,NA,NA,NA,NA,NA,NA,NA,NA,11.72,0.207,NA,NA,NA,NA,NA,27.019709951202977,NA,NA,0,0,0,0,0,0,BEL_2018
BEL,2019,Europe & Central Asia,Belgium,BE,,2026-04-08,43006.4042308863,165.46547893199,NA,NA,-1.97252997818915,NA,536726344405.489,0.893276257067409,1.43681956996438,Brussels,4.36761,50.8371,High income,Not classified,10.669127571268419,NA,60.9,2.1,20.6,6.908139357429719,4.075823754789272,115.73329798387097,2.158333333333333,258.5769230769231,3.375,14863.433333333332,15.387857142857143,0.1726,46166720.879,3318499843.853,0.013911924981559545,2.2808303833007812,NA,NA,NA,NA,NA,NA,NA,NA,NA,NA,10.92,-0.068,NA,NA,NA,NA,NA,27.0087542008319,NA,NA,0,0,0,0,0,0,BEL_2019
BEL,2020,Europe & Central Asia,Belgium,BE,,2026-04-08,40769.0218072962,156.950121282783,NA,NA,-5.69020542304612,NA,529694473501.791,0.875506396987998,0.740791812220343,Brussels,4.36761,50.8371,High income,Not classified,10.615702330699008,NA,59,2.3,21.2,6.9041904,5.5483969465648855,117.7739632,0.37583333333333335,132821.28301886792,1.5749999999999995,17696.283333333333,29.251304347826085,0.5005577689243028,37818208.77,3380875712.276,0.01118592104190096,2.2808303833007812,NA,NA,NA,NA,NA,NA,NA,NA,NA,NA,16.68,0.527,NA,NA,NA,NA,NA,26.995566212183622,NA,NA,0,0,0,1,0,0,BEL_2020
BEL,2021,Europe & Central Asia,Belgium,BE,,2026-04-08,43140.9676652971,177.381892440073,NA,99.0056968401204,5.6774240968721,NA,598522422241.851,0.84549413889045,2.44024851144084,Brussels,4.36761,50.8371,High income,Not classified,10.672251530059622,NA,59.2,2.7,20.6,6.450814457831325,3.321717557251908,113.10509156626506,0.08,2171.269230769231,5.75,20538.24166666667,19.656150793650795,1.181394422310757,81672453.551,4229933625.015,0.019308211615427034,2.2808303833007812,NA,NA,NA,NA,NA,NA,NA,NA,NA,NA,26.97,0.617,NA,NA,NA,NA,NA,27.117729825307592,NA,NA,0,0,0,0,0,0,BEL_2021
BEL,2022,Europe & Central Asia,Belgium,BE,,2026-04-08,44486.7438563594,191.179031303786,NA,NA,2.22243107053374,NA,591085783326.267,0.949623753156941,9.597511728725,Brussels,4.36761,50.8371,High income,Not classified,10.702969011261349,NA,58.4,2.8,19.8,6.7290124,4.403984674329502,120.6980116,1.6833333333333333,682.9807692307693,1.325,21607.55,25.6371484375,-0.035622489959839354,110011611.295,5646928302.201,0.019481673116359708,NA,NA,NA,NA,NA,NA,NA,NA,NA,NA,NA,26.97,0,NA,NA,NA,NA,NA,27.105226993273266,NA,NA,0,0,0,0,1,0,BEL_2022
BEL,2023,Europe & Central Asia,Belgium,BE,,2026-04-08,44866.1935177304,165.846946501713,NA,NA,-0.652181403274143,NA,651330595110.011,0.924839558470698,4.04901077613941,Brussels,4.36761,50.8371,High income,Not classified,10.71146215005,NA,58.9,2.3,19.7,7.080916064257028,4.205076923076923,120.26631887550201,5.024166666666667,343.90384615384613,3.375,20869.600000000002,16.849027237354086,-0.62396,207969772.05,7058625953.212999,0.029463209047836673,NA,NA,NA,NA,NA,NA,NA,NA,NA,NA,NA,44.87,0.664,NA,NA,NA,NA,NA,27.20228317684611,NA,NA,0,0,0,0,0,1,BEL_2023
BEL,2024,Europe & Central Asia,Belgium,BE,,2026-04-08,45045.6601021398,158.931826338067,NA,98.2369093220798,-6.1601989579997,NA,671370081636.406,0.923889546117607,3.14349136500041,Brussels,4.36761,50.8371,High income,Not classified,10.715454122710796,NA,58,2.2,20,7.195725498007969,3.1492015209125475,122.89302988047808,5.1433333333333335,198.34615384615384,2.4,21133.908333333333,15.550656370656371,-0.1644,NA,NA,NA,NA,NA,NA,NA,NA,NA,NA,NA,NA,NA,NA,60.92,0.357,NA,NA,NA,NA,NA,27.23258635933981,NA,NA,0,0,0,0,0,1,BEL_2024
BEL,2025,Europe & Central Asia,Belgium,BE,,2026-04-08,NA,NA,NA,NA,NA,NA,NA,NA,NA,Brussels,4.36761,50.8371,High income,Not classified,NA,NA,NA,NA,NA,7.1875432,3.0473946360153255,122.7202868,4.2125,115.9245283018868,2.025,21967.716666666667,18.926666666666666,0.4818875502008032,NA,NA,NA,NA,NA,NA,NA,NA,NA,NA,NA,NA,NA,NA,115,0.888,NA,NA,NA,NA,NA,NA,NA,NA,0,0,0,0,0,1,BEL_2025
AUT,2015,Europe & Central Asia,Austria,AT,,2026-04-08,43915.228020857,103.11758174626,NA,NA,-1.80409511056007,NA,379546097300.633,0.901296423367096,0.896563335260319,Vienna,16.3798,48.2201,High income,Not classified,10.69003918954574,NA,65.7,NA,20.5,6.282743426294821,5.365538461538462,108.16961726907631,0.1325,207.1153846153846,2.1,12074.325,16.674126984126985,1.4515139442231075,92562149.564,1308787222.439,0.07072360424753012,2.2808303833007812,NA,NA,NA,NA,NA,NA,NA,NA,NA,NA,4.68,NA,NA,NA,NA,NA,NA,26.662241894920896,NA,NA,0,0,0,0,0,0,AUT_2015
AUT,2016,Europe & Central Asia,Austria,AT,,2026-04-08,44362.6702805116,101.573494597172,NA,NA,-7.23989904197038,NA,393687359770.273,0.903421436257263,0.891591752655362,Vienna,16.3798,48.2201,High income,Not classified,10.70017617655635,NA,65.3,1.1,19.9,6.640016334661355,5.972480916030534,113.06646008064516,0.395,891.7692307692307,2.175,12892.066666666666,15.82563492063492,1.00324,83115371.663,1417358217.545,0.05864104827851055,2.2808303833007812,NA,NA,NA,NA,NA,NA,NA,NA,NA,NA,6.91,0.477,NA,NA,NA,NA,NA,26.698822928135506,NA,NA,0,0,0,0,0,0,AUT_2016
AUT,2017,Europe & Central Asia,Austria,AT,,2026-04-08,45056.6385912412,105.556066755438,NA,98.1636642688047,3.38180275607348,NA,414926138132.691,0.885205508269372,2.08126911385586,Vienna,16.3798,48.2201,High income,Not classified,10.715697806737305,NA,63.8,1.2,20.1,6.756870281124498,3.7646153846153845,112.81009919678715,1.0016666666666667,771.5192307692307,3.025,13621.366666666667,11.0902390438247,0.93028,125434694.902,1598863044.343,0.0784524323992636,2.2808303833007812,NA,NA,NA,NA,NA,NA,NA,NA,NA,NA,9.71,0.405,NA,NA,NA,NA,NA,26.751366360935975,NA,NA,0,0,0,0,0,0,AUT_2017
AUT,2018,Europe & Central Asia,Austria,AT,,2026-04-08,45951.5819164034,108.377969971828,NA,NA,-6.15119207172195,NA,452582294972.775,0.846772667108111,1.99837981429548,Vienna,16.3798,48.2201,High income,Not classified,10.73536531589847,NA,61.9,1.9,20.7,6.6090429718875505,3.626015325670498,112.00375403225806,1.8316666666666666,750.7115384615385,2.125,14141.441666666666,16.6398406374502,0.38417670682730926,153003415.456,1780575204.282,0.08592920708322295,2.2808303833007812,NA,NA,NA,NA,NA,NA,NA,NA,NA,NA,11.72,0.207,NA,NA,NA,NA,NA,26.83823545089589,NA,NA,0,0,0,0,0,0,AUT_2018
AUT,2019,Europe & Central Asia,Austria,AT,,2026-04-08,46550.5622459492,108.207284904426,NA,NA,-2.85255617561831,NA,442983642371.842,0.893276257067409,1.53089564152643,Vienna,16.3798,48.2201,High income,Not classified,10.748315842742482,NA,60.9,2.1,20.6,6.908139357429719,4.075823754789272,115.73329798387097,2.158333333333333,258.5769230769231,3.375,14863.433333333332,15.387857142857143,0.1726,131987111.876,1645697994.908,0.0802012959147942,2.2808303833007812,NA,NA,NA,NA,NA,NA,NA,NA,NA,NA,10.92,-0.068,NA,NA,NA,NA,NA,26.816798681643544,NA,NA,0,0,0,0,0,0,AUT_2019
AUT,2020,Europe & Central Asia,Austria,AT,,2026-04-08,43428.6983137234,99.9482141095975,NA,NA,-2.76332070661681,NA,434397601557.696,0.875506396987998,1.38191063351853,Vienna,16.3798,48.2201,High income,Not classified,10.678898779009769,NA,59,2.3,21.2,6.9041904,5.5483969465648855,117.7739632,0.37583333333333335,132821.28301886792,1.5749999999999995,17696.283333333333,29.251304347826085,0.5005577689243028,101610841.486,1586630079.019,0.06404192308570447,2.2808303833007812,NA,NA,NA,NA,NA,NA,NA,NA,NA,NA,16.68,0.527,NA,NA,NA,NA,NA,26.797226084277174,NA,NA,0,0,0,1,0,0,AUT_2020
AUT,2021,Europe & Central Asia,Austria,AT,,2026-04-08,45368.6434337368,111.032932124165,NA,99.9507174861928,3.95409878611296,NA,480466363176.806,0.84549413889045,2.7666666666667,Vienna,16.3798,48.2201,High income,Not classified,10.722598513551455,NA,59.2,2.7,20.6,6.450814457831325,3.321717557251908,113.10509156626506,0.08,2171.269230769231,5.75,20538.24166666667,19.656150793650795,1.181394422310757,114442556.776,1981943960.119,0.05774257954757138,2.2808303833007812,NA,NA,NA,NA,NA,NA,NA,NA,NA,NA,26.97,0.617,NA,NA,NA,NA,NA,26.89802305911409,NA,NA,0,0,0,0,0,0,AUT_2021
AUT,2022,Europe & Central Asia,Austria,AT,,2026-04-08,47332.4240357971,123.579578652902,NA,NA,3.0221599256451,NA,473221298968.216,0.949623753156941,8.54686993188457,Vienna,16.3798,48.2201,High income,Not classified,10.764971964162687,NA,58.4,2.8,19.8,6.7290124,4.403984674329502,120.6980116,1.6833333333333333,682.9807692307693,1.325,21607.55,25.6371484375,-0.035622489959839354,92676371.066,2139011771.3040001,0.043326723260387646,NA,NA,NA,NA,NA,NA,NA,NA,NA,NA,NA,26.97,0,NA,NA,NA,NA,NA,26.882828978539003,NA,NA,0,0,0,0,1,0,AUT_2022
AUT,2023,Europe & Central Asia,Austria,AT,,2026-04-08,46497.9114640341,115.152914822732,NA,NA,0.566112370322707,NA,516670509628.876,0.924839558470698,7.81413417002831,Vienna,16.3798,48.2201,High income,Not classified,10.747184181925833,NA,58.9,2.3,19.7,7.080916064257028,4.205076923076923,120.26631887550201,5.024166666666667,343.90384615384613,3.375,20869.600000000002,16.849027237354086,-0.62396,66299877.655,1915740393.632,0.0346079656071269,NA,NA,NA,NA,NA,NA,NA,NA,NA,NA,NA,44.87,0.664,NA,NA,NA,NA,NA,26.97067119615724,NA,NA,0,0,0,0,0,1,AUT_2023
AUT,2024,Europe & Central Asia,Austria,AT,,2026-04-08,45958.8250071261,108.825777834405,NA,99.5084974640411,2.55351579610657,NA,534790720466.822,0.923889546117607,2.93791574279375,Vienna,16.3798,48.2201,High income,Not classified,10.73552292445166,NA,58,2.2,20,7.195725498007969,3.1492015209125475,122.89302988047808,5.1433333333333335,198.34615384615384,2.4,21133.908333333333,15.550656370656371,-0.1644,NA,NA,NA,NA,NA,NA,NA,NA,NA,NA,NA,NA,NA,NA,60.92,0.357,NA,NA,NA,NA,NA,27.005141330617196,NA,NA,0,0,0,0,0,1,AUT_2024
AUT,2025,Europe & Central Asia,Austria,AT,,2026-04-08,NA,NA,NA,NA,NA,NA,NA,NA,NA,Vienna,16.3798,48.2201,High income,Not classified,NA,NA,NA,NA,NA,7.1875432,3.0473946360153255,122.7202868,4.2125,115.9245283018868,2.025,21967.716666666667,18.926666666666666,0.4818875502008032,NA,NA,NA,NA,NA,NA,NA,NA,NA,NA,NA,NA,NA,NA,115,0.888,NA,NA,NA,NA,NA,NA,NA,NA,0,0,0,0,0,1,AUT_2025
DNK,2015,Europe & Central Asia,Denmark,DK,,2026-04-08,53094.0133607574,105.130362453899,NA,NA,0.61075067778712,NA,301758922337.637,6.72790683129629,0.452034153691574,Copenhagen,12.5681,55.6763,High income,Not classified,10.879838292476625,NA,65.7,NA,20.5,6.282743426294821,5.365538461538462,108.16961726907631,0.1325,207.1153846153846,2.1,12074.325,16.674126984126985,1.4515139442231075,36301948,990577953,0.03664724001786864,2.2808303833007812,NA,NA,NA,NA,NA,NA,NA,NA,NA,NA,4.68,NA,NA,NA,NA,NA,NA,26.432894265131935,NA,NA,0,0,0,0,0,0,DNK_2015
DNK,2016,Europe & Central Asia,Denmark,DK,,2026-04-08,54300.2039621991,101.452783808643,NA,NA,2.49983169836595,NA,312181849372.233,6.73171825724637,0.250000000000031,Copenhagen,12.5681,55.6763,High income,Not classified,10.902301678092412,NA,65.3,1.1,19.9,6.640016334661355,5.972480916030534,113.06646008064516,0.395,891.7692307692307,2.175,12892.066666666666,15.82563492063492,1.00324,28469355.908,968519660.682,0.029394711396930038,2.2808303833007812,NA,NA,NA,NA,NA,NA,NA,NA,NA,NA,6.91,0.477,NA,NA,NA,NA,NA,26.466851705519716,NA,NA,0,0,0,0,0,0,DNK_2016
DNK,2017,Europe & Central Asia,Denmark,DK,,2026-04-08,55601.0145717787,104.215676920442,NA,99.9173727065608,1.08780490285886,NA,331610593961.988,6.60289346561403,1.14713216957601,Copenhagen,12.5681,55.6763,High income,Not classified,10.925974712887635,NA,63.8,1.2,20.1,6.756870281124498,3.7646153846153845,112.81009919678715,1.0016666666666667,771.5192307692307,3.025,13621.366666666667,11.0902390438247,0.93028,34910423.36,1021168984.365,0.03418672511064226,2.2808303833007812,NA,NA,NA,NA,NA,NA,NA,NA,NA,NA,9.71,0.405,NA,NA,NA,NA,NA,26.527227207715885,NA,NA,0,0,0,0,0,0,DNK_2017
DNK,2018,Europe & Central Asia,Denmark,DK,,2026-04-08,56355.0733084714,108.813985501909,NA,NA,2.46670057625106,NA,355293374912.393,6.31461878666666,0.813609467455631,Copenhagen,12.5681,55.6763,High income,Not classified,10.93944529198273,NA,61.9,1.9,20.7,6.6090429718875505,3.626015325670498,112.00375403225806,1.8316666666666666,750.7115384615385,2.125,14141.441666666666,16.6398406374502,0.38417670682730926,31807218.292,1093341291.567,0.029091756194822953,2.2808303833007812,NA,NA,NA,NA,NA,NA,NA,NA,NA,NA,11.72,0.207,NA,NA,NA,NA,NA,26.596209693341322,NA,NA,0,0,0,0,0,0,DNK_2018
DNK,2019,Europe & Central Asia,Denmark,DK,,2026-04-08,57114.6227336347,111.891475065653,NA,NA,-1.10067098319484,NA,345401473012.615,6.669446615,0.75813157251162,Copenhagen,12.5681,55.6763,High income,Not classified,10.952832961262503,NA,60.9,2.1,20.6,6.908139357429719,4.075823754789272,115.73329798387097,2.158333333333333,258.5769230769231,3.375,14863.433333333332,15.387857142857143,0.1726,21884311.036,1193274387.187,0.018339714043129354,2.2808303833007812,NA,NA,NA,NA,NA,NA,NA,NA,NA,NA,10.92,-0.068,NA,NA,NA,NA,NA,26.567973267310045,NA,NA,0,0,0,0,0,0,DNK_2019
DNK,2020,Europe & Central Asia,Denmark,DK,,2026-04-08,55934.5555945523,104.433432671151,NA,NA,0.363874538682217,NA,355631021931.621,6.54215220416666,0.420711974110024,Copenhagen,12.5681,55.6763,High income,Not classified,10.931955514092204,NA,59,2.3,21.2,6.9041904,5.5483969465648855,117.7739632,0.37583333333333335,132821.28301886792,1.5749999999999995,17696.283333333333,29.251304347826085,0.5005577689243028,67315283.17999999,1337721612.131,0.050320845958948264,2.2808303833007812,NA,NA,NA,NA,NA,NA,NA,NA,NA,NA,16.68,0.527,NA,NA,NA,NA,NA,26.597159575061834,NA,NA,0,0,0,1,0,0,DNK_2020
DNK,2021,Europe & Central Asia,Denmark,DK,,2026-04-08,59312.815804377104,112.321472697291,NA,100,4.18538817542322,NA,406110162088.054,6.2871130825,1.85304543989689,Copenhagen,12.5681,55.6763,High income,Not classified,10.990597539373901,NA,59.2,2.7,20.6,6.450814457831325,3.321717557251908,113.10509156626506,0.08,2171.269230769231,5.75,20538.24166666667,19.656150793650795,1.181394422310757,51507970.757,1322113580.287,0.0389588092316689,2.2808303833007812,NA,NA,NA,NA,NA,NA,NA,NA,NA,NA,26.97,0.617,NA,NA,NA,NA,NA,26.729890294938123,NA,NA,0,0,0,0,0,0,DNK_2021
DNK,2022,Europe & Central Asia,Denmark,DK,,2026-04-08,59108.7449374068,131.995824909071,NA,NA,6.9048667972729,NA,400114306337.077,7.0761518625,7.69656699889259,Copenhagen,12.5681,55.6763,High income,Not classified,10.987151078759313,NA,58.4,2.8,19.8,6.7290124,4.403984674329502,120.6980116,1.6833333333333333,682.9807692307693,1.325,21607.55,25.6371484375,-0.035622489959839354,36942667.055,1287609874.884,0.02869088516296766,NA,NA,NA,NA,NA,NA,NA,NA,NA,NA,NA,26.97,0,NA,NA,NA,NA,NA,26.715016109076302,NA,NA,0,0,0,0,1,0,DNK_2022
DNK,2023,Europe & Central Asia,Denmark,DK,,2026-04-08,59026.9843650999,129.625337431278,NA,NA,2.0346382929142,NA,404651706117.557,6.88970258583333,3.30517811237605,Copenhagen,12.5681,55.6763,High income,Not classified,10.9857669217107,NA,58.9,2.3,19.7,7.080916064257028,4.205076923076923,120.26631887550201,5.024166666666667,343.90384615384613,3.375,20869.600000000002,16.849027237354086,-0.62396,42349065.684999995,1254970197.7220001,0.03374507678498762,NA,NA,NA,NA,NA,NA,NA,NA,NA,NA,NA,44.87,0.664,NA,NA,NA,NA,NA,26.726292549161347,NA,NA,0,0,0,0,0,1,DNK_2023
DNK,2024,Europe & Central Asia,Denmark,DK,,2026-04-08,60772.8624276041,131.765030975207,NA,98.6505141065248,4.29658848924698,NA,424524722037.047,6.89448141666666,1.37220049768925,Copenhagen,12.5681,55.6763,High income,Not classified,11.014915081240392,NA,58,2.2,20,7.195725498007969,3.1492015209125475,122.89302988047808,5.1433333333333335,198.34615384615384,2.4,21133.908333333333,15.550656370656371,-0.1644,NA,NA,NA,NA,NA,NA,NA,NA,NA,NA,NA,NA,NA,NA,60.92,0.357,NA,NA,NA,NA,NA,26.774236079018646,NA,NA,0,0,0,0,0,1,DNK_2024
DNK,2025,Europe & Central Asia,Denmark,DK,,2026-04-08,NA,NA,NA,NA,NA,NA,NA,NA,NA,Copenhagen,12.5681,55.6763,High income,Not classified,NA,NA,NA,NA,NA,7.1875432,3.0473946360153255,122.7202868,4.2125,115.9245283018868,2.025,21967.716666666667,18.926666666666666,0.4818875502008032,NA,NA,NA,NA,NA,NA,NA,NA,NA,NA,NA,NA,NA,NA,115,0.888,NA,NA,NA,NA,NA,NA,NA,NA,0,0,0,0,0,1,DNK_2025
NOR,2015,Europe & Central Asia,Norway,NO,,2026-04-08,74809.9658049898,70.431856540017,NA,NA,1.87399423252337,NA,388159512245.53,8.06416666666667,2.17113665389527,Oslo,10.7387,59.9138,High income,Not classified,11.22271975488858,NA,65.7,NA,20.5,6.282743426294821,5.365538461538462,108.16961726907631,0.1325,207.1153846153846,2.1,12074.325,16.674126984126985,1.4515139442231075,56615792.184,741897421.476,0.07631215656655506,2.2808303833007812,NA,NA,NA,NA,NA,NA,NA,NA,NA,NA,4.68,NA,NA,NA,NA,NA,NA,26.68468220612291,NA,NA,0,0,0,0,0,0,NOR_2015
NOR,2016,Europe & Central Asia,Norway,NO,,2026-04-08,75017.4944769055,69.1168423974699,NA,NA,-5.03254975124343,NA,370956547619.048,8.4,3.55000000000007,Oslo,10.7387,59.9138,High income,Not classified,11.225489955144791,NA,65.3,1.1,19.9,6.640016334661355,5.972480916030534,113.06646008064516,0.395,891.7692307692307,2.175,12892.066666666666,15.82563492063492,1.00324,62473008,738615889,0.08458118614884008,2.2808303833007812,NA,NA,NA,NA,NA,NA,NA,NA,NA,NA,6.91,0.477,NA,NA,NA,NA,NA,26.639350770376563,NA,NA,0,0,0,0,0,0,NOR_2016
NOR,2017,Europe & Central Asia,Norway,NO,,2026-04-08,76247.4116445341,69.1087817621061,NA,99.7451401276537,1.46874278067631,NA,401745275035.261,8.27166666666666,1.87510059552545,Oslo,10.7387,59.9138,High income,Not classified,11.241751863361337,NA,63.8,1.2,20.1,6.756870281124498,3.7646153846153845,112.81009919678715,1.0016666666666667,771.5192307692307,3.025,13621.366666666667,11.0902390438247,0.93028,65604999.612,740418265.103,0.08860532310460176,2.2808303833007812,NA,NA,NA,NA,NA,NA,NA,NA,NA,NA,9.71,0.405,NA,NA,NA,NA,NA,26.719084080539705,NA,NA,0,0,0,0,0,0,NOR_2017
NOR,2018,Europe & Central Asia,Norway,NO,,2026-04-08,76373.6474606092,70.0031957894984,NA,NA,-1.28796404191648,NA,439788625883.8,8.1325,2.76483134528797,Oslo,10.7387,59.9138,High income,Not classified,11.243406080562872,NA,61.9,1.9,20.7,6.6090429718875505,3.626015325670498,112.00375403225806,1.8316666666666666,750.7115384615385,2.125,14141.441666666666,16.6398406374502,0.38417670682730926,58536915.797,831528409.528,0.07039677192776525,2.2808303833007812,NA,NA,NA,NA,NA,NA,NA,NA,NA,NA,11.72,0.207,NA,NA,NA,NA,NA,26.809560052715362,NA,NA,0,0,0,0,0,0,NOR_2018
NOR,2019,Europe & Central Asia,Norway,NO,,2026-04-08,76712.2871160349,70.8958205272987,NA,NA,3.99513402641071,NA,408742840909.091,8.8,2.16773003305411,Oslo,10.7387,59.9138,High income,Not classified,11.24783020724155,NA,60.9,2.1,20.6,6.908139357429719,4.075823754789272,115.73329798387097,2.158333333333333,258.5769230769231,3.375,14863.433333333332,15.387857142857143,0.1726,46616928.671,810659193.07,0.05750496518081754,2.2808303833007812,NA,NA,NA,NA,NA,NA,NA,NA,NA,NA,10.92,-0.068,NA,NA,NA,NA,NA,26.736352044411444,NA,NA,0,0,0,0,0,0,NOR_2019
NOR,2020,Europe & Central Asia,Norway,NO,,2026-04-08,75287.2059527598,65.3539790413323,NA,NA,-0.892552414465765,NA,367633418886.627,9.41583333333334,1.28658490707996,Oslo,10.7387,59.9138,High income,Not classified,11.229078774067235,NA,59,2.3,21.2,6.9041904,5.5483969465648855,117.7739632,0.37583333333333335,132821.28301886792,1.5749999999999995,17696.283333333333,29.251304347826085,0.5005577689243028,42900796.206,705006305.806,0.06085164891816616,2.2808303833007812,NA,NA,NA,NA,NA,NA,NA,NA,NA,NA,16.68,0.527,NA,NA,NA,NA,NA,26.630352134306744,NA,NA,0,0,0,1,0,0,NOR_2020
NOR,2021,Europe & Central Asia,Norway,NO,,2026-04-08,77812.7115614383,71.2227137759599,NA,99.4777714580126,3.64643942475354,NA,503367986030.268,8.59,3.48388055266669,Oslo,10.7387,59.9138,High income,Not classified,11.262072935787428,NA,59.2,2.7,20.6,6.450814457831325,3.321717557251908,113.10509156626506,0.08,2171.269230769231,5.75,20538.24166666667,19.656150793650795,1.181394422310757,73824182.378,959484502.607,0.07694150575378081,2.2808303833007812,NA,NA,NA,NA,NA,NA,NA,NA,NA,NA,26.97,0.617,NA,NA,NA,NA,NA,26.944587322137203,NA,NA,0,0,0,0,0,0,NOR_2021
NOR,2022,Europe & Central Asia,Norway,NO,,2026-04-08,79620.1635455079,82.6094798361389,NA,NA,2.39446435427431,NA,596297651035.798,9.61416666666667,5.76412317852272,Oslo,10.7387,59.9138,High income,Not classified,11.285035210181615,NA,58.4,2.8,19.8,6.7290124,4.403984674329502,120.6980116,1.6833333333333333,682.9807692307693,1.325,21607.55,25.6371484375,-0.035622489959839354,62354760.411,1011348451.2129999,0.061655070847453614,NA,NA,NA,NA,NA,NA,NA,NA,NA,NA,NA,26.97,0,NA,NA,NA,NA,NA,27.11400579383712,NA,NA,0,0,0,0,1,0,NOR_2022
NOR,2023,Europe & Central Asia,Norway,NO,,2026-04-08,78775.7495154943,80.3638456401269,NA,NA,2.85439221069972,NA,482949731776.587,10.5633333333333,5.51784987104659,Oslo,10.7387,59.9138,High income,Not classified,11.274373175398145,NA,58.9,2.3,19.7,7.080916064257028,4.205076923076923,120.26631887550201,5.024166666666667,343.90384615384613,3.375,20869.600000000002,16.849027237354086,-0.62396,129205457.5,1060184414.056,0.12187073851207855,NA,NA,NA,NA,NA,NA,NA,NA,NA,NA,NA,44.87,0.664,NA,NA,NA,NA,NA,26.90317841018816,NA,NA,0,0,0,0,0,1,NOR_2023
NOR,2024,Europe & Central Asia,Norway,NO,,2026-04-08,79667.5272314776,81.3635091827243,NA,98.5561571037813,2.50917917104619,NA,483592648313.301,10.7458333333333,3.14530134431081,Oslo,10.7387,59.9138,High income,Not classified,11.28562989634284,NA,58,2.2,20,7.195725498007969,3.1492015209125475,122.89302988047808,5.1433333333333335,198.34615384615384,2.4,21133.908333333333,15.550656370656371,-0.1644,NA,NA,NA,NA,NA,NA,NA,NA,NA,NA,NA,NA,NA,NA,60.92,0.357,NA,NA,NA,NA,NA,26.9045087535746,NA,NA,0,0,0,0,0,1,NOR_2024
NOR,2025,Europe & Central Asia,Norway,NO,,2026-04-08,NA,NA,NA,NA,NA,NA,NA,NA,NA,Oslo,10.7387,59.9138,High income,Not classified,NA,NA,NA,NA,NA,7.1875432,3.0473946360153255,122.7202868,4.2125,115.9245283018868,2.025,21967.716666666667,18.926666666666666,0.4818875502008032,NA,NA,NA,NA,NA,NA,NA,NA,NA,NA,NA,NA,NA,NA,115,0.888,NA,NA,NA,NA,NA,NA,NA,NA,0,0,0,0,0,1,NOR_2025
FIN,2015,Europe & Central Asia,Finland,FI,,2026-04-08,42560.3456767103,71.9618253787014,NA,NA,7.5380054292281,NA,233210733506.25,0.901296423367096,-0.207928839905268,Helsinki,24.9525,60.1608,High income,Not classified,10.658701741859433,NA,65.7,NA,20.5,6.282743426294821,5.365538461538462,108.16961726907631,0.1325,207.1153846153846,2.1,12074.325,16.674126984126985,1.4515139442231075,109530528,969817298,0.11293934251933709,2.2808303833007812,NA,NA,NA,NA,NA,NA,NA,NA,NA,NA,4.68,NA,NA,NA,NA,NA,NA,26.175208317410064,NA,NA,0,0,0,0,0,0,FIN_2015
FIN,2016,Europe & Central Asia,Finland,FI,,2026-04-08,43529.6761616969,71.7222101178859,NA,NA,2.18951964860612,NA,238777818792.608,0.903421436257263,0.356684500891695,Helsinki,24.9525,60.1608,High income,Not classified,10.681221167660183,NA,65.3,1.1,19.9,6.640016334661355,5.972480916030534,113.06646008064516,0.395,891.7692307692307,2.175,12892.066666666666,15.82563492063492,1.00324,201341996,1141302493,0.17641422605742088,2.2808303833007812,NA,NA,NA,NA,NA,NA,NA,NA,NA,NA,6.91,0.477,NA,NA,NA,NA,NA,26.198799328026755,NA,NA,0,0,0,0,0,0,FIN_2016
FIN,2017,Europe & Central Asia,Finland,FI,,2026-04-08,44862.220404205,75.9387822310041,NA,99.7854185031074,6.66136555422276,NA,253846138440,0.885205508269372,0.754015047084346,Helsinki,24.9525,60.1608,High income,Not classified,10.711373593375527,NA,63.8,1.2,20.1,6.756870281124498,3.7646153846153845,112.81009919678715,1.0016666666666667,771.5192307692307,3.025,13621.366666666667,11.0902390438247,0.93028,135279520.046,1368408193.28,0.09885903980284008,2.2808303833007812,NA,NA,NA,NA,NA,NA,NA,NA,NA,NA,9.71,0.405,NA,NA,NA,NA,NA,26.259994166252476,NA,NA,0,0,0,0,0,0,FIN_2017
FIN,2018,Europe & Central Asia,Finland,FI,,2026-04-08,45337.2409550575,79.1436148422846,NA,NA,-3.84456657280518,NA,273869255596.078,0.846772667108111,1.08382098409305,Helsinki,24.9525,60.1608,High income,Not classified,10.721906126552344,NA,61.9,1.9,20.7,6.6090429718875505,3.626015325670498,112.00375403225806,1.8316666666666666,750.7115384615385,2.125,14141.441666666666,16.6398406374502,0.38417670682730926,210065255.70900002,1681831304.809,0.1249026909585658,2.2808303833007812,NA,NA,NA,NA,NA,NA,NA,NA,NA,NA,11.72,0.207,NA,NA,NA,NA,NA,26.335916660099226,NA,NA,0,0,0,0,0,0,FIN_2018
FIN,2019,Europe & Central Asia,Finland,FI,,2026-04-08,45898.5708448954,80.5641502947367,NA,NA,6.09707710249334,NA,267014821129.411,0.893276257067409,1.0240939296343,Helsinki,24.9525,60.1608,High income,Not classified,10.734211046220514,NA,60.9,2.1,20.6,6.908139357429719,4.075823754789272,115.73329798387097,2.158333333333333,258.5769230769231,3.375,14863.433333333332,15.387857142857143,0.1726,198900242.467,1367373243.759,0.14546155804556332,2.2808303833007812,NA,NA,NA,NA,NA,NA,NA,NA,NA,NA,10.92,-0.068,NA,NA,NA,NA,NA,26.310570003657773,NA,NA,0,0,0,0,0,0,FIN_2019
FIN,2020,Europe & Central Asia,Finland,FI,,2026-04-08,44690.9801103074,72.1845955995888,NA,NA,-0.939114055968044,NA,270000311606.226,0.875506396987998,0.290554555653239,Helsinki,24.9525,60.1608,High income,Not classified,10.707549348627914,NA,59,2.3,21.2,6.9041904,5.5483969465648855,117.7739632,0.37583333333333335,132821.28301886792,1.5749999999999995,17696.283333333333,29.251304347826085,0.5005577689243028,88252612.31199999,849267542.344,0.10391614881268221,2.2808303833007812,NA,NA,NA,NA,NA,NA,NA,NA,NA,NA,16.68,0.527,NA,NA,NA,NA,NA,26.32168895004496,NA,NA,0,0,0,1,0,0,FIN_2020
FIN,2021,Europe & Central Asia,Finland,FI,,2026-04-08,45792.0454180872,79.7892781913782,NA,99.5301883332477,8.01406291677223,NA,294223210496.119,0.84549413889045,2.19457432340007,Helsinki,24.9525,60.1608,High income,Not classified,10.731887511805734,NA,59.2,2.7,20.6,6.450814457831325,3.321717557251908,113.10509156626506,0.08,2171.269230769231,5.75,20538.24166666667,19.656150793650795,1.181394422310757,82675979.383,1413693816.364,0.05848223881720118,2.2808303833007812,NA,NA,NA,NA,NA,NA,NA,NA,NA,NA,26.97,0.617,NA,NA,NA,NA,NA,26.40760453560181,NA,NA,0,0,0,0,0,0,FIN_2021
FIN,2022,Europe & Central Asia,Finland,FI,,2026-04-08,46016.1492103929,94.5625340522667,NA,NA,4.66691154081507,NA,280253099309.34,0.949623753156941,7.12350773301402,Helsinki,24.9525,60.1608,High income,Not classified,10.736769414916838,NA,58.4,2.8,19.8,6.7290124,4.403984674329502,120.6980116,1.6833333333333333,682.9807692307693,1.325,21607.55,25.6371484375,-0.035622489959839354,90267285.389,1679660637.5740001,0.053741382854203566,NA,NA,NA,NA,NA,NA,NA,NA,NA,NA,NA,26.97,0,NA,NA,NA,NA,NA,26.35895895792884,NA,NA,0,0,0,0,1,0,FIN_2022
FIN,2023,Europe & Central Asia,Finland,FI,,2026-04-08,45357.0296547377,85.5633906057585,NA,NA,-0.0389119475535467,NA,295021982462.75,0.924839558470698,6.25064322154762,Helsinki,24.9525,60.1608,High income,Not classified,10.722342499511479,NA,58.9,2.3,19.7,7.080916064257028,4.205076923076923,120.26631887550201,5.024166666666667,343.90384615384613,3.375,20869.600000000002,16.849027237354086,-0.62396,152256579.792,1833825502.789,0.08302675448696638,NA,NA,NA,NA,NA,NA,NA,NA,NA,NA,NA,44.87,0.664,NA,NA,NA,NA,NA,26.410315707336263,NA,NA,0,0,0,0,0,1,FIN_2023
FIN,2024,Europe & Central Asia,Finland,FI,,2026-04-08,45254.0358658917,83.4601015353507,NA,99.842681813058,2.92666706920425,NA,298696961297.656,0.923889546117607,1.56568906231615,Helsinki,24.9525,60.1608,High income,Not classified,10.720069232789776,NA,58,2.2,20,7.195725498007969,3.1492015209125475,122.89302988047808,5.1433333333333335,198.34615384615384,2.4,21133.908333333333,15.550656370656371,-0.1644,NA,NA,NA,NA,NA,NA,NA,NA,NA,NA,NA,NA,NA,NA,60.92,0.357,NA,NA,NA,NA,NA,26.422695389028867,NA,NA,0,0,0,0,0,1,FIN_2024
FIN,2025,Europe & Central Asia,Finland,FI,,2026-04-08,NA,NA,NA,NA,NA,NA,NA,NA,NA,Helsinki,24.9525,60.1608,High income,Not classified,NA,NA,NA,NA,NA,7.1875432,3.0473946360153255,122.7202868,4.2125,115.9245283018868,2.025,21967.716666666667,18.926666666666666,0.4818875502008032,NA,NA,NA,NA,NA,NA,NA,NA,NA,NA,NA,NA,NA,NA,115,0.888,NA,NA,NA,NA,NA,NA,NA,NA,0,0,0,0,0,1,FIN_2025
NZL,2015,East Asia & Pacific,New Zealand,NZ,,2026-04-08,38665.3723018158,54.851331734287,NA,NA,-0.0411688255414608,42.9013651890488,178224167087.99,1.433975,0.292704628136101,Wellington,174.776,-41.2865,High income,Not classified,10.56272556850734,NA,65.7,NA,20.5,6.282743426294821,5.365538461538462,108.16961726907631,0.1325,207.1153846153846,2.1,12074.325,16.674126984126985,1.4515139442231075,32351736.393,292582030.366,0.1105732172017885,2.2808303833007812,NA,NA,NA,NA,NA,NA,NA,NA,NA,NA,4.68,NA,NA,NA,NA,NA,NA,25.906307960571194,NA,NA,0,0,0,0,0,0,NZL_2015
NZL,2016,East Asia & Pacific,New Zealand,NZ,,2026-04-08,39235.3695566636,52.4062478142589,NA,NA,1.0619303911252,41.3592419573932,189100085275.23,1.436525,0.646240284454524,Wellington,174.776,-41.2865,High income,Not classified,10.577359390455825,NA,65.3,1.1,19.9,6.640016334661355,5.972480916030534,113.06646008064516,0.395,891.7692307692307,2.175,12892.066666666666,15.82563492063492,1.00324,26950087.487,255271609.85999998,0.10557416667595892,2.2808303833007812,NA,NA,NA,NA,NA,NA,NA,NA,NA,NA,6.91,0.477,NA,NA,NA,NA,NA,25.965542263569102,NA,NA,0,0,0,0,0,0,NZL_2016
NZL,2017,East Asia & Pacific,New Zealand,NZ,,2026-04-08,39722.6068434219,54.1432970416804,NA,99.178447406400693,1.15602540847251,38.629234026174,206745969246.073,1.40740833333333,1.85078767452536,Wellington,174.776,-41.2865,High income,Not classified,10.589700920769104,NA,63.8,1.2,20.1,6.756870281124498,3.7646153846153845,112.81009919678715,1.0016666666666667,771.5192307692307,3.025,13621.366666666667,11.0902390438247,0.93028,24403108.602,291668290.694,0.08366733505358045,2.2808303833007812,NA,NA,NA,NA,NA,NA,NA,NA,NA,NA,9.71,0.405,NA,NA,NA,NA,NA,26.054756674878174,NA,NA,0,0,0,0,0,0,NZL_2017
NZL,2018,East Asia & Pacific,New Zealand,NZ,,2026-04-08,40371.5456268118,55.7664814899437,NA,NA,1.15882897654923,36.6067773375025,211985631173.205,1.44525833333333,1.59829703801696,Wellington,174.776,-41.2865,High income,Not classified,10.605905269248396,NA,61.9,1.9,20.7,6.6090429718875505,3.626015325670498,112.00375403225806,1.8316666666666666,750.7115384615385,2.125,14141.441666666666,16.6398406374502,0.38417670682730926,27039686.225,302067170.314,0.08951547497496051,2.2808303833007812,NA,NA,NA,NA,NA,NA,NA,NA,NA,NA,11.72,0.207,NA,NA,NA,NA,NA,26.07978433184126,NA,NA,0,0,0,0,0,0,NZL_2018
NZL,2019,East Asia & Pacific,New Zealand,NZ,,2026-04-08,40727.8822513384,54.4542971758367,NA,NA,1.44357026927529,32.7713136024397,213006341101.869,1.517875,1.61963190184048,Wellington,174.776,-41.2865,High income,Not classified,10.614692757381986,NA,60.9,2.1,20.6,6.908139357429719,4.075823754789272,115.73329798387097,2.158333333333333,258.5769230769231,3.375,14863.433333333332,15.387857142857143,0.1726,26588264.202,331262496.367,0.0802634300399141,2.2808303833007812,NA,NA,NA,NA,NA,NA,NA,NA,NA,NA,10.92,-0.068,NA,NA,NA,NA,NA,26.08458777264871,NA,NA,0,0,0,0,0,0,NZL_2019
NZL,2020,East Asia & Pacific,New Zealand,NZ,,2026-04-08,39785.473128643,43.9772422862431,NA,NA,2.25342351216777,45.7367082288191,213029554653.687,1.54205833333333,1.71456170007245,Wellington,174.776,-41.2865,High income,Not classified,10.59128226236362,NA,59,2.3,21.2,6.9041904,5.5483969465648855,117.7739632,0.37583333333333335,132821.28301886792,1.5749999999999995,17696.283333333333,29.251304347826085,0.5005577689243028,22462009.589,306144306.446,0.07337065924811513,2.2808303833007812,NA,NA,NA,NA,NA,NA,NA,NA,NA,NA,16.68,0.527,NA,NA,NA,NA,NA,26.084696747277714,NA,NA,0,0,0,1,0,0,NZL_2020
NZL,2021,East Asia & Pacific,New Zealand,NZ,,2026-04-08,41490.1148198326,48.5412477650846,NA,98.7523814505022,2.08859937451458,51.305380228031,253977931814.967,1.4138,3.94112060778728,Wellington,174.776,-41.2865,High income,Not classified,10.633234582569031,NA,59.2,2.7,20.6,6.450814457831325,3.321717557251908,113.10509156626506,0.08,2171.269230769231,5.75,20538.24166666667,19.656150793650795,1.181394422310757,23071396.851,385495973.119,0.05984860662572476,2.2808303833007812,NA,NA,NA,NA,NA,NA,NA,NA,NA,NA,26.97,0.617,NA,NA,NA,NA,NA,26.260513217576133,NA,NA,0,0,0,0,0,0,NZL_2021
NZL,2022,East Asia & Pacific,New Zealand,NZ,,2026-04-08,42965.2749754735,53.4761627655817,NA,NA,3.93040138256791,53.9638193955627,249509991440.438,1.57718333333333,7.17222476016441,Wellington,174.776,-41.2865,High income,Not classified,10.668170784053308,NA,58.4,2.8,19.8,6.7290124,4.403984674329502,120.6980116,1.6833333333333333,682.9807692307693,1.325,21607.55,25.6371484375,-0.035622489959839354,34097109.141,411249552.464,0.08291099391283788,NA,NA,NA,NA,NA,NA,NA,NA,NA,NA,NA,26.97,0,NA,NA,NA,NA,NA,26.242764797193637,NA,NA,0,0,0,0,1,0,NZL_2022
NZL,2023,East Asia & Pacific,New Zealand,NZ,,2026-04-08,42573.2308423434,50.4064316790513,NA,NA,1.72217162155153,50.1080559619605,255194972673.122,1.62843333333333,5.73316283034957,Wellington,174.776,-41.2865,High income,Not classified,10.659004439421565,NA,58.9,2.3,19.7,7.080916064257028,4.205076923076923,120.26631887550201,5.024166666666667,343.90384615384613,3.375,20869.600000000002,16.849027237354086,-0.62396,27438362.626000002,293499607.182,0.09348688023621575,NA,NA,NA,NA,NA,NA,NA,NA,NA,NA,NA,44.87,0.664,NA,NA,NA,NA,NA,26.265293688670194,NA,NA,0,0,0,0,0,1,NZL_2023
NZL,2024,East Asia & Pacific,New Zealand,NZ,,2026-04-08,42408.2378731636,51.224397222513,NA,97.8647563722742,0.676410624636643,52.249844725915104,260172385097.616,1.65230833333333,2.92279782301957,Wellington,174.776,-41.2865,High income,Not classified,10.655121491855942,NA,58,2.2,20,7.195725498007969,3.1492015209125475,122.89302988047808,5.1433333333333335,198.34615384615384,2.4,21133.908333333333,15.550656370656371,-0.1644,NA,NA,NA,NA,NA,NA,NA,NA,NA,NA,NA,NA,NA,NA,60.92,0.357,NA,NA,NA,NA,NA,26.284610267871603,NA,NA,0,0,0,0,0,1,NZL_2024
NZL,2025,East Asia & Pacific,New Zealand,NZ,,2026-04-08,NA,NA,NA,NA,NA,NA,NA,NA,NA,Wellington,174.776,-41.2865,High income,Not classified,NA,NA,NA,NA,NA,7.1875432,3.0473946360153255,122.7202868,4.2125,115.9245283018868,2.025,21967.716666666667,18.926666666666666,0.4818875502008032,NA,NA,NA,NA,NA,NA,NA,NA,NA,NA,NA,NA,NA,NA,115,0.888,NA,NA,NA,NA,NA,NA,NA,NA,0,0,0,0,0,1,NZL_2025
SGP,2015,East Asia & Pacific,Singapore,SG,,2026-04-08,55645.6068614606,329.471398940262,NA,NA,22.6541826890491,103.320839751929,307998545269.398,1.374825,-0.521975611895763,Singapore,103.85,1.28941,High income,Not classified,10.92677638200489,NA,65.7,NA,20.5,6.282743426294821,5.365538461538462,108.16961726907631,0.1325,207.1153846153846,2.1,12074.325,16.674126984126985,1.4515139442231075,2405687272.164,55451174763.687996,0.04338388289186176,2.2808303833007812,NA,NA,NA,NA,NA,NA,NA,NA,NA,NA,4.68,NA,NA,NA,NA,NA,NA,26.453360896760774,NA,NA,0,0,0,0,0,0,SGP_2015
SGP,2016,East Asia & Pacific,Singapore,SG,,2026-04-08,56986.7853102911,302.839656046574,NA,NA,20.3766287562495,108.854265917764,319646468521.497,1.38154636363636,-0.529809760375464,Singapore,103.85,1.28941,High income,Not classified,10.950592231050793,NA,65.3,1.1,19.9,6.640016334661355,5.972480916030534,113.06646008064516,0.395,891.7692307692307,2.175,12892.066666666666,15.82563492063492,1.00324,2253908051.432,55971493532.463,0.04026885668371083,2.2808303833007812,NA,NA,NA,NA,NA,NA,NA,NA,NA,NA,6.91,0.477,NA,NA,NA,NA,NA,26.490481436147224,NA,NA,0,0,0,0,0,0,SGP_2016
SGP,2017,East Asia & Pacific,Singapore,SG,,2026-04-08,59485.3015873921,316.794409287568,NA,97.9311709923804,29.6706336940046,109.197026214998,343673334902.33,1.380925,0.576763191179996,Singapore,103.85,1.28941,High income,Not classified,10.9935013396058,NA,63.8,1.2,20.1,6.756870281124498,3.7646153846153845,112.81009919678715,1.0016666666666667,771.5192307692307,3.025,13621.366666666667,11.0902390438247,0.93028,2258376313.233,63631300634.45,0.035491594399538556,2.2808303833007812,NA,NA,NA,NA,NA,NA,NA,NA,NA,NA,9.71,0.405,NA,NA,NA,NA,NA,26.562957435317486,NA,NA,0,0,0,0,0,0,SGP_2017
SGP,2018,East Asia & Pacific,Singapore,SG,,2026-04-08,61250.3476672302,326.59658728675,NA,NA,22.8377290626019,110.689756336508,377123710560.614,1.34884166666667,0.438784215129623,Singapore,103.85,1.28941,High income,Not classified,11.022741130895206,NA,61.9,1.9,20.7,6.6090429718875505,3.626015325670498,112.00375403225806,1.8316666666666666,750.7115384615385,2.125,14141.441666666666,16.6398406374502,0.38417670682730926,2044759835.704,69257926492.734,0.02952383848682678,2.2808303833007812,NA,NA,NA,NA,NA,NA,NA,NA,NA,NA,11.72,0.207,NA,NA,NA,NA,NA,26.655839115292483,NA,NA,0,0,0,0,0,0,SGP_2018
SGP,2019,East Asia & Pacific,Singapore,SG,,2026-04-08,61345.5291820062,324.394985115301,NA,NA,28.2256543399099,128.078092485423,376161998830.048,1.36415833333333,0.567829988405447,Singapore,103.85,1.28941,High income,Not classified,11.024293874488256,NA,60.9,2.1,20.6,6.908139357429719,4.075823754789272,115.73329798387097,2.158333333333333,258.5769230769231,3.375,14863.433333333332,15.387857142857143,0.1726,1965471974.476,67346337316.71,0.029184541473027167,2.2808303833007812,NA,NA,NA,NA,NA,NA,NA,NA,NA,NA,10.92,-0.068,NA,NA,NA,NA,NA,26.65328573550289,NA,NA,0,0,0,0,0,0,SGP_2019
SGP,2020,East Asia & Pacific,Singapore,SG,,2026-04-08,59189.70385743,332.040805481913,NA,NA,22.7176808064108,151.706326367087,349165858544.568,1.37974166666667,-0.172111865925382,Singapore,103.85,1.28941,High income,Not classified,10.98851977910638,NA,59,2.3,21.2,6.9041904,5.5483969465648855,117.7739632,0.37583333333333335,132821.28301886792,1.5749999999999995,17696.283333333333,29.251304347826085,0.5005577689243028,2146232084.958,77978084234.25,0.027523529284338575,2.2808303833007812,NA,NA,NA,NA,NA,NA,NA,NA,NA,NA,16.68,0.527,NA,NA,NA,NA,NA,26.57881288564395,NA,NA,0,0,0,1,0,0,SGP_2020
SGP,2021,East Asia & Pacific,Singapore,SG,,2026-04-08,67731.2610711717,329.161383683762,NA,97.5498512325819,32.5964610130302,149.289112306688,436591382250.464,1.34348333333333,2.31610315765146,Singapore,103.85,1.28941,High income,Not classified,11.123317875250898,NA,59.2,2.7,20.6,6.450814457831325,3.321717557251908,113.10509156626506,0.08,2171.269230769231,5.75,20538.24166666667,19.656150793650795,1.181394422310757,2292054981.479,99193187185.94,0.023106979889480597,2.2808303833007812,NA,NA,NA,NA,NA,NA,NA,NA,NA,NA,26.97,0.617,NA,NA,NA,NA,NA,26.802263542551977,NA,NA,0,0,0,0,0,0,SGP_2021
SGP,2022,East Asia & Pacific,Singapore,SG,,2026-04-08,68218.805333562,332.34956775484,NA,NA,28.3188156351916,154.103642983248,509017841146.557,1.37866666666667,6.13095418919732,Singapore,103.85,1.28941,High income,Not classified,11.130490202458773,NA,58.4,2.8,19.8,6.7290124,4.403984674329502,120.6980116,1.6833333333333333,682.9807692307693,1.325,21607.55,25.6371484375,-0.035622489959839354,1886309606.397,112107115337.41899,0.0168259579306773,NA,NA,NA,NA,NA,NA,NA,NA,NA,NA,NA,26.97,0,NA,NA,NA,NA,NA,26.955748904253095,NA,NA,0,0,0,0,1,0,SGP_2022
SGP,2023,East Asia & Pacific,Singapore,SG,,2026-04-08,66167.3596303607,325.69322405378,NA,NA,24.8866145212528,175.596688403377,505439514078.019,1.34276666666667,4.83372362825798,Singapore,103.85,1.28941,High income,Not classified,11.099957676467007,NA,58.9,2.3,19.7,7.080916064257028,4.205076923076923,120.26631887550201,5.024166666666667,343.90384615384613,3.375,20869.600000000002,16.849027237354086,-0.62396,1409873880.625,91933651527.798,0.015335775934002753,NA,NA,NA,NA,NA,NA,NA,NA,NA,NA,NA,44.87,0.664,NA,NA,NA,NA,NA,26.9486942126176,NA,NA,0,0,0,0,0,1,SGP_2023
SGP,2024,East Asia & Pacific,Singapore,SG,,2026-04-08,67706.8336149739,322.371427934716,NA,97.9718288419762,24.676735941018,175.6139079334,547386645891.847,1.33623333333333,2.38951123595017,Singapore,103.85,1.28941,High income,Not classified,11.122957162915023,NA,58,2.2,20,7.195725498007969,3.1492015209125475,122.89302988047808,5.1433333333333335,198.34615384615384,2.4,21133.908333333333,15.550656370656371,-0.1644,NA,NA,NA,NA,NA,NA,NA,NA,NA,NA,NA,NA,NA,NA,60.92,0.357,NA,NA,NA,NA,NA,27.028421237736318,NA,NA,0,0,0,0,0,1,SGP_2024
SGP,2025,East Asia & Pacific,Singapore,SG,,2026-04-08,NA,NA,NA,NA,NA,NA,NA,NA,NA,Singapore,103.85,1.28941,High income,Not classified,NA,NA,NA,NA,NA,7.1875432,3.0473946360153255,122.7202868,4.2125,115.9245283018868,2.025,21967.716666666667,18.926666666666666,0.4818875502008032,NA,NA,NA,NA,NA,NA,NA,NA,NA,NA,NA,NA,NA,NA,115,0.888,NA,NA,NA,NA,NA,NA,NA,NA,0,0,0,0,0,1,SGP_2025
HKG,2015,East Asia & Pacific,"Hong Kong SAR, China",HK,,2026-04-08,42432.1619740441,389.405949263639,NA,NA,58.5183725103253,NA,309385622601.348,7.75175,2.99084819322581,,114.109,22.3964,High income,Not classified,10.655685457551343,NA,65.7,NA,20.5,6.282743426294821,5.365538461538462,108.16961726907631,0.1325,207.1153846153846,2.1,12074.325,16.674126984126985,1.4515139442231075,3011055400.984,121350313861.815,0.02481291811418612,2.2808303833007812,NA,NA,NA,NA,NA,NA,NA,NA,NA,NA,4.68,NA,NA,NA,NA,NA,NA,26.45785430536427,NA,NA,0,0,0,0,0,0,HKG_2015
HKG,2016,East Asia & Pacific,"Hong Kong SAR, China",HK,,2026-04-08,43087.5455578429,371.727231773253,NA,NA,41.5318364506118,NA,320860317562.562,7.76225,2.40930743862224,,114.109,22.3964,High income,Not classified,10.671012476451054,NA,65.3,1.1,19.9,6.640016334661355,5.972480916030534,113.06646008064516,0.395,891.7692307692307,2.175,12892.066666666666,15.82563492063492,1.00324,3365055229.485,135959829216.89401,0.024750363757200626,2.2808303833007812,NA,NA,NA,NA,NA,NA,NA,NA,NA,NA,6.91,0.477,NA,NA,NA,NA,NA,26.494271717595094,NA,NA,0,0,0,0,0,0,HKG_2016
HKG,2017,East Asia & Pacific,"Hong Kong SAR, China",HK,,2026-04-08,44380.8100340362,376.795666734722,NA,95.2832588698892,36.8375516616862,NA,341273289534.466,7.79325,1.49387243939522,,114.109,22.3964,High income,Not classified,10.700584980558828,NA,63.8,1.2,20.1,6.756870281124498,3.7646153846153845,112.81009919678715,1.0016666666666667,771.5192307692307,3.025,13621.366666666667,11.0902390438247,0.93028,3647740266.188,163313797966.328,0.022335775125014792,2.2808303833007812,NA,NA,NA,NA,NA,NA,NA,NA,NA,NA,9.71,0.405,NA,NA,NA,NA,NA,26.55594942883979,NA,NA,0,0,0,0,0,0,HKG_2017
HKG,2018,East Asia & Pacific,"Hong Kong SAR, China",HK,,2026-04-08,45280.5079891951,376.892773545026,NA,NA,26.8255240590301,NA,361731070995.726,7.8385,2.40613432046534,,114.109,22.3964,High income,Not classified,10.720654015970812,NA,61.9,1.9,20.7,6.6090429718875505,3.626015325670498,112.00375403225806,1.8316666666666666,750.7115384615385,2.125,14141.441666666666,16.6398406374502,0.38417670682730926,4654523333.339,186759064625.343,0.02492261000919249,2.2808303833007812,NA,NA,NA,NA,NA,NA,NA,NA,NA,NA,11.72,0.207,NA,NA,NA,NA,NA,26.61416687488777,NA,NA,0,0,0,0,0,0,HKG_2018
HKG,2019,East Asia & Pacific,"Hong Kong SAR, China",HK,,2026-04-08,44195.2768644431,353.743521139731,NA,NA,16.0571325877868,NA,363074545072.389,7.83591666666667,2.88320853773996,,114.109,22.3964,High income,Not classified,10.696395830681793,NA,60.9,2.1,20.6,6.908139357429719,4.075823754789272,115.73329798387097,2.158333333333333,258.5769230769231,3.375,14863.433333333332,15.387857142857143,0.1726,4460467860.435,175655314182.431,0.025393298695207567,2.2808303833007812,NA,NA,NA,NA,NA,NA,NA,NA,NA,NA,10.92,-0.068,NA,NA,NA,NA,NA,26.617874008457022,NA,NA,0,0,0,0,0,0,HKG_2019
HKG,2020,East Asia & Pacific,"Hong Kong SAR, China",HK,,2026-04-08,41451.2981131333,350.679705044448,NA,NA,34.0497513548395,NA,344943149590.058,7.75725,0.2509620210808,,114.109,22.3964,High income,Not classified,10.63229860204543,NA,59,2.3,21.2,6.9041904,5.5483969465648855,117.7739632,0.37583333333333335,132821.28301886792,1.5749999999999995,17696.283333333333,29.251304347826085,0.5005577689243028,4503225235.983,192428646169.445,0.02340205227041736,2.2808303833007812,NA,NA,NA,NA,NA,NA,NA,NA,NA,NA,16.68,0.527,NA,NA,NA,NA,NA,26.566645456605396,NA,NA,0,0,0,1,0,0,HKG_2020
HKG,2021,East Asia & Pacific,"Hong Kong SAR, China",HK,,2026-04-08,44530.9262090583,402.459681454463,NA,97.801244380349,37.1838191639948,NA,368954169748.818,7.77325,1.56875834445922,,114.109,22.3964,High income,Not classified,10.703961653815389,NA,59.2,2.7,20.6,6.450814457831325,3.321717557251908,113.10509156626506,0.08,2171.269230769231,5.75,20538.24166666667,19.656150793650795,1.181394422310757,5541807075.857,253904188850.044,0.021826371203076116,2.2808303833007812,NA,NA,NA,NA,NA,NA,NA,NA,NA,NA,26.97,0.617,NA,NA,NA,NA,NA,26.633938272053324,NA,NA,0,0,0,0,0,0,HKG_2021
HKG,2022,East Asia & Pacific,"Hong Kong SAR, China",HK,,2026-04-08,43281.6852291306,384.881143223724,NA,NA,34.127375983385,NA,358679533984.718,7.83141666666666,1.88136707196853,,114.109,22.3964,High income,Not classified,10.6755079547827,NA,58.4,2.8,19.8,6.7290124,4.403984674329502,120.6980116,1.6833333333333333,682.9807692307693,1.325,21607.55,25.6371484375,-0.035622489959839354,5277352482.03,255178415757.593,0.02068103004073521,NA,NA,NA,NA,NA,NA,NA,NA,NA,NA,NA,26.97,0,NA,NA,NA,NA,NA,26.605695163781387,NA,NA,0,0,0,0,1,0,HKG_2022
HKG,2023,East Asia & Pacific,"Hong Kong SAR, China",HK,,2026-04-08,43550.6298747786,353.007500147482,NA,NA,32.0136011857385,NA,381043026173.935,7.82958333333333,2.09660511249089,,114.109,22.3964,High income,Not classified,10.681702406948387,NA,58.9,2.3,19.7,7.080916064257028,4.205076923076923,120.26631887550201,5.024166666666667,343.90384615384613,3.375,20869.600000000002,16.849027237354086,-0.62396,3968468178.255,225852403849.798,0.017571069028312004,NA,NA,NA,NA,NA,NA,NA,NA,NA,NA,NA,44.87,0.664,NA,NA,NA,NA,NA,26.66617813529005,NA,NA,0,0,0,0,0,1,HKG_2023
HKG,2024,East Asia & Pacific,"Hong Kong SAR, China",HK,,2026-04-08,44712.7654725532,359.506710667464,NA,97.3080247282368,30.924624334882,NA,406863396487.342,7.80383333333334,1.72972119105914,,114.109,22.3964,High income,Not classified,10.708036685600163,NA,58,2.2,20,7.195725498007969,3.1492015209125475,122.89302988047808,5.1433333333333335,198.34615384615384,2.4,21133.908333333333,15.550656370656371,-0.1644,NA,NA,NA,NA,NA,NA,NA,NA,NA,NA,NA,NA,NA,NA,60.92,0.357,NA,NA,NA,NA,NA,26.731743330887138,NA,NA,0,0,0,0,0,1,HKG_2024
HKG,2025,East Asia & Pacific,"Hong Kong SAR, China",HK,,2026-04-08,NA,NA,NA,NA,NA,NA,NA,NA,NA,,114.109,22.3964,High income,Not classified,NA,NA,NA,NA,NA,7.1875432,3.0473946360153255,122.7202868,4.2125,115.9245283018868,2.025,21967.716666666667,18.926666666666666,0.4818875502008032,NA,NA,NA,NA,NA,NA,NA,NA,NA,NA,NA,NA,NA,NA,115,0.888,NA,NA,NA,NA,NA,NA,NA,NA,0,0,0,0,0,1,HKG_2025
ISR,2015,Middle East & North Africa,Israel,IL,,2026-04-08,36213.1041481958,58.897971915566,NA,NA,3.73553271836246,NA,303469434072.296,3.88683333333333,-0.617342577642765,,35.2035,31.7717,High income,Not classified,10.497203939286205,NA,65.7,NA,20.5,6.282743426294821,5.365538461538462,108.16961726907631,0.1325,207.1153846153846,2.1,12074.325,16.674126984126985,1.4515139442231075,1357386000,3239712000,0.41898353927756543,2.2808303833007812,NA,NA,NA,NA,573378077.603938,4,NA,NA,NA,NA,4.68,NA,NA,NA,NA,NA,NA,26.43854673091886,20.16705588013502,NA,0,0,0,0,0,0,ISR_2015
ISR,2016,Middle East & North Africa,Israel,IL,,2026-04-08,37093.7879065422,57.7990316850783,NA,NA,3.72366398162517,NA,321940971558.016,3.84056666666667,-0.535168195718695,,35.2035,31.7717,High income,Not classified,10.521231751031927,NA,65.3,1.1,19.9,6.640016334661355,5.972480916030534,113.06646008064516,0.395,891.7692307692307,2.175,12892.066666666666,15.82563492063492,1.00324,920204000,3457166000,0.26617292892502126,2.2808303833007812,NA,NA,NA,NA,0,2,NA,NA,NA,NA,6.91,0.477,NA,NA,NA,NA,NA,26.497634047546292,0,NA,0,0,0,0,0,0,ISR_2016
ISR,2017,Middle East & North Africa,Israel,IL,,2026-04-08,37963.0491190696,56.2801142540924,NA,92.8149668417564,4.71262751632939,NA,358451839052.991,3.59955554812834,0.249807840123008,,35.2035,31.7717,High income,Not classified,10.544394915082377,NA,63.8,1.2,20.1,6.756870281124498,3.7646153846153845,112.81009919678715,1.0016666666666667,771.5192307692307,3.025,13621.366666666667,11.0902390438247,0.93028,365477000,1876187000,0.194797746706485,2.2808303833007812,NA,NA,NA,NA,0,2,NA,NA,NA,NA,9.71,0.405,NA,NA,NA,NA,NA,26.605060147805407,0,NA,0,0,0,0,0,0,ISR_2017
ISR,2018,Middle East & North Africa,Israel,IL,,2026-04-08,38729.6426036983,58.7437542387448,NA,NA,5.71739368118438,NA,376299083108.497,3.59055812689938,0.805060379528526,,35.2035,31.7717,High income,Not classified,10.564386364255954,NA,61.9,1.9,20.7,6.6090429718875505,3.626015325670498,112.00375403225806,1.8316666666666666,750.7115384615385,2.125,14141.441666666666,16.6398406374502,0.38417670682730926,298932000,2032457000,0.14707912639726203,2.2808303833007812,NA,NA,NA,NA,0,2,NA,NA,NA,NA,11.72,0.207,NA,NA,NA,NA,NA,26.653650097948354,0,NA,0,0,0,0,0,0,ISR_2018
ISR,2019,Middle East & North Africa,Israel,IL,,2026-04-08,39407.2016076709,56.325348642584,NA,NA,4.33363467004394,NA,400645216358.857,3.56452734661093,0.817645940292794,,35.2035,31.7717,High income,Not classified,10.581729236254432,NA,60.9,2.1,20.6,6.908139357429719,4.075823754789272,115.73329798387097,2.158333333333333,258.5769230769231,3.375,14863.433333333332,15.387857142857143,0.1726,327139000,1878120000,0.17418429067365238,2.2808303833007812,NA,NA,NA,NA,NA,NA,NA,NA,NA,NA,10.92,-0.068,NA,NA,NA,NA,NA,26.716342125400864,NA,NA,0,0,0,0,0,0,ISR_2019
ISR,2020,Middle East & North Africa,Israel,IL,,2026-04-08,37935.5432717179,51.2366737920366,NA,NA,5.1047506129271,NA,410768352657.612,3.44240585198793,-0.575254620897756,,35.2035,31.7717,High income,Not classified,10.543670128945948,NA,59,2.3,21.2,6.9041904,5.5483969465648855,117.7739632,0.37583333333333335,132821.28301886792,1.5749999999999995,17696.283333333333,29.251304347826085,0.5005577689243028,295994000,1877839000,0.15762480170025225,2.2808303833007812,NA,NA,NA,NA,140009276.3862463,2,NA,NA,NA,NA,16.68,0.527,NA,NA,NA,NA,NA,26.74129527371435,18.757219245422633,NA,0,0,0,1,0,0,ISR_2020
ISR,2021,Middle East & North Africa,Israel,IL,,2026-04-08,40804.9689802536,54.9016842006986,NA,92.9252212375394,3.86849852798664,NA,489851549972.347,3.23019832251082,1.47965474722561,,35.2035,31.7717,High income,Not classified,10.616583648227293,NA,59.2,2.7,20.6,6.450814457831325,3.321717557251908,113.10509156626506,0.08,2171.269230769231,5.75,20538.24166666667,19.656150793650795,1.181394422310757,814071000,2751486000,0.29586594298499064,2.2808303833007812,NA,NA,NA,NA,NA,NA,NA,NA,NA,NA,26.97,0.617,NA,NA,NA,NA,NA,26.917368222911595,NA,NA,0,0,0,0,0,0,ISR_2021
ISR,2022,Middle East & North Africa,Israel,IL,,2026-04-08,42516.3888090274,60.6448526742952,NA,NA,4.35725962102686,NA,525181008025.57,3.35961440158189,4.41162725488371,,35.2035,31.7717,High income,Not classified,10.657668419681809,NA,58.4,2.8,19.8,6.7290124,4.403984674329502,120.6980116,1.6833333333333333,682.9807692307693,1.325,21607.55,25.6371484375,-0.035622489959839354,706450000,3511397000,0.20118773240394067,NA,NA,NA,NA,NA,NA,NA,NA,NA,NA,NA,26.97,0,NA,NA,NA,NA,NA,26.9870088173095,NA,NA,0,0,0,0,1,0,ISR_2022
ISR,2023,Middle East & North Africa,Israel,IL,,2026-04-08,42011.6213954855,57.9903207136983,NA,NA,3.15712318737314,NA,512184638998.974,3.6673747160226,4.22522603168918,,35.2035,31.7717,High income,Not classified,10.645725361537917,NA,58.9,2.3,19.7,7.080916064257028,4.205076923076923,120.26631887550201,5.024166666666667,343.90384615384613,3.375,20869.600000000002,16.849027237354086,-0.62396,442402000,2913671000,0.1518366349529511,NA,NA,NA,NA,NA,NA,NA,NA,NA,NA,NA,44.87,0.664,NA,NA,NA,NA,NA,26.961951020023882,NA,NA,0,0,0,0,0,1,ISR_2023
ISR,2024,Middle East & North Africa,Israel,IL,,2026-04-08,41845.1660567523,54.4520002969727,NA,89.2691974119826,2.73472411141711,NA,540379921261.681,3.69971964970892,3.07480889805025,,35.2035,31.7717,High income,Not classified,10.64175546017389,NA,58,2.2,20,7.195725498007969,3.1492015209125475,122.89302988047808,5.1433333333333335,198.34615384615384,2.4,21133.908333333333,15.550656370656371,-0.1644,NA,NA,NA,NA,NA,NA,NA,NA,NA,NA,NA,NA,NA,NA,60.92,0.357,NA,NA,NA,NA,NA,27.015538287017755,NA,NA,0,0,0,0,0,1,ISR_2024
ISR,2025,Middle East & North Africa,Israel,IL,,2026-04-08,NA,NA,NA,NA,NA,NA,NA,NA,NA,,35.2035,31.7717,High income,Not classified,NA,NA,NA,NA,NA,7.1875432,3.0473946360153255,122.7202868,4.2125,115.9245283018868,2.025,21967.716666666667,18.926666666666666,0.4818875502008032,NA,NA,NA,NA,NA,NA,NA,NA,NA,NA,NA,NA,NA,NA,115,0.888,NA,NA,NA,NA,NA,NA,NA,NA,0,0,0,0,0,1,ISR_2025
CHN,2015,East Asia & Pacific,China,CN,,2026-04-08,8175.33285077393,38.6971848362625,NA,NA,2.14957284731563,NA,11280814787468.9,6.22748867298454,1.43702380935654,Beijing,116.286,40.0495,Upper middle income,IBRD,9.008999022325924,NA,65.7,NA,20.5,6.282743426294821,5.365538461538462,108.16961726907631,0.1325,207.1153846153846,2.1,12074.325,16.674126984126985,1.4515139442231075,11988714514,249611324268,0.0480295297064651,-1.2538762092590332,NA,NA,NA,NA,NA,NA,NA,NA,NA,NA,4.68,NA,NA,NA,NA,NA,NA,30.054124592321518,NA,NA,0,1,0,0,0,0,CHN_2015
CHN,2016,East Asia & Pacific,China,CN,,2026-04-08,8679.37704460133,36.177170692978,NA,NA,1.52539470315394,NA,11456024084962,6.6444778294468,2.00000182191943,Beijing,116.286,40.0495,Upper middle income,IBRD,9.068820245029105,NA,65.3,1.1,19.9,6.640016334661355,5.972480916030534,113.06646008064516,0.395,891.7692307692307,2.175,12892.066666666666,15.82563492063492,1.00324,9211089872,243514632010,0.03782561152884539,-1.2538762092590332,NA,NA,NA,NA,NA,NA,NA,NA,NA,NA,6.91,0.477,NA,NA,NA,NA,NA,30.06953682853316,NA,NA,0,1,0,0,0,0,CHN_2016
CHN,2017,East Asia & Pacific,China,CN,,2026-04-08,9221.51403820573,36.95085261586,NA,79.5313410701405,1.32468971748482,NA,12537559062282.9,6.75875508633597,1.59313600071435,Beijing,116.286,40.0495,Upper middle income,IBRD,9.129402951638903,NA,63.8,1.2,20.1,6.756870281124498,3.7646153846153845,112.81009919678715,1.0016666666666667,771.5192307692307,3.025,13621.366666666667,11.0902390438247,0.93028,10755682101,278585750870,0.03860815589961405,-1.2538762092590332,NA,NA,NA,NA,NA,NA,NA,NA,NA,NA,9.71,0.405,NA,NA,NA,NA,NA,30.15974998005567,NA,NA,0,1,0,0,0,0,CHN_2017
CHN,2018,East Asia & Pacific,China,CN,,2026-04-08,9798.6528523316,36.8943843914718,NA,NA,1.66361992284408,NA,14147765772963.8,6.61595717735439,2.07479039965576,Beijing,116.286,40.0495,Upper middle income,IBRD,9.190102240799776,NA,61.9,1.9,20.7,6.6090429718875505,3.626015325670498,112.00375403225806,1.8316666666666666,750.7115384615385,2.125,14141.441666666666,16.6398406374502,0.38417670682730926,12545958941,335698644648,0.037372682735002355,-1.2538762092590332,NA,NA,NA,NA,NA,NA,NA,NA,NA,NA,11.72,0.207,NA,NA,NA,NA,NA,30.280577831647378,NA,NA,0,1,0,0,0,0,CHN_2018
CHN,2019,East Asia & Pacific,China,CN,,2026-04-08,10356.4804194995,35.1994202738836,NA,NA,1.28549226847992,NA,14560167101283.4,6.90838500992901,2.89923416358226,Beijing,116.286,40.0495,Upper middle income,IBRD,9.2454642834838765,NA,60.9,2.1,20.6,6.908139357429719,4.075823754789272,115.73329798387097,2.158333333333333,258.5769230769231,3.375,14863.433333333332,15.387857142857143,0.1726,13867467656,329663595823,0.042065511120146844,-1.2538762092590332,NA,NA,NA,NA,NA,NA,NA,NA,NA,NA,10.92,-0.068,NA,NA,NA,NA,NA,30.309310635367797,NA,NA,0,1,0,0,0,0,CHN_2019
CHN,2020,East Asia & Pacific,China,CN,,2026-04-08,10573.6420059282,34.0389507864581,NA,NA,1.68770756292082,NA,14996414166715.1,6.90076726944924,2.41942189457782,Beijing,116.286,40.0495,Upper middle income,IBRD,9.266214150474148,NA,59,2.3,21.2,6.9041904,5.5483969465648855,117.7739632,0.37583333333333335,132821.28301886792,1.5749999999999995,17696.283333333333,29.251304347826085,0.5005577689243028,14482624180,375488975420,0.03857003834480249,-1.2538762092590332,NA,NA,NA,NA,NA,NA,NA,NA,NA,NA,16.68,0.527,NA,NA,NA,NA,NA,30.338832232900167,NA,NA,0,1,0,1,0,0,CHN_2020
CHN,2021,East Asia & Pacific,China,CN,,2026-04-08,11469.5707134928,36.5206911762676,NA,88.7090216844445,1.8903454142588,NA,18201698719564,6.44897518024316,0.981015135544881,Beijing,116.286,40.0495,Upper middle income,IBRD,9.347539965946847,NA,59.2,2.7,20.6,6.450814457831325,3.321717557251908,113.10509156626506,0.08,2171.269230769231,5.75,20538.24166666667,19.656150793650795,1.181394422310757,15935031499,466616704660,0.034150152233857665,-1.2538762092590332,NA,NA,NA,NA,NA,NA,NA,NA,NA,NA,26.97,0.617,NA,NA,NA,NA,NA,30.53253604189558,NA,NA,0,1,0,0,0,0,CHN_2021
CHN,2022,East Asia & Pacific,China,CN,,2026-04-08,11830.5983703496,37.440719876366,NA,NA,1.03841365474349,NA,18316765021690.2,6.73715811237118,1.9735755573905,Beijing,116.286,40.0495,Upper middle income,IBRD,9.37852905945596,NA,58.4,2.8,19.8,6.7290124,4.403984674329502,120.6980116,1.6833333333333333,682.9807692307693,1.325,21607.55,25.6371484375,-0.035622489959839354,12328286622,446837007524,0.027590119919370906,NA,NA,NA,NA,NA,NA,NA,NA,NA,NA,NA,26.97,0,NA,NA,NA,NA,NA,30.53883787779672,NA,NA,0,1,0,0,1,0,CHN_2022
CHN,2023,East Asia & Pacific,China,CN,,2026-04-08,12484.1578844175,36.1051923691138,NA,NA,0.280991103634816,NA,18270356654533.2,7.0839984234363,0.23483682889305,Beijing,116.286,40.0495,Upper middle income,IBRD,9.432295848562429,NA,58.9,2.3,19.7,7.080916064257028,4.205076923076923,120.26631887550201,5.024166666666667,343.90384615384613,3.375,20869.600000000002,16.849027237354086,-0.62396,8547563579,380599540247,0.022458155292181477,NA,NA,NA,NA,NA,NA,NA,NA,NA,NA,NA,44.87,0.664,NA,NA,NA,NA,NA,30.5363010074489,NA,NA,0,1,0,0,0,1,CHN_2023
CHN,2024,East Asia & Pacific,China,CN,,2026-04-08,13121.6769905565,37.1984201388065,NA,89.3830319754266,0.0989988051182737,NA,18743803170827.2,7.19749110789916,0.218128938439177,Beijing,116.286,40.0495,Upper middle income,IBRD,9.482097080599338,NA,58,2.2,20,7.195725498007969,3.1492015209125475,122.89302988047808,5.1433333333333335,198.34615384615384,2.4,21133.908333333333,15.550656370656371,-0.1644,NA,NA,NA,NA,NA,NA,NA,NA,NA,NA,NA,NA,NA,NA,60.92,0.357,NA,NA,NA,NA,NA,30.561884316162786,NA,NA,0,1,0,0,0,1,CHN_2024
CHN,2025,East Asia & Pacific,China,CN,,2026-04-08,NA,NA,NA,NA,NA,NA,NA,NA,NA,Beijing,116.286,40.0495,Upper middle income,IBRD,NA,NA,NA,NA,NA,7.1875432,3.0473946360153255,122.7202868,4.2125,115.9245283018868,2.025,21967.716666666667,18.926666666666666,0.4818875502008032,NA,NA,NA,NA,NA,NA,NA,NA,NA,NA,NA,NA,NA,NA,115,0.888,NA,NA,NA,NA,NA,NA,NA,NA,0,1,0,0,0,1,CHN_2025
IND,2015,South Asia,India,IN,,2026-04-08,1583.99815907985,41.9229138658647,NA,NA,2.09211521443253,49.9647183856551,2103588360044.94,64.1519444632786,4.90697344127256,New Delhi,77.225,28.6353,Lower middle income,IBRD,7.368338524846889,NA,65.7,NA,20.5,6.282743426294821,5.365538461538462,108.16961726907631,0.1325,207.1153846153846,2.1,12074.325,16.674126984126985,1.4515139442231075,273519935,4220760090,0.06480347832326097,-1.2538762092590332,NA,NA,NA,NA,1253581811.2196898,9,NA,NA,NA,NA,4.68,NA,NA,0.0011926924748835493,NA,NA,NA,28.374665745296767,20.949270740460896,NA,0,1,0,0,0,0,IND_2015
IND,2016,South Asia,India,IN,,2026-04-08,1694.46534973825,40.082485713276,NA,NA,1.9373641224439,47.6337555915272,2294796885663.16,67.1953128073894,4.94821634062141,New Delhi,77.225,28.6353,Lower middle income,IBRD,7.435712524753059,NA,65.3,1.1,19.9,6.640016334661355,5.972480916030534,113.06646008064516,0.395,891.7692307692307,2.175,12892.066666666666,15.82563492063492,1.00324,264847341,4012588386,0.06600411393405255,-1.2538762092590332,NA,NA,NA,NA,771455009.4458365,8,NA,NA,NA,NA,6.91,0.477,NA,7.057510414473206e-4,NA,NA,NA,28.46166545254586,20.463788913674186,NA,0,1,0,0,0,0,IND_2016
IND,2017,South Asia,India,IN,,2026-04-08,1788.69770318446,40.7424969545225,NA,79.8753284971461,1.50731583255894,47.5836093800197,2651474262755.45,65.1215686450659,3.32817337461298,New Delhi,77.225,28.6353,Lower middle income,IBRD,7.489802003670279,NA,63.8,1.2,20.1,6.756870281124498,3.7646153846153845,112.81009919678715,1.0016666666666667,771.5192307692307,3.025,13621.366666666667,11.0902390438247,0.93028,304178233.658,4815269361.924,0.06316951572081149,-1.2538762092590332,NA,NA,NA,NA,92187052.5616779,2,NA,NA,NA,NA,9.71,0.405,NA,7.306764872423221e-5,NA,NA,NA,28.60613692680345,18.339330261765905,NA,0,1,0,0,0,0,IND_2017
IND,2018,South Asia,India,IN,,2026-04-08,1883.35772705062,43.6169693323889,NA,NA,1.55821483801456,46.5224986659322,2702929641648.74,68.3894670935422,3.9388264669163,New Delhi,77.225,28.6353,Lower middle income,IBRD,7.541342313465908,NA,61.9,1.9,20.7,6.6090429718875505,3.626015325670498,112.00375403225806,1.8316666666666666,750.7115384615385,2.125,14141.441666666666,16.6398406374502,0.38417670682730926,395424460.379,10115386411.812,0.03909138457797841,-1.2538762092590332,NA,NA,NA,NA,95590.8297232795,4,NA,NA,NA,NA,11.72,0.207,NA,7.601835337899278e-8,NA,NA,NA,28.625357353157753,11.467842632241698,NA,0,1,0,0,0,0,IND_2018
IND,2019,South Asia,India,IN,,2026-04-08,1936.03067741067,39.9054035306442,NA,NA,1.78482633957161,NA,2835606256558.19,70.4203405359551,3.72950573539129,New Delhi,77.225,28.6353,Lower middle income,IBRD,7.568911500870984,NA,60.9,2.1,20.6,6.908139357429719,4.075823754789272,115.73329798387097,2.158333333333333,258.5769230769231,3.375,14863.433333333332,15.387857142857143,0.1726,574107510.785,12506187174.243,0.045905878649201544,-1.2538762092590332,NA,NA,NA,NA,113006673.6224628,9,NA,NA,NA,NA,10.92,-0.068,NA,NA,NA,NA,NA,28.673276877357054,18.542957442387625,NA,0,1,0,0,0,0,IND_2019
IND,2020,South Asia,India,IN,,2026-04-08,1806.50110583878,37.7581053292768,NA,NA,2.40620322673636,NA,2674851578587.27,74.0995668836052,6.62343677628535,New Delhi,77.225,28.6353,Lower middle income,IBRD,7.49970056583842,NA,59,2.3,21.2,6.9041904,5.5483969465648855,117.7739632,0.37583333333333335,132821.28301886792,1.5749999999999995,17696.283333333333,29.251304347826085,0.5005577689243028,496569684.23,10572327774.969,0.04696881281014351,-1.2538762092590332,NA,NA,NA,NA,101530636.580682,1,NA,NA,NA,NA,16.68,0.527,NA,NA,NA,NA,NA,28.614915010097288,18.435871158984686,NA,0,1,0,1,0,0,IND_2020
IND,2021,South Asia,India,IN,,2026-04-08,1965.30943437506,45.4230887840446,NA,77.5291370626274,1.41217101040888,NA,3167270623260.47,73.9180128154351,5.13140747176369,New Delhi,77.225,28.6353,Lower middle income,IBRD,7.5839136811884105,NA,59.2,2.7,20.6,6.450814457831325,3.321717557251908,113.10509156626506,0.08,2171.269230769231,5.75,20538.24166666667,19.656150793650795,1.181394422310757,646416130.136,16326423112.707,0.03959324866650605,-1.2538762092590332,NA,NA,NA,NA,NA,NA,NA,NA,NA,NA,26.97,0.617,NA,NA,NA,NA,NA,28.78389133081679,NA,NA,0,1,0,0,0,0,IND_2021
IND,2022,South Asia,India,IN,,2026-04-08,2098.2112447615,50.0752701498882,NA,NA,1.49248825904,NA,3346107287730.93,78.6044905829916,6.69903414079852,New Delhi,77.225,28.6353,Lower middle income,IBRD,7.6493169554244,NA,58.4,2.8,19.8,6.7290124,4.403984674329502,120.6980116,1.6833333333333333,682.9807692307693,1.325,21607.55,25.6371484375,-0.035622489959839354,733717609.388,21274555652.545002,0.03448803450333064,NA,NA,NA,NA,NA,NA,NA,NA,NA,NA,NA,26.97,0,NA,NA,NA,NA,NA,28.838818782453703,NA,NA,0,1,0,0,1,0,IND_2022
IND,2023,South Asia,India,IN,,2026-04-08,2270.9051808027,44.9928422877561,NA,NA,0.771919134264091,NA,3638489096033.86,82.5992764460784,5.64914318907925,New Delhi,77.225,28.6353,Lower middle income,IBRD,7.728374045168534,NA,58.9,2.3,19.7,7.080916064257028,4.205076923076923,120.26631887550201,5.024166666666667,343.90384615384613,3.375,20869.600000000002,16.849027237354086,-0.62396,555176495.106,23952121190.228,0.02317859410850431,NA,NA,NA,NA,NA,NA,NA,NA,NA,NA,NA,44.87,0.664,NA,NA,NA,NA,NA,28.922589627899285,NA,NA,0,1,0,0,0,1,IND_2023
IND,2024,South Asia,India,IN,,2026-04-08,2396.94999213544,44.6492935069676,NA,89.0248224502547,0.694133152879562,NA,3909891533858.08,83.669281580941,4.95303550973656,New Delhi,77.225,28.6353,Lower middle income,IBRD,7.782369481381455,NA,58,2.2,20,7.195725498007969,3.1492015209125475,122.89302988047808,5.1433333333333335,198.34615384615384,2.4,21133.908333333333,15.550656370656371,-0.1644,NA,NA,NA,NA,NA,NA,NA,NA,NA,NA,NA,NA,NA,NA,60.92,0.357,NA,NA,NA,NA,NA,28.994530748840038,NA,NA,0,1,0,0,0,1,IND_2024
IND,2025,South Asia,India,IN,,2026-04-08,NA,NA,NA,NA,NA,NA,NA,NA,NA,New Delhi,77.225,28.6353,Lower middle income,IBRD,NA,NA,NA,NA,NA,7.1875432,3.0473946360153255,122.7202868,4.2125,115.9245283018868,2.025,21967.716666666667,18.926666666666666,0.4818875502008032,NA,NA,NA,NA,NA,NA,NA,NA,NA,NA,NA,NA,NA,NA,115,0.888,NA,NA,NA,NA,NA,NA,NA,NA,0,1,0,0,0,1,IND_2025
BRA,2015,Latin America & Caribbean,Brazil,BR,,2026-04-08,8936.1955889444,26.9536259372369,NA,NA,3.59214973121732,67.5375540307946,1802211999456.42,3.32690438276879,9.02990102416136,Brasilia,-47.9292,-15.7801,Upper middle income,IBRD,9.09797712644396,NA,65.7,NA,20.5,6.282743426294821,5.365538461538462,108.16961726907631,0.1325,207.1153846153846,2.1,12074.325,16.674126984126985,1.4515139442231075,372419546,4854226876,0.07672067159474892,-1.2538762092590332,NA,NA,NA,NA,11445978525.309572,18,NA,NA,NA,NA,4.68,NA,NA,0.009403764008784059,NA,NA,NA,28.220035914952582,23.160904284844683,NA,0,1,0,0,0,0,BRA_2015
BRA,2016,Latin America & Caribbean,Brazil,BR,,2026-04-08,8577.84277969667,24.5336820770756,NA,NA,4.13737853830264,73.4188038019563,1795693265999.04,3.4913134215727,8.73914352329393,Brasilia,-47.9292,-15.7801,Upper middle income,IBRD,9.057054309224442,NA,65.3,1.1,19.9,6.640016334661355,5.972480916030534,113.06646008064516,0.395,891.7692307692307,2.175,12892.066666666666,15.82563492063492,1.00324,241539724,3951388249,0.06112781351240993,-1.2538762092590332,NA,NA,NA,NA,22630355763.361874,16,NA,NA,NA,NA,6.91,0.477,NA,0.01716532074964578,NA,NA,NA,28.216412283917645,23.842558017385734,NA,0,1,0,0,0,0,BRA_2016
BRA,2017,Latin America & Caribbean,Brazil,BR,,2026-04-08,8628.25209645723,24.3197343741684,NA,70.0439481477435,3.33826028420938,83.6692026491606,2063514688805.78,3.19138944630048,3.44637335032669,Brasilia,-47.9292,-15.7801,Upper middle income,IBRD,9.06291311710731,NA,63.8,1.2,20.1,6.756870281124498,3.7646153846153845,112.81009919678715,1.0016666666666667,771.5192307692307,3.025,13621.366666666667,11.0902390438247,0.93028,262260075,5365048843,0.04888307314148342,-1.2538762092590332,NA,NA,NA,NA,6485445457.84199,19,NA,NA,NA,NA,9.71,0.405,NA,0.0037563548889481394,NA,NA,NA,28.35543180450808,22.592826343002137,NA,0,1,0,0,0,0,BRA_2017
BRA,2018,Latin America & Caribbean,Brazil,BR,,2026-04-08,8722.33529970988,28.876203376153,NA,NA,4.07858861807831,86.6078841212333,1916933708352.71,3.65382536145755,3.66485028376728,Brasilia,-47.9292,-15.7801,Upper middle income,IBRD,9.073756932271786,NA,61.9,1.9,20.7,6.6090429718875505,3.626015325670498,112.00375403225806,1.8316666666666666,750.7115384615385,2.125,14141.441666666666,16.6398406374502,0.38417670682730926,310836837,6035411764,0.0515021756848602,-1.2538762092590332,NA,NA,NA,NA,2458721016.704593,18,NA,NA,NA,NA,11.72,0.207,NA,0.001480964780635993,NA,NA,NA,28.281747998462308,21.622907140187635,NA,0,1,0,0,0,0,BRA_2018
BRA,2019,Latin America & Caribbean,Brazil,BR,,2026-04-08,8771.43950372603,28.8902578697354,NA,NA,3.69267330426814,92.5652531951269,1873288158838.63,3.9444710972507,3.73297621216893,Brasilia,-47.9292,-15.7801,Upper middle income,IBRD,9.079370211306607,NA,60.9,2.1,20.6,6.908139357429719,4.075823754789272,115.73329798387097,2.158333333333333,258.5769230769231,3.375,14863.433333333332,15.387857142857143,0.1726,231306156,5544288923,0.0417197154066857,-1.2538762092590332,NA,NA,NA,NA,2908852295.678525,11,NA,NA,NA,NA,10.92,-0.068,NA,0.0016775253357973977,NA,NA,NA,28.25871637637686,21.79102444056694,NA,0,1,0,0,0,0,BRA_2019
BRA,2020,Latin America & Caribbean,Brazil,BR,,2026-04-08,8435.01046209185,32.3020785443492,NA,NA,2.59263784624068,98.7098819471851,1476107292151.95,5.1551787875128,3.21176803803376,Brasilia,-47.9292,-15.7801,Upper middle income,IBRD,9.040264781769999,NA,59,2.3,21.2,6.9041904,5.5483969465648855,117.7739632,0.37583333333333335,132821.28301886792,1.5749999999999995,17696.283333333333,29.251304347826085,0.5005577689243028,199234777,5615193382,0.03548137409455296,-1.2538762092590332,NA,NA,NA,NA,256311937.5762604,19,NA,NA,NA,NA,16.68,0.527,NA,1.7590989745645122e-4,NA,NA,NA,28.02042953062549,19.361905770726484,NA,0,1,0,1,0,0,BRA_2020
BRA,2021,Latin America & Caribbean,Brazil,BR,,2026-04-08,8799.22844579944,37.6563307592575,NA,84.0357458977852,2.77979074096507,85.011503676948,1670647464062.96,5.39440078962503,8.30165975585673,Brasilia,-47.9292,-15.7801,Upper middle income,IBRD,9.082532959879286,NA,59.2,2.7,20.6,6.450814457831325,3.321717557251908,113.10509156626506,0.08,2171.269230769231,5.75,20538.24166666667,19.656150793650795,1.181394422310757,134117624,7268873918,0.018450949282237915,-1.2538762092590332,NA,NA,NA,NA,1903267083,11,NA,NA,NA,NA,26.97,0.617,NA,0.001340100047941853,NA,NA,NA,28.144232370252123,21.366837764335187,NA,0,1,0,0,0,0,BRA_2021
BRA,2022,Latin America & Caribbean,Brazil,BR,,2026-04-08,9032.08377657776,38.8160659764321,NA,NA,3.86803201499441,79.1023218880378,1951923832083.87,5.16397029102111,9.28010608956872,Brasilia,-47.9292,-15.7801,Upper middle income,IBRD,9.108649091608967,NA,58.4,2.8,19.8,6.7290124,4.403984674329502,120.6980116,1.6833333333333333,682.9807692307693,1.325,21607.55,25.6371484375,-0.035622489959839354,165270321,7670616651,0.021545897614170837,NA,NA,NA,NA,NA,NA,NA,NA,NA,NA,NA,26.97,0,NA,NA,NA,NA,NA,28.29983658270981,NA,NA,0,1,0,0,1,0,BRA_2022
BRA,2023,Latin America & Caribbean,Brazil,BR,,2026-04-08,9288.02594608687,33.6662298301284,NA,NA,2.86383330702497,83.0317498523499,2191131869706.02,4.99437976287199,4.59356282283203,Brasilia,-47.9292,-15.7801,Upper middle income,IBRD,9.136588976589225,NA,58.9,2.3,19.7,7.080916064257028,4.205076923076923,120.26631887550201,5.024166666666667,343.90384615384613,3.375,20869.600000000002,16.849027237354086,-0.62396,168745460,6174164210,0.027330899253811717,NA,NA,NA,NA,NA,NA,NA,NA,NA,NA,NA,44.87,0.664,NA,NA,NA,NA,NA,28.415439361726158,NA,NA,0,1,0,0,0,1,BRA_2023
BRA,2024,Latin America & Caribbean,Brazil,BR,,2026-04-08,9566.74408628371,35.5845239385389,NA,86.3811782311541,3.38960802616211,81.8554431189056,2185821648943.86,5.38893490570959,4.36746407652336,Brasilia,-47.9292,-15.7801,Upper middle income,IBRD,9.166152728997814,NA,58,2.2,20,7.195725498007969,3.1492015209125475,122.89302988047808,5.1433333333333335,198.34615384615384,2.4,21133.908333333333,15.550656370656371,-0.1644,NA,NA,NA,NA,NA,NA,NA,NA,NA,NA,NA,NA,NA,NA,60.92,0.357,NA,NA,NA,NA,NA,28.413012914497546,NA,NA,0,1,0,0,0,1,BRA_2024
BRA,2025,Latin America & Caribbean,Brazil,BR,,2026-04-08,NA,NA,NA,NA,NA,NA,NA,NA,NA,Brasilia,-47.9292,-15.7801,Upper middle income,IBRD,NA,NA,NA,NA,NA,7.1875432,3.0473946360153255,122.7202868,4.2125,115.9245283018868,2.025,21967.716666666667,18.926666666666666,0.4818875502008032,NA,NA,NA,NA,NA,NA,NA,NA,NA,NA,NA,NA,NA,NA,115,0.888,NA,NA,NA,NA,NA,NA,NA,NA,0,1,0,0,0,1,BRA_2025
RUS,2015,Europe & Central Asia,Russian Federation,RU,,2026-04-08,9277.7138671875,49.3593493116887,NA,NA,0.502607961400285,13.5407657768558,1363482182197.71,60.9376501088951,15.5343959935701,Moscow,37.6176,55.7558,High income,IBRD,9.135478224277604,NA,65.7,NA,20.5,6.282743426294821,5.365538461538462,108.16961726907631,0.1325,207.1153846153846,2.1,12074.325,16.674126984126985,1.4515139442231075,135793511,3097872130,0.043834446775567845,1.0840957164764404,NA,NA,NA,NA,19716296143.980827,30,NA,NA,NA,NA,4.68,NA,NA,0.10679050490168156,NA,NA,NA,27.94106297145229,23.704711346217454,NA,0,1,0,0,0,0,RUS_2015
RUS,2016,Europe & Central Asia,Russian Federation,RU,,2026-04-08,9269.3193359375,46.5181198396096,NA,NA,2.54849998807899,14.2417395793548,1276786350881.14,67.0559333333333,7.04243725413707,Moscow,37.6176,55.7558,High income,IBRD,9.13457310628777,NA,65.3,1.1,19.9,6.640016334661355,5.972480916030534,113.06646008064516,0.395,891.7692307692307,2.175,12892.066666666666,15.82563492063492,1.00324,142360098.98,2334030058.16,0.06099325862676661,0.8323233127593994,NA,NA,NA,NA,31634032931.896523,27,NA,NA,NA,NA,6.91,0.477,NA,0.1739695703719147,NA,NA,NA,27.87536737348624,24.17749936954731,NA,0,1,0,0,0,0,RUS_2016
RUS,2017,Europe & Central Asia,Russian Federation,RU,,2026-04-08,9418.9140625,46.8765243371311,NA,75.7588881016081,1.81409297475419,16.3253741158845,1574199360089,58.3428011851719,3.68333072334495,Moscow,37.6176,55.7558,High income,IBRD,9.150581244651937,NA,63.8,1.2,20.1,6.756870281124498,3.7646153846153845,112.81009919678715,1.0016666666666667,771.5192307692307,3.025,13621.366666666667,11.0902390438247,0.93028,140990259.88,3364266763.44,0.041908168939562895,0.5805509090423584,NA,NA,NA,NA,9718866649.145208,26,NA,NA,NA,NA,9.71,0.405,NA,0.037817494230888586,NA,NA,NA,28.08476791615614,22.997334848841177,NA,0,1,0,0,0,0,RUS_2017
RUS,2018,Europe & Central Asia,Russian Federation,RU,,2026-04-08,9674.787109375,51.5809003703964,NA,NA,0.530060790633169,16.1685789853238,1657328773461.31,62.6681333333334,2.87831382614981,Moscow,37.6176,55.7558,High income,IBRD,9.177381869563007,NA,61.9,1.9,20.7,6.6090429718875505,3.626015325670498,112.00375403225806,1.8316666666666666,750.7115384615385,2.125,14141.441666666666,16.6398406374502,0.38417670682730926,167080300.7,3922499393.61,0.04259536686536762,0.32877853512763977,NA,NA,NA,NA,13940394145.310616,11,NA,NA,NA,NA,11.72,0.207,NA,0.05202289663910266,NA,NA,NA,28.136228249575055,23.358056516363334,NA,0,1,0,0,0,0,RUS_2018
RUS,2019,Europe & Central Asia,Russian Federation,RU,,2026-04-08,9882.0244140625,49.2287536619033,NA,NA,1.88851731564914,17.2760484379376,1693115002708.32,64.7376583333333,4.47202631837903,Moscow,37.6176,55.7558,High income,IBRD,9.198573858681996,NA,60.9,2.1,20.6,6.908139357429719,4.075823754789272,115.73329798387097,2.158333333333333,258.5769230769231,3.375,14863.433333333332,15.387857142857143,0.1726,121667313.13,3752092327.79,0.032426524323206786,0.07700613141059875,NA,NA,NA,NA,2076959649.1506236,24,NA,NA,NA,NA,10.92,-0.068,NA,0.007100634989271659,NA,NA,NA,28.157591145130063,21.454170954665944,NA,0,1,0,0,0,0,RUS_2019
RUS,2020,Europe & Central Asia,Russian Federation,RU,,2026-04-08,9632.3251953125,45.9669082029127,NA,NA,0.634851184443604,22.992021036968,1493075894362.14,72.1049083333333,3.38219796948068,Moscow,37.6176,55.7558,High income,IBRD,9.172983740654807,NA,59,2.3,21.2,6.9041904,5.5483969465648855,117.7739632,0.37583333333333335,132821.28301886792,1.5749999999999995,17696.283333333333,29.251304347826085,0.5005577689243028,110772570,4003147835.683,0.02767136627146333,-0.17476625740528107,NA,NA,NA,NA,5480277574.246726,35,NA,NA,NA,NA,16.68,0.527,NA,0.0159640663413498,NA,NA,NA,28.031859466658556,22.42442158904083,NA,0,1,0,1,0,0,RUS_2020
RUS,2021,Europe & Central Asia,Russian Federation,RU,,2026-04-08,10231.318359375,50.5861954621752,NA,89.7193266222482,2.21136527873962,21.0287512612177,1829186719575.1,73.65435,6.69445891957612,Moscow,37.6176,55.7558,High income,IBRD,9.233306456865243,NA,59.2,2.7,20.6,6.450814457831325,3.321717557251908,113.10509156626506,0.08,2171.269230769231,5.75,20538.24166666667,19.656150793650795,1.181394422310757,143510458.46,4966412512.412,0.028896201856237345,-1.2538762092590332,NA,NA,NA,NA,8541179590.58823,13,NA,NA,NA,NA,26.97,0.617,NA,0.022204772606403977,NA,NA,NA,28.234892568467842,22.86816496068716,NA,0,1,0,0,0,0,RUS_2021
RUS,2022,Europe & Central Asia,Russian Federation,RU,,2026-04-08,10119.0625,42.7827864294811,NA,NA,-1.73680981421063,19.2884758032917,2291612121334.64,68.4849416666667,13.7436797398232,Moscow,37.6176,55.7558,High income,IBRD,9.222275118711714,NA,58.4,2.8,19.8,6.7290124,4.403984674329502,120.6980116,1.6833333333333333,682.9807692307693,1.325,21607.55,25.6371484375,-0.035622489959839354,NA,NA,NA,NA,NA,NA,NA,NA,NA,NA,NA,NA,NA,NA,26.97,0,NA,NA,NA,NA,NA,28.460276668930817,NA,NA,0,1,0,0,1,0,RUS_2022
RUS,2023,Europe & Central Asia,Russian Federation,RU,,2026-04-08,10562.0263671875,40.8343264105273,NA,NA,-0.484918766027148,18.5032227571465,2071505725030.58,85.1620083333333,5.86571931748967,Moscow,37.6176,55.7558,High income,IBRD,9.265115104003659,NA,58.9,2.3,19.7,7.080916064257028,4.205076923076923,120.26631887550201,5.024166666666667,343.90384615384613,3.375,20869.600000000002,16.849027237354086,-0.62396,NA,NA,NA,NA,NA,NA,NA,NA,NA,NA,NA,NA,NA,NA,44.87,0.664,NA,NA,NA,NA,NA,28.359296862173096,NA,NA,0,1,0,0,0,1,RUS_2023
RUS,2024,Europe & Central Asia,Russian Federation,RU,,2026-04-08,11043.259765625,39.5081647660396,NA,79.3421267068262,-0.430126781944773,17.9537476407091,2173835806671.66,92.5524,8.43486410496723,Moscow,37.6176,55.7558,High income,IBRD,9.309666093746358,NA,58,2.2,20,7.195725498007969,3.1492015209125475,122.89302988047808,5.1433333333333335,198.34615384615384,2.4,21133.908333333333,15.550656370656371,-0.1644,NA,NA,NA,NA,NA,NA,NA,NA,NA,NA,NA,NA,NA,NA,60.92,0.357,NA,NA,NA,NA,NA,28.4075143758658,NA,NA,0,1,0,0,0,1,RUS_2024
RUS,2025,Europe & Central Asia,Russian Federation,RU,,2026-04-08,NA,NA,NA,NA,NA,NA,NA,NA,NA,Moscow,37.6176,55.7558,High income,IBRD,NA,NA,NA,NA,NA,7.1875432,3.0473946360153255,122.7202868,4.2125,115.9245283018868,2.025,21967.716666666667,18.926666666666666,0.4818875502008032,NA,NA,NA,NA,NA,NA,NA,NA,NA,NA,NA,NA,NA,NA,115,0.888,NA,NA,NA,NA,NA,NA,NA,NA,0,1,0,0,0,1,RUS_2025
MEX,2015,Latin America & Caribbean,Mexico,MX,,2026-04-08,10021.2386118827,70.412974676264,NA,NA,2.98783786595647,NA,1213294467716.88,15.8482666666667,2.72064064964023,Mexico City,-99.1276,19.427,Upper middle income,IBRD,9.212561764045136,NA,65.7,NA,20.5,6.282743426294821,5.365538461538462,108.16961726907631,0.1325,207.1153846153846,2.1,12074.325,16.674126984126985,1.4515139442231075,1996017318,21482073171,0.09291548828232041,1.0219684839248657,NA,NA,NA,NA,362360335.905652,9,NA,NA,NA,NA,4.68,NA,NA,NA,NA,NA,NA,27.8243604762954,19.708149680518908,NA,0,0,0,0,0,0,MEX_2015
MEX,2016,Latin America & Caribbean,Mexico,MX,,2026-04-08,10100.5021214015,75.6903034088551,NA,NA,3.49768027047347,NA,1112233497452.7,18.6640583333333,2.8217078474766,Mexico City,-99.1276,19.427,Upper middle income,IBRD,9.220439416662138,NA,65.3,1.1,19.9,6.640016334661355,5.972480916030534,113.06646008064516,0.395,891.7692307692307,2.175,12892.066666666666,15.82563492063492,1.00324,1961272848,22223204231,0.0882533782083569,1.0219684839248657,NA,NA,NA,NA,0,9,NA,NA,NA,NA,6.91,0.477,NA,NA,NA,NA,NA,27.73739126943883,0,NA,0,0,0,0,0,0,MEX_2016
MEX,2017,Latin America & Caribbean,Mexico,MX,,2026-04-08,10193.7727193457,76.9521260407254,NA,36.0417666941178,2.78307493352174,NA,1190721475906,18.9265166666667,6.04145724018986,Mexico City,-99.1276,19.427,Upper middle income,IBRD,9.229630389414856,NA,63.8,1.2,20.1,6.756870281124498,3.7646153846153845,112.81009919678715,1.0016666666666667,771.5192307692307,3.025,13621.366666666667,11.0902390438247,0.93028,1956372590,23489111237,0.08328848930300632,1.0219684839248657,NA,NA,NA,NA,146750264.2966209,10,NA,NA,NA,NA,9.71,0.405,NA,NA,NA,NA,NA,27.80558052161193,18.804242824484277,NA,0,0,0,0,0,0,MEX_2017
MEX,2018,Latin America & Caribbean,Mexico,MX,,2026-04-08,10296.8690928534,80.2126616568975,NA,NA,3.01417850463095,NA,1256300182879.73,19.2443416666667,4.89935015356551,Mexico City,-99.1276,19.427,Upper middle income,IBRD,9.239692268625252,NA,61.9,1.9,20.7,6.6090429718875505,3.626015325670498,112.00375403225806,1.8316666666666666,750.7115384615385,2.125,14141.441666666666,16.6398406374502,0.38417670682730926,2060139601,28499941028,0.07228574960825354,1.0219684839248657,NA,NA,NA,NA,121627231.86326027,6,NA,NA,NA,NA,11.72,0.207,NA,NA,NA,NA,NA,27.85919215452768,18.616471456889883,NA,0,0,0,0,0,0,MEX_2018
MEX,2019,Latin America & Caribbean,Mexico,MX,,2026-04-08,10159.4448364319,77.4619722571128,NA,NA,2.29651449578107,41.3273940627237,1304106203902.45,19.2636333333333,3.63596142127046,Mexico City,-99.1276,19.427,Upper middle income,IBRD,9.226257503287396,NA,60.9,2.1,20.6,6.908139357429719,4.075823754789272,115.73329798387097,2.158333333333333,258.5769230769231,3.375,14863.433333333332,15.387857142857143,0.1726,2008613222,32277781633,0.0622289736276809,1.0219684839248657,NA,NA,NA,NA,715261232.1660762,6,NA,NA,NA,NA,10.92,-0.068,NA,0.0013271307263070953,NA,NA,NA,27.896539020827802,20.388158395001614,NA,0,0,0,0,0,0,MEX_2019
MEX,2020,Latin America & Caribbean,Mexico,MX,,2026-04-08,9234.64362317923,76.8545557056016,NA,NA,2.81400875194225,45.8373464150183,1121064767308.42,21.4856083333333,3.39683415570006,Mexico City,-99.1276,19.427,Upper middle income,IBRD,9.130825584106212,NA,59,2.3,21.2,6.9041904,5.5483969465648855,117.7739632,0.37583333333333335,132821.28301886792,1.5749999999999995,17696.283333333333,29.251304347826085,0.5005577689243028,2104175022,29953145271,0.07024888381378826,1.0219684839248657,NA,NA,NA,NA,73172977.42733662,19,NA,NA,NA,NA,16.68,0.527,NA,1.423969067424558e-4,NA,NA,NA,27.745300034718376,18.10833676361242,NA,0,0,0,1,0,0,MEX_2020
MEX,2021,Latin America & Caribbean,Mexico,MX,,2026-04-08,9728.05680032556,83.0692976357895,NA,NA,2.70530313509815,44.8609558065004,1316569466685.95,20.2724083333333,5.68920847683753,Mexico City,-99.1276,19.427,Upper middle income,IBRD,9.182872233207492,NA,59.2,2.7,20.6,6.450814457831325,3.321717557251908,113.10509156626506,0.08,2171.269230769231,5.75,20538.24166666667,19.656150793650795,1.181394422310757,2278918463,34767327067,0.06554770398680071,1.0219684839248657,NA,NA,NA,NA,373214285.72,3,NA,NA,NA,NA,26.97,0.617,NA,6.318965115387736e-4,NA,NA,NA,27.90605058067903,19.737663307876765,NA,0,0,0,0,0,0,MEX_2021
MEX,2022,Latin America & Caribbean,Mexico,MX,,2026-04-08,10013.2479236143,88.7984855867186,NA,48.9714753743921,2.67267286258385,43.9694401566719,1466934724293.06,20.12735,7.8962761916855,Mexico City,-99.1276,19.427,Upper middle income,IBRD,9.211764150284072,NA,58.4,2.8,19.8,6.7290124,4.403984674329502,120.6980116,1.6833333333333333,682.9807692307693,1.325,21607.55,25.6371484375,-0.035622489959839354,2858689426,42439862192,0.06735859350973267,NA,NA,NA,NA,NA,NA,NA,NA,NA,NA,NA,26.97,0,NA,NA,NA,NA,NA,28.01419611804901,NA,NA,0,0,0,0,1,0,MEX_2022
MEX,2023,Latin America & Caribbean,Mexico,MX,,2026-04-08,10259.1766616403,73.5788616365245,NA,NA,1.70618868173612,45.055380246523,1798317581486.88,17.7587166666667,5.52796087314389,Mexico City,-99.1276,19.427,Upper middle income,IBRD,9.236025337059985,NA,58.9,2.3,19.7,7.080916064257028,4.205076923076923,120.26631887550201,5.024166666666667,343.90384615384613,3.375,20869.600000000002,16.849027237354086,-0.62396,2846446446,37273129590,0.0763672510816927,NA,NA,NA,NA,NA,NA,NA,NA,NA,NA,NA,44.87,0.664,NA,NA,NA,NA,NA,28.217872666796612,NA,NA,0,0,0,0,0,1,MEX_2023
MEX,2024,Latin America & Caribbean,Mexico,MX,,2026-04-08,10316.4611902215,74.5889079825143,NA,53.0320833316729,2.44966474077028,49.5702123720928,1856365616165.94,18.3048583333333,4.72225588452932,Mexico City,-99.1276,19.427,Upper middle income,IBRD,9.241593000070983,NA,58,2.2,20,7.195725498007969,3.1492015209125475,122.89302988047808,5.1433333333333335,198.34615384615384,2.4,21133.908333333333,15.550656370656371,-0.1644,NA,NA,NA,NA,NA,NA,NA,NA,NA,NA,NA,NA,NA,NA,60.92,0.357,NA,NA,NA,NA,NA,28.24964172236154,NA,NA,0,0,0,0,0,1,MEX_2024
MEX,2025,Latin America & Caribbean,Mexico,MX,,2026-04-08,NA,NA,NA,NA,NA,NA,NA,NA,NA,Mexico City,-99.1276,19.427,Upper middle income,IBRD,NA,NA,NA,NA,NA,7.1875432,3.0473946360153255,122.7202868,4.2125,115.9245283018868,2.025,21967.716666666667,18.926666666666666,0.4818875502008032,NA,NA,NA,NA,NA,NA,NA,NA,NA,NA,NA,NA,NA,NA,115,0.888,NA,NA,NA,NA,NA,NA,NA,NA,0,0,0,0,0,1,MEX_2025
IDN,2015,East Asia & Pacific,Indonesia,ID,,2026-04-08,3288.22269725538,41.9376402415294,NA,NA,2.29761639380441,NA,860854232686.214,13389.4129365079,6.36312061196646,Jakarta,106.83,-6.19752,Upper middle income,IBRD,8.098406553612692,NA,65.7,NA,20.5,6.282743426294821,5.365538461538462,108.16961726907631,0.1325,207.1153846153846,2.1,12074.325,16.674126984126985,1.4515139442231075,119876337,1917460113,0.0625182950024682,-0.17476625740528107,NA,NA,NA,NA,65694051086.81496,35,NA,NA,NA,NA,4.68,NA,NA,NA,NA,NA,NA,27.481191027026426,24.908274211728784,NA,0,0,0,0,0,0,IDN_2015
IDN,2016,East Asia & Pacific,Indonesia,ID,,2026-04-08,3416.81005170972,37.4213418023318,NA,NA,0.487372471368879,NA,931877364037.698,13308.3268020542,3.52580452815451,Jakarta,106.83,-6.19752,Upper middle income,IBRD,8.136755289196756,NA,65.3,1.1,19.9,6.640016334661355,5.972480916030534,113.06646008064516,0.395,891.7692307692307,2.175,12892.066666666666,15.82563492063492,1.00324,39816516,2068721621,0.019246918287997145,-0.17476625740528107,NA,NA,NA,NA,7193998374.43273,30,NA,NA,NA,NA,6.91,0.477,NA,NA,NA,NA,NA,27.560467059324647,22.69651295639729,NA,0,0,0,0,0,0,IDN_2016
IDN,2017,East Asia & Pacific,Indonesia,ID,,2026-04-08,3553.51999262321,39.3554970704606,NA,48.8574509277817,2.01948919812582,NA,1015618744159.73,13380.8338788891,3.80879857691949,Jakarta,106.83,-6.19752,Upper middle income,IBRD,8.175975309948798,NA,63.8,1.2,20.1,6.756870281124498,3.7646153846153845,112.81009919678715,1.0016666666666667,771.5192307692307,3.025,13621.366666666667,11.0902390438247,0.93028,50803508,1762460786,0.028825326727014055,-0.17476625740528107,NA,NA,NA,NA,7623327124.555587,43,NA,NA,NA,NA,9.71,0.405,NA,NA,NA,NA,NA,27.646519142849954,22.754478741999883,NA,0,0,0,0,0,0,IDN_2017
IDN,2018,East Asia & Pacific,Indonesia,ID,,2026-04-08,3701.32155461912,43.0743089552002,NA,NA,1.81428979349441,NA,1042271532988.63,14236.9387734818,3.19834755924996,Jakarta,106.83,-6.19752,Upper middle income,IBRD,8.216715349063984,NA,61.9,1.9,20.7,6.6090429718875505,3.626015325670498,112.00375403225806,1.8316666666666666,750.7115384615385,2.125,14141.441666666666,16.6398406374502,0.38417670682730926,47990994,1910487866,0.02511975859887508,-0.17476625740528107,NA,NA,NA,NA,2613993038.8893056,33,NA,NA,NA,NA,11.72,0.207,NA,NA,NA,NA,NA,27.67242361359429,21.684144789516473,NA,0,0,0,0,0,0,IDN_2018
IDN,2019,East Asia & Pacific,Indonesia,ID,,2026-04-08,3850.90321738979,37.6277775357108,NA,NA,2.23336204282241,NA,1119099871350.2,14147.6713605454,3.03058460941661,Jakarta,106.83,-6.19752,Upper middle income,IBRD,8.256322647314155,NA,60.9,2.1,20.6,6.908139357429719,4.075823754789272,115.73329798387097,2.158333333333333,258.5769230769231,3.375,14863.433333333332,15.387857142857143,0.1726,31289183,1643592557,0.019037067834567958,-0.17476625740528107,NA,NA,NA,NA,2448331097.0105443,17,NA,NA,NA,NA,10.92,-0.068,NA,NA,NA,NA,NA,27.74354579181301,21.61867244490599,NA,0,0,0,0,0,0,IDN_2019
IDN,2020,East Asia & Pacific,Indonesia,ID,,2026-04-08,3739.44906563161,32.9721754002427,NA,NA,1.81058402027127,NA,1059054842698.48,14582.2034678177,1.91983527270793,Jakarta,106.83,-6.19752,Upper middle income,IBRD,8.226960954225124,NA,59,2.3,21.2,6.9041904,5.5483969465648855,117.7739632,0.37583333333333335,132821.28301886792,1.5749999999999995,17696.283333333333,29.251304347826085,0.5005577689243028,39091302,1588044606,0.024615997467768862,-0.17476625740528107,NA,NA,NA,NA,2034049480.0468748,24,NA,NA,NA,NA,16.68,0.527,NA,NA,NA,NA,NA,27.68839796845854,21.433294461241914,NA,0,0,0,1,0,0,IDN_2020
IDN,2021,East Asia & Pacific,Indonesia,ID,,2026-04-08,3850.68877253903,40.2047582749671,NA,51.755324070215,1.7878556314554,NA,1186509691086.73,14308.1439011897,1.56007882983334,Jakarta,106.83,-6.19752,Upper middle income,IBRD,8.256266973324385,NA,59.2,2.7,20.6,6.450814457831325,3.321717557251908,113.10509156626506,0.08,2171.269230769231,5.75,20538.24166666667,19.656150793650795,1.181394422310757,27082200,2096556929,0.012917464641858051,-0.17476625740528107,NA,NA,NA,NA,762610789.0790658,17,NA,NA,NA,NA,26.97,0.617,NA,NA,NA,NA,NA,27.802037080583,20.45225835435539,NA,0,0,0,0,0,0,IDN_2021
IDN,2022,East Asia & Pacific,Indonesia,ID,,2026-04-08,4024.91225288391,45.4646701959453,NA,NA,1.87264100861425,NA,1319101183380.15,14849.8539362105,4.20946463714784,Jakarta,106.83,-6.19752,Upper middle income,IBRD,8.300506810851418,NA,58.4,2.8,19.8,6.7290124,4.403984674329502,120.6980116,1.6833333333333333,682.9807692307693,1.325,21607.55,25.6371484375,-0.035622489959839354,69731749,3478422758,0.02004694479405197,NA,NA,NA,NA,NA,NA,NA,NA,NA,NA,NA,26.97,0,NA,NA,NA,NA,NA,27.90797169891342,NA,NA,0,0,0,0,1,0,IDN_2022
IDN,2023,East Asia & Pacific,Indonesia,ID,,2026-04-08,4192.65167890692,41.3362868707652,NA,NA,1.57116694173474,NA,1371169301563.62,15236.8846620506,3.66938654859761,Jakarta,106.83,-6.19752,Upper middle income,IBRD,8.34132715577319,NA,58.9,2.3,19.7,7.080916064257028,4.205076923076923,120.26631887550201,5.024166666666667,343.90384615384613,3.375,20869.600000000002,16.849027237354086,-0.62396,41111982,2742803680,0.014989035598785547,NA,NA,NA,NA,NA,NA,NA,NA,NA,NA,NA,44.87,0.664,NA,NA,NA,NA,NA,27.94668499653218,NA,NA,0,0,0,0,0,1,IDN_2023
IDN,2024,East Asia & Pacific,Indonesia,ID,,2026-04-08,4367.86266621191,42.572647301834,NA,56.3278493718021,1.73855500774354,NA,1396300098190.97,15855.4482866711,2.18151273615189,Jakarta,106.83,-6.19752,Upper middle income,IBRD,8.382257994768192,NA,58,2.2,20,7.195725498007969,3.1492015209125475,122.89302988047808,5.1433333333333335,198.34615384615384,2.4,21133.908333333333,15.550656370656371,-0.1644,NA,NA,NA,NA,NA,NA,NA,NA,NA,NA,NA,NA,NA,NA,60.92,0.357,NA,NA,NA,NA,NA,27.964847067217534,NA,NA,0,0,0,0,0,1,IDN_2024
IDN,2025,East Asia & Pacific,Indonesia,ID,,2026-04-08,NA,NA,NA,NA,NA,NA,NA,NA,NA,Jakarta,106.83,-6.19752,Upper middle income,IBRD,NA,NA,NA,NA,NA,7.1875432,3.0473946360153255,122.7202868,4.2125,115.9245283018868,2.025,21967.716666666667,18.926666666666666,0.4818875502008032,NA,NA,NA,NA,NA,NA,NA,NA,NA,NA,NA,NA,NA,NA,115,0.888,NA,NA,NA,NA,NA,NA,NA,NA,0,0,0,0,0,1,IDN_2025
TUR,2015,Europe & Central Asia,Turkiye,TR,,2026-04-08,11064.6494504662,51.8749252596832,NA,NA,2.225752648523,29.145145266046,865460050683.656,2.72000852790578,7.67085364845885,Ankara,32.3606,39.7153,Upper middle income,IBRD,9.311600944885285,NA,65.7,NA,20.5,6.282743426294821,5.365538461538462,108.16961726907631,0.1325,207.1153846153846,2.1,12074.325,16.674126984126985,1.4515139442231075,78143192,1325981102,0.058932357242599674,-0.05714153125882149,NA,NA,NA,NA,3731697376.9848866,12,NA,NA,NA,NA,4.68,NA,NA,0.014794257284878898,NA,NA,NA,27.486527052998433,22.040129028215176,NA,0,0,0,0,0,0,TUR_2015
TUR,2016,Europe & Central Asia,Turkiye,TR,,2026-04-08,11279.6169531569,48.870183807987,NA,NA,1.58873607703875,30.075201418508,870818016909.84,3.02013474808043,7.7751341532833,Ankara,32.3606,39.7153,Upper middle income,IBRD,9.330841217985167,NA,65.3,1.1,19.9,6.640016334661355,5.972480916030534,113.06646008064516,0.395,891.7692307692307,2.175,12892.066666666666,15.82563492063492,1.00324,86496728,1167109386,0.07411192904244196,-0.05714153125882149,NA,NA,NA,NA,1621580261.8978848,10,NA,NA,NA,NA,6.91,0.477,NA,0.006191594403292233,NA,NA,NA,27.492698856160338,21.206666981652738,NA,0,0,0,0,0,0,TUR_2016
TUR,2017,Europe & Central Asia,Turkiye,TR,,2026-04-08,12005.6459824832,56.1356585158689,NA,68.5903080534789,1.29532700760314,29.5734179673603,863874522365.276,3.64813263536867,11.1443110840764,Ankara,32.3606,39.7153,Upper middle income,IBRD,9.393215607335467,NA,63.8,1.2,20.1,6.756870281124498,3.7646153846153845,112.81009919678715,1.0016666666666667,771.5192307692307,3.025,13621.366666666667,11.0902390438247,0.93028,90240745,1306928478,0.06904795979202773,-0.05714153125882149,NA,NA,NA,NA,2302252781.3373113,18,NA,NA,NA,NA,9.71,0.405,NA,0.009011577440749987,NA,NA,NA,27.484693366461016,21.557153951094637,NA,0,0,0,0,0,0,TUR_2017
TUR,2018,Europe & Central Asia,Turkiye,TR,,2026-04-08,12255.0082146169,62.8251323851165,NA,NA,1.57923380202967,29.3999927208091,788356985773.667,4.82837014720942,16.3324638988929,Ankara,32.3606,39.7153,Upper middle income,IBRD,9.413771562232832,NA,61.9,1.9,20.7,6.6090429718875505,3.626015325670498,112.00375403225806,1.8316666666666666,750.7115384615385,2.125,14141.441666666666,16.6398406374502,0.38417670682730926,113540536,1179314224,0.09627674600149655,-1.2538762092590332,NA,NA,NA,NA,7020311674.896496,20,NA,NA,NA,NA,11.72,0.207,NA,0.030289091721195694,NA,NA,NA,27.39321685185108,22.67207345227441,NA,0,0,0,0,0,0,TUR_2018
TUR,2019,Europe & Central Asia,Turkiye,TR,,2026-04-08,12238.2950220128,62.5784589326239,NA,NA,1.22536076199392,33.4600744570718,775853144222.613,5.67381930843574,15.1768215720022,Ankara,32.3606,39.7153,Upper middle income,IBRD,9.412406958166805,NA,60.9,2.1,20.6,6.908139357429719,4.075823754789272,115.73329798387097,2.158333333333333,258.5769230769231,3.375,14863.433333333332,15.387857142857143,0.1726,119343499,1175695527,0.10150884838741077,-1.2538762092590332,NA,NA,NA,NA,6295269635.99751,37,NA,NA,NA,NA,10.92,-0.068,NA,0.024249785911541588,NA,NA,NA,27.377229092085614,22.563064337043663,NA,0,0,0,0,0,0,TUR_2019
TUR,2020,Europe & Central Asia,Turkiye,TR,,2026-04-08,12338.643833135,60.389853117297,NA,NA,1.02531493703228,41.0396523893444,733628247119.077,7.00860541558522,12.2789574462574,Ankara,32.3606,39.7153,Upper middle income,IBRD,9.420572434249891,NA,59,2.3,21.2,6.9041904,5.5483969465648855,117.7739632,0.37583333333333335,132821.28301886792,1.5749999999999995,17696.283333333333,29.251304347826085,0.5005577689243028,86087623,1322343226,0.06510232843284516,-1.2538762092590332,NA,NA,NA,NA,1133278441.2352479,12,NA,NA,NA,NA,16.68,0.527,NA,0.0037640632170660277,NA,NA,NA,27.321268261945736,20.848380545405647,NA,0,0,0,1,0,0,TUR_2020
TUR,2021,Europe & Central Asia,Turkiye,TR,,2026-04-08,13670.938029516,69.6088976086437,NA,74.0916612877286,1.50891969619413,41.6375124693568,839938668172.134,8.85040754928315,19.5964926913324,Ankara,32.3606,39.7153,Upper middle income,IBRD,9.523100692128338,NA,59.2,2.7,20.6,6.450814457831325,3.321717557251908,113.10509156626506,0.08,2171.269230769231,5.75,20538.24166666667,19.656150793650795,1.181394422310757,53335681,1741405800,0.030627944962627322,-1.2538762092590332,NA,NA,NA,NA,8641481153.694935,18,NA,NA,NA,NA,26.97,0.617,NA,0.02470903793071186,NA,NA,NA,27.45659471203851,22.879839835011484,NA,0,0,0,0,0,0,TUR_2021
TUR,2022,Europe & Central Asia,Turkiye,TR,,2026-04-08,14273.5747654873,79.8982722314341,NA,NA,1.48839623728753,35.3300843740665,926097476913.818,16.5488604173067,72.3088359891207,Ankara,32.3606,39.7153,Upper middle income,IBRD,9.56623524532306,NA,58.4,2.8,19.8,6.7290124,4.403984674329502,120.6980116,1.6833333333333333,682.9807692307693,1.325,21607.55,25.6371484375,-0.035622489959839354,107925682,2019256860,0.05344821856888479,NA,NA,NA,NA,NA,NA,NA,NA,NA,NA,NA,26.97,0,NA,NA,NA,NA,NA,27.554245332699118,NA,NA,0,0,0,0,1,0,TUR_2022
TUR,2023,Europe & Central Asia,Turkiye,TR,,2026-04-08,14932.8851363122,65.6832084738667,NA,NA,0.933806495534912,33.2548360254558,1141242864657.45,23.7385661219918,53.8594087593315,Ankara,32.3606,39.7153,Upper middle income,IBRD,9.611388080144627,NA,58.9,2.3,19.7,7.080916064257028,4.205076923076923,120.26631887550201,5.024166666666667,343.90384615384613,3.375,20869.600000000002,16.849027237354086,-0.62396,81850253,2112001705,0.03875482335370558,NA,NA,NA,NA,NA,NA,NA,NA,NA,NA,NA,44.87,0.664,NA,NA,NA,NA,NA,27.76313901662001,NA,NA,0,0,0,0,0,1,TUR_2023
TUR,2024,Europe & Central Asia,Turkiye,TR,,2026-04-08,15395.0278894893,54.5988061195916,NA,81.5545478352063,0.860701598247461,26.6192344930079,1359123768774.12,32.8058614432703,58.5064507300342,Ankara,32.3606,39.7153,Upper middle income,IBRD,9.641864825878308,NA,58,2.2,20,7.195725498007969,3.1492015209125475,122.89302988047808,5.1433333333333335,198.34615384615384,2.4,21133.908333333333,15.550656370656371,-0.1644,NA,NA,NA,NA,NA,NA,NA,NA,NA,NA,NA,NA,NA,NA,60.92,0.357,NA,NA,NA,NA,NA,27.937861320368665,NA,NA,0,0,0,0,0,1,TUR_2024
TUR,2025,Europe & Central Asia,Turkiye,TR,,2026-04-08,NA,NA,NA,NA,NA,NA,NA,NA,NA,Ankara,32.3606,39.7153,Upper middle income,IBRD,NA,NA,NA,NA,NA,7.1875432,3.0473946360153255,122.7202868,4.2125,115.9245283018868,2.025,21967.716666666667,18.926666666666666,0.4818875502008032,NA,NA,NA,NA,NA,NA,NA,NA,NA,NA,NA,NA,NA,NA,115,0.888,NA,NA,NA,NA,NA,NA,NA,NA,0,0,0,0,0,1,TUR_2025
SAU,2015,Middle East & North Africa,Saudi Arabia,SA,,2026-04-08,23256.1549553531,67.105269230059207,NA,NA,0.572622097928938,NA,693414400000,3.75,1.22269318552328,Riyadh,46.6977,24.6748,High income,Not classified,10.054368103688443,NA,65.7,NA,20.5,6.282743426294821,5.365538461538462,108.16961726907631,0.1325,207.1153846153846,2.1,12074.325,16.674126984126985,1.4515139442231075,118876203.883,831388172.775,0.14298519966457554,1.0219684839248657,NA,NA,NA,NA,NA,NA,NA,NA,NA,NA,4.68,NA,NA,NA,NA,NA,NA,27.26489363721706,NA,NA,0,0,0,0,0,0,SAU_2015
SAU,2016,Middle East & North Africa,Saudi Arabia,SA,,2026-04-08,22783.0328538685,57.9216635110364,NA,NA,3.18518611850268,NA,689279466666.667,3.75,2.05347076823965,Riyadh,46.6977,24.6748,High income,Not classified,10.033815256181716,NA,65.3,1.1,19.9,6.640016334661355,5.972480916030534,113.06646008064516,0.395,891.7692307692307,2.175,12892.066666666666,15.82563492063492,1.00324,102604394.922,537440405.133,0.19091306485713253,1.0219684839248657,NA,NA,NA,NA,NA,NA,NA,NA,NA,NA,6.91,0.477,NA,NA,NA,NA,NA,27.258912637721277,NA,NA,0,0,0,0,0,0,SAU_2016
SAU,2017,Middle East & North Africa,Saudi Arabia,SA,,2026-04-08,23035.1199977707,59.5319791578229,NA,71.6981165899467,0.136801407151884,NA,741266133333.333,3.75,-0.834845735027162,Riyadh,46.6977,24.6748,High income,Not classified,10.044818697753936,NA,63.8,1.2,20.1,6.756870281124498,3.7646153846153845,112.81009919678715,1.0016666666666667,771.5192307692307,3.025,13621.366666666667,11.0902390438247,0.93028,84124828.513,525525140.01199996,0.1600776482569018,1.0219684839248657,NA,NA,NA,NA,NA,NA,NA,NA,NA,NA,9.71,0.405,NA,NA,NA,NA,NA,27.33162555205938,NA,NA,0,0,0,0,0,0,SAU_2017
SAU,2018,Middle East & North Africa,Saudi Arabia,SA,,2026-04-08,24393.5188306638,59.1029104697141,NA,NA,1.36945683303735,NA,886564800000,3.75,2.46594308994843,Riyadh,46.6977,24.6748,High income,Not classified,10.10211374795883,NA,61.9,1.9,20.7,6.6090429718875505,3.626015325670498,112.00375403225806,1.8316666666666666,750.7115384615385,2.125,14141.441666666666,16.6398406374502,0.38417670682730926,79078243.486,566294041.454,0.13964166616155985,1.0219684839248657,NA,NA,NA,NA,NA,NA,NA,NA,NA,NA,11.72,0.207,NA,NA,NA,NA,NA,27.510620056237087,NA,NA,0,0,0,0,0,0,SAU_2018
SAU,2019,Middle East & North Africa,Saudi Arabia,SA,,2026-04-08,24905.6697428558,56.7938204886513,NA,NA,0.346411455797861,NA,888890133333.333,3.75,-1.19298644533328,Riyadh,46.6977,24.6748,High income,Not classified,10.12289090774327,NA,60.9,2.1,20.6,6.908139357429719,4.075823754789272,115.73329798387097,2.158333333333333,258.5769230769231,3.375,14863.433333333332,15.387857142857143,0.1726,102057049.449,735982382.134,0.13866778869499966,1.0219684839248657,NA,NA,NA,NA,NA,NA,NA,NA,NA,NA,10.92,-0.068,NA,NA,NA,NA,NA,27.513239480272308,NA,NA,0,0,0,0,0,0,SAU_2019
SAU,2020,Middle East & North Africa,Saudi Arabia,SA,,2026-04-08,22827.671935548,47.533159225048,NA,NA,0.211115523412857,NA,767951200000,3.75,3.37234961012303,Riyadh,46.6977,24.6748,High income,Not classified,10.035772565932886,NA,59,2.3,21.2,6.9041904,5.5483969465648855,117.7739632,0.37583333333333335,132821.28301886792,1.5749999999999995,17696.283333333333,29.251304347826085,0.5005577689243028,155693045.974,799035482.156,0.19485122932701407,1.0219684839248657,NA,NA,NA,NA,NA,NA,NA,NA,NA,NA,16.68,0.527,NA,NA,NA,NA,NA,27.36699202640986,NA,NA,0,0,0,1,0,0,SAU_2020
SAU,2021,Middle East & North Africa,Saudi Arabia,SA,,2026-04-08,24922.6716948944,50.8839263398787,NA,74.320746724648,2.8850612174452,NA,982661066666.667,3.75,3.06328988941548,Riyadh,46.6977,24.6748,High income,Not classified,10.1235733013295,NA,59.2,2.7,20.6,6.450814457831325,3.321717557251908,113.10509156626506,0.08,2171.269230769231,5.75,20538.24166666667,19.656150793650795,1.181394422310757,182423098.106,967243145.418,0.1886010761308262,1.0219684839248657,NA,NA,NA,NA,NA,NA,NA,NA,NA,NA,26.97,0.617,NA,NA,NA,NA,NA,27.613530102793476,NA,NA,0,0,0,0,0,0,SAU_2021
SAU,2022,Middle East & North Africa,Saudi Arabia,SA,,2026-04-08,26706.917926066,56.8241647749332,NA,NA,2.1556449627378,NA,1239075200000,3.75,2.47407371925372,Riyadh,46.6977,24.6748,High income,Not classified,10.192715351963678,NA,58.4,2.8,19.8,6.7290124,4.403984674329502,120.6980116,1.6833333333333333,682.9807692307693,1.325,21607.55,25.6371484375,-0.035622489959839354,96008632.8,963220803.386,0.09967458391938988,NA,NA,NA,NA,NA,NA,NA,NA,NA,NA,NA,26.97,0,NA,NA,NA,NA,NA,27.8453864108427,NA,NA,0,0,0,0,1,0,SAU_2022
SAU,2023,Middle East & North Africa,Saudi Arabia,SA,,2026-04-08,25634.8237547841,54.1690118283683,NA,NA,1.87131032249407,NA,1218584533333.33,3.75,2.32708518362706,Riyadh,46.6977,24.6748,High income,Not classified,10.151746017689582,NA,58.9,2.3,19.7,7.080916064257028,4.205076923076923,120.26631887550201,5.024166666666667,343.90384615384613,3.375,20869.600000000002,16.849027237354086,-0.62396,187847923.571,1156432668.956,0.16243740652932664,NA,NA,NA,NA,NA,NA,NA,NA,NA,NA,NA,44.87,0.664,NA,NA,NA,NA,NA,27.828711082520673,NA,NA,0,0,0,0,0,1,SAU_2023
SAU,2024,Middle East & North Africa,Saudi Arabia,SA,,2026-04-08,24963.3322139095,54.6787052668733,NA,78.8409517231945,1.72104243015611,NA,1239804533333.33,3.75,1.68792112375809,Riyadh,46.6977,24.6748,High income,Not classified,10.125203373684883,NA,58,2.2,20,7.195725498007969,3.1492015209125475,122.89302988047808,5.1433333333333335,198.34615384615384,2.4,21133.908333333333,15.550656370656371,-0.1644,NA,NA,NA,NA,NA,NA,NA,NA,NA,NA,NA,NA,NA,NA,60.92,0.357,NA,NA,NA,NA,NA,27.845974848712086,NA,NA,0,0,0,0,0,1,SAU_2024
SAU,2025,Middle East & North Africa,Saudi Arabia,SA,,2026-04-08,NA,NA,NA,NA,NA,NA,NA,NA,NA,Riyadh,46.6977,24.6748,High income,Not classified,NA,NA,NA,NA,NA,7.1875432,3.0473946360153255,122.7202868,4.2125,115.9245283018868,2.025,21967.716666666667,18.926666666666666,0.4818875502008032,NA,NA,NA,NA,NA,NA,NA,NA,NA,NA,NA,NA,NA,NA,115,0.888,NA,NA,NA,NA,NA,NA,NA,NA,0,0,0,0,0,1,SAU_2025
POL,2015,Europe & Central Asia,Poland,PL,,2026-04-08,12637.5220324406,92.2554272741942,NA,NA,3.29546177974363,NA,480054118583.367,3.7695,-0.874125874125862,Warsaw,21.02,52.26,High income,IBRD,9.444504733051016,NA,65.7,NA,20.5,6.282743426294821,5.365538461538462,108.16961726907631,0.1325,207.1153846153846,2.1,12074.325,16.674126984126985,1.4515139442231075,86769499,4016685964,0.021602261112190844,1.0219684839248657,NA,NA,NA,NA,NA,NA,NA,NA,NA,NA,4.68,NA,NA,NA,NA,NA,NA,26.897164681543643,NA,NA,0,0,0,0,0,0,POL_2015
POL,2016,Europe & Central Asia,Poland,PL,,2026-04-08,13026.1858988718,96.8659028060623,NA,NA,3.8160875366780602,NA,473259583969.643,3.94278333333334,-0.664767331433962,Warsaw,21.02,52.26,High income,IBRD,9.474793675870696,NA,65.3,1.1,19.9,6.640016334661355,5.972480916030534,113.06646008064516,0.395,891.7692307692307,2.175,12892.066666666666,15.82563492063492,1.00324,80367445,4191300431,0.01917482326143468,1.0219684839248657,NA,NA,NA,NA,NA,NA,NA,NA,NA,NA,6.91,0.477,NA,NA,NA,NA,NA,26.882909878221476,NA,NA,0,0,0,0,0,0,POL_2016
POL,2017,Europe & Central Asia,Poland,PL,,2026-04-08,13695.6452848724,100.56589524628,NA,86.7333029909929,2.37812836572029,NA,528356676667.211,3.77933333333333,2.07593553673859,Warsaw,21.02,52.26,High income,IBRD,9.52490621211339,NA,63.8,1.2,20.1,6.756870281124498,3.7646153846153845,112.81009919678715,1.0016666666666667,771.5192307692307,3.025,13621.366666666667,11.0902390438247,0.93028,82103173,4556938089,0.018017179824801433,1.0219684839248657,NA,NA,NA,NA,NA,NA,NA,NA,NA,NA,9.71,0.405,NA,NA,NA,NA,NA,26.993037416581867,NA,NA,0,0,0,0,0,0,POL_2017
POL,2018,Europe & Central Asia,Poland,PL,,2026-04-08,14551.0850277089,102.442462168005,NA,NA,3.34803923662527,NA,594616687350.017,3.61171666666667,1.81295156542689,Warsaw,21.02,52.26,High income,IBRD,9.585489563206513,NA,61.9,1.9,20.7,6.6090429718875505,3.626015325670498,112.00375403225806,1.8316666666666666,750.7115384615385,2.125,14141.441666666666,16.6398406374502,0.38417670682730926,138937523,5344957381,0.025994131121398364,1.0219684839248657,NA,NA,NA,NA,NA,NA,NA,NA,NA,NA,11.72,0.207,NA,NA,NA,NA,NA,27.11118281195181,NA,NA,0,0,0,0,0,0,POL_2018
POL,2019,Europe & Central Asia,Poland,PL,,2026-04-08,15221.3090624454,101.581033817373,NA,NA,3.15455649244208,NA,602683770144.88,3.839375,2.22747880938291,Warsaw,21.02,52.26,High income,IBRD,9.63051733228995,NA,60.9,2.1,20.6,6.908139357429719,4.075823754789272,115.73329798387097,2.158333333333333,258.5769230769231,3.375,14863.433333333332,15.387857142857143,0.1726,133203944,4936796345,0.026981859224334683,1.0219684839248657,NA,NA,NA,NA,NA,NA,NA,NA,NA,NA,10.92,-0.068,NA,NA,NA,NA,NA,27.124658468494566,NA,NA,0,0,0,0,0,0,POL_2019
POL,2020,Europe & Central Asia,Poland,PL,,2026-04-08,15090.2228440113,99.2590912303436,NA,NA,3.31499059495462,NA,605914237903.742,3.89974166666667,3.37446972618589,Warsaw,21.02,52.26,High income,IBRD,9.6218685851924,NA,59,2.3,21.2,6.9041904,5.5483969465648855,117.7739632,0.37583333333333335,132821.28301886792,1.5749999999999995,17696.283333333333,29.251304347826085,0.5005577689243028,132508806,6505029459,0.020370208441818527,1.0219684839248657,NA,NA,NA,NA,NA,NA,NA,NA,NA,NA,16.68,0.527,NA,NA,NA,NA,NA,27.130004291391263,NA,NA,0,0,0,1,0,0,POL_2020
POL,2021,Europe & Central Asia,Poland,PL,,2026-04-08,16368.6239689025,110.874283021945,NA,95.7201672270221,5.44306737738578,NA,689170230665.35,3.86191666666667,5.05502704719272,Warsaw,21.02,52.26,High income,IBRD,9.703182699356235,NA,59.2,2.7,20.6,6.450814457831325,3.321717557251908,113.10509156626506,0.08,2171.269230769231,5.75,20538.24166666667,19.656150793650795,1.181394422310757,123572226,7171193757,0.017231751112480785,1.0219684839248657,NA,NA,NA,NA,NA,NA,NA,NA,NA,NA,26.97,0.617,NA,NA,NA,NA,NA,27.258754146625435,NA,NA,0,0,0,0,0,0,POL_2021
POL,2022,Europe & Central Asia,Poland,PL,,2026-04-08,17303.64494323,123.021332860345,NA,NA,6.00626096603428,NA,695607470875.276,4.45775833333333,14.4294507575758,Warsaw,21.02,52.26,High income,IBRD,9.758730238276177,NA,58.4,2.8,19.8,6.7290124,4.403984674329502,120.6980116,1.6833333333333333,682.9807692307693,1.325,21607.55,25.6371484375,-0.035622489959839354,117126641,7387342931,0.015855043158818805,NA,NA,NA,NA,NA,NA,NA,NA,NA,NA,NA,26.97,0,NA,NA,NA,NA,NA,27.268051359559024,NA,NA,0,0,0,0,1,0,POL_2022
POL,2023,Europe & Central Asia,Poland,PL,,2026-04-08,17410.3830137066,110.024935041815,NA,NA,4.38918673390545,NA,812451193396.143,4.20366666666667,11.5289127961105,Warsaw,21.02,52.26,High income,IBRD,9.764879467499608,NA,58.9,2.3,19.7,7.080916064257028,4.205076923076923,120.26631887550201,5.024166666666667,343.90384615384613,3.375,20869.600000000002,16.849027237354086,-0.62396,99029597,6965863341,0.014216413982331096,NA,NA,NA,NA,NA,NA,NA,NA,NA,NA,NA,44.87,0.664,NA,NA,NA,NA,NA,27.423321679680996,NA,NA,0,0,0,0,0,1,POL_2023
POL,2024,Europe & Central Asia,Poland,PL,,2026-04-08,18000.5034591285,100.359442847164,NA,86.1367117566539,2.24523191798779,NA,917767106146.761,3.98078333333333,3.79060897630197,Warsaw,21.02,52.26,High income,IBRD,9.79821055889738,NA,58,2.2,20,7.195725498007969,3.1492015209125475,122.89302988047808,5.1433333333333335,198.34615384615384,2.4,21133.908333333333,15.550656370656371,-0.1644,NA,NA,NA,NA,NA,NA,NA,NA,NA,NA,NA,NA,NA,NA,60.92,0.357,NA,NA,NA,NA,NA,27.545209498373577,NA,NA,0,0,0,0,0,1,POL_2024
POL,2025,Europe & Central Asia,Poland,PL,,2026-04-08,NA,NA,NA,NA,NA,NA,NA,NA,NA,Warsaw,21.02,52.26,High income,IBRD,NA,NA,NA,NA,NA,7.1875432,3.0473946360153255,122.7202868,4.2125,115.9245283018868,2.025,21967.716666666667,18.926666666666666,0.4818875502008032,NA,NA,NA,NA,NA,NA,NA,NA,NA,NA,NA,NA,NA,NA,115,0.888,NA,NA,NA,NA,NA,NA,NA,NA,0,0,0,0,0,1,POL_2025
THA,2015,East Asia & Pacific,Thailand,TH,,2026-04-08,5688.85335397884,124.839662152526,NA,NA,2.22468548959784,36.6705695355179,401296238228.084,34.2477166666667,-0.900424963291569,Bangkok,100.521,13.7308,Upper middle income,IBRD,8.64643975420106,NA,65.7,NA,20.5,6.282743426294821,5.365538461538462,108.16961726907631,0.1325,207.1153846153846,2.1,12074.325,16.674126984126985,1.4515139442231075,640547737.48,9617178613.52,0.06660453790257224,-1.2538762092590332,NA,NA,NA,NA,89276970.7036203,4,NA,NA,NA,NA,4.68,NA,NA,6.06675842402559e-4,NA,NA,NA,26.717965740213433,18.307254136931736,NA,0,0,0,0,0,0,THA_2015
THA,2016,East Asia & Pacific,Thailand,TH,,2026-04-08,5857.78052935926,120.57522728913,NA,NA,0.843364340718618,37.3065204045664,413366349747.508,35.2963833333333,0.188149704448143,Bangkok,100.521,13.7308,Upper middle income,IBRD,8.675696760123149,NA,65.3,1.1,19.9,6.640016334661355,5.972480916030534,113.06646008064516,0.395,891.7692307692307,2.175,12892.066666666666,15.82563492063492,1.00324,496689674.14,9106564614.77,0.054541937069706344,-1.2538762092590332,NA,NA,NA,NA,1017542516.0245053,8,NA,NA,NA,NA,6.91,0.477,NA,0.006598309770843263,NA,NA,NA,26.74760008211108,20.740656260181492,NA,0,0,0,0,0,0,THA_2016
THA,2017,East Asia & Pacific,Thailand,TH,,2026-04-08,6076.74307700082,120.891427433638,NA,81.5940008546208,1.81550260101987,NA,456356813536.764,33.9398110566858,0.665631893135106,Bangkok,100.521,13.7308,Upper middle income,IBRD,8.712388701606136,NA,63.8,1.2,20.1,6.756870281124498,3.7646153846153845,112.81009919678715,1.0016666666666667,771.5192307692307,3.025,13621.366666666667,11.0902390438247,0.93028,485397266.32,10289459270.71,0.04717422495677038,-1.2538762092590332,NA,NA,NA,NA,576222485.9987378,6,NA,NA,NA,NA,9.71,0.405,NA,NA,NA,NA,NA,26.8465408263068,20.17200440623073,NA,0,0,0,0,0,0,THA_2017
THA,2018,East Asia & Pacific,Thailand,TH,,2026-04-08,6314.19948412043,120.841864730984,NA,NA,2.71279835138662,37.910418843604504,506754208404.485,32.3102257431458,1.06389754183024,Bangkok,100.521,13.7308,Upper middle income,IBRD,8.750714623220023,NA,61.9,1.9,20.7,6.6090429718875505,3.626015325670498,112.00375403225806,1.8316666666666666,750.7115384615385,2.125,14141.441666666666,16.6398406374502,0.38417670682730926,422592795.05,11150941071.68,0.03789750051888062,-1.2538762092590332,NA,NA,NA,NA,435928156.30345905,7,NA,NA,NA,NA,11.72,0.207,NA,0.002269127891270235,NA,NA,NA,26.95129192694159,19.892988010909185,NA,0,0,0,0,0,0,THA_2018
THA,2019,East Asia & Pacific,Thailand,TH,,2026-04-08,6434.53770518034,109.689514715166,NA,NA,1.01734877580041,38.6277055941279,543976691793.886,31.0476057805499,0.706728601314311,Bangkok,100.521,13.7308,Upper middle income,IBRD,8.769590676007914,NA,60.9,2.1,20.6,6.908139357429719,4.075823754789272,115.73329798387097,2.158333333333333,258.5769230769231,3.375,14863.433333333332,15.387857142857143,0.1726,380418327.756,10716915651.635,0.035496997468479875,-0.17476625740528107,NA,NA,NA,NA,16759598.17795054,3,NA,NA,NA,NA,10.92,-0.068,NA,7.975986269613367e-5,NA,NA,NA,27.022172236919157,16.634481737335488,NA,0,0,0,0,0,0,THA_2019
THA,2020,East Asia & Pacific,Thailand,TH,,2026-04-08,6035.18627737077,97.8007432465178,NA,NA,-0.857989527274493,50.3227814999415,500461898480.246,31.2936732130832,-0.845937147357041,Bangkok,100.521,13.7308,Upper middle income,IBRD,8.705527680473637,NA,59,2.3,21.2,6.9041904,5.5483969465648855,117.7739632,0.37583333333333335,132821.28301886792,1.5749999999999995,17696.283333333333,29.251304347826085,0.5005577689243028,473644061.351,11617274806.16,0.040770668616692506,-0.17476625740528107,NA,NA,NA,NA,6080767576.557566,17,NA,NA,NA,NA,16.68,0.527,NA,0.024144751881326035,NA,NA,NA,26.93879730589329,22.5283967712649,NA,0,0,0,1,0,0,THA_2020
THA,2021,East Asia & Pacific,Thailand,TH,,2026-04-08,6121.52696529713,117.252944620852,NA,95.5769973139711,3.04025282072429,58.5114542035114,506194668789.937,31.9770934417717,1.23039541318384,Bangkok,100.521,13.7308,Upper middle income,IBRD,8.719730193111786,NA,59.2,2.7,20.6,6.450814457831325,3.321717557251908,113.10509156626506,0.08,2171.269230769231,5.75,20538.24166666667,19.656150793650795,1.181394422310757,542236196.773,14073996806.358,0.03852752023704042,-0.17476625740528107,NA,NA,NA,NA,56174087.59689922,18,NA,NA,NA,NA,26.97,0.617,NA,1.8966079574722018e-4,NA,NA,NA,26.95018715317846,17.843966151549786,NA,0,0,0,0,0,0,THA_2021
THA,2022,East Asia & Pacific,Thailand,TH,,2026-04-08,6278.7855138276,132.858712082871,NA,NA,2.39179841841837,60.349920189306,495644697587.661,35.0613502144776,-1.61068030486688,Bangkok,100.521,13.7308,Upper middle income,IBRD,8.74509110502988,NA,58.4,2.8,19.8,6.7290124,4.403984674329502,120.6980116,1.6833333333333333,682.9807692307693,1.325,21607.55,25.6371484375,-0.035622489959839354,613234275.984,17055335779.996,0.03595556744788661,NA,NA,NA,NA,NA,NA,NA,NA,NA,NA,NA,26.97,0,NA,NA,NA,NA,NA,26.929125171473736,NA,NA,0,0,0,0,1,0,THA_2022
THA,2023,East Asia & Pacific,Thailand,TH,,2026-04-08,6408.41432577294,128.824114152375,NA,NA,2.00183400496619,61.1243613638526,515906283940.933,34.8021885808364,8.47805174421543,Bangkok,100.521,13.7308,Upper middle income,IBRD,8.765523176906155,NA,58.9,2.3,19.7,7.080916064257028,4.205076923076923,120.26631887550201,5.024166666666667,343.90384615384613,3.375,20869.600000000002,16.849027237354086,-0.62396,453754093.989,17834552091.8,0.025442416027797406,NA,NA,NA,NA,NA,NA,NA,NA,NA,NA,NA,44.87,0.664,NA,NA,NA,NA,NA,26.969190965665444,NA,NA,0,0,0,0,0,1,THA_2023
THA,2024,East Asia & Pacific,Thailand,TH,,2026-04-08,6574.46109387985,136.747107022451,NA,91.8249814693343,2.71636831286516,62.1983655632713,526517658841.684,35.2935380808081,1.36580540798037,Bangkok,100.521,13.7308,Upper middle income,IBRD,8.791099982933833,NA,58,2.2,20,7.195725498007969,3.1492015209125475,122.89302988047808,5.1433333333333335,198.34615384615384,2.4,21133.908333333333,15.550656370656371,-0.1644,NA,NA,NA,NA,NA,NA,NA,NA,NA,NA,NA,NA,NA,NA,60.92,0.357,NA,NA,NA,NA,NA,26.989550708020065,NA,NA,0,0,0,0,0,1,THA_2024
THA,2025,East Asia & Pacific,Thailand,TH,,2026-04-08,NA,NA,NA,NA,NA,NA,NA,NA,NA,Bangkok,100.521,13.7308,Upper middle income,IBRD,NA,NA,NA,NA,NA,7.1875432,3.0473946360153255,122.7202868,4.2125,115.9245283018868,2.025,21967.716666666667,18.926666666666666,0.4818875502008032,NA,NA,NA,NA,NA,NA,NA,NA,NA,NA,NA,NA,NA,NA,115,0.888,NA,NA,NA,NA,NA,NA,NA,NA,0,0,0,0,0,1,THA_2025
ZAF,2015,Sub-Saharan Africa,South Africa,ZA,,2026-04-08,6112.27382485974,56.7266761447156,NA,NA,0.438735792056356,52.6511572360833,346709790458.563,12.7589308811644,4.51869094892506,Pretoria,28.1871,-25.746,Upper middle income,IBRD,8.718217722884457,NA,65.7,NA,20.5,6.282743426294821,5.365538461538462,108.16961726907631,0.1325,207.1153846153846,2.1,12074.325,16.674126984126985,1.4515139442231075,78459544.043,810084689.336,0.09685350812803378,-1.2538762092590332,NA,NA,NA,NA,2477777985.175939,14,NA,NA,NA,NA,4.68,NA,NA,0.013573391112534012,NA,NA,NA,26.571753928233665,21.630628022183142,NA,0,1,0,0,0,0,ZAF_2015
ZAF,2016,Sub-Saharan Africa,South Africa,ZA,,2026-04-08,6095.295060428,55.8612575048782,NA,NA,0.684612553455795,53.7387913884354,323585509674.481,14.7096108855267,6.60290842394872,Pretoria,28.1871,-25.746,Upper middle income,IBRD,8.71543649849631,NA,65.3,1.1,19.9,6.640016334661355,5.972480916030534,113.06646008064516,0.395,891.7692307692307,2.175,12892.066666666666,15.82563492063492,1.00324,67168712.355,734274843.054,0.09147625441671339,-1.2538762092590332,NA,NA,NA,NA,1949515740.8992417,28,NA,NA,NA,NA,6.91,0.477,NA,0.011211140260586965,NA,NA,NA,26.50272924262223,21.39084684119364,NA,0,1,0,0,0,0,ZAF_2016
ZAF,2017,Sub-Saharan Africa,South Africa,ZA,,2026-04-08,6125.6920507497,53.5359318293741,NA,69.2184941645761,0.539673956759456,56.2597208390879,381448814653.456,13.3238014244992,5.18618655524149,Pretoria,28.1871,-25.746,Upper middle income,IBRD,8.720410250445667,NA,63.8,1.2,20.1,6.756870281124498,3.7646153846153845,112.81009919678715,1.0016666666666667,771.5192307692307,3.025,13621.366666666667,11.0902390438247,0.93028,59173228.573,745540962.636,0.0793695203061438,-1.2538762092590332,NA,NA,NA,NA,5601116401.259256,34,NA,NA,NA,NA,9.71,0.405,NA,0.026100014922678418,NA,NA,NA,26.667242510004904,22.446231772364737,NA,0,1,0,0,0,0,ZAF_2017
ZAF,2018,Sub-Saharan Africa,South Africa,ZA,,2026-04-08,6117.2701406047,54.4855451276341,NA,NA,1.3742911715346,59.1023114070608,405260723892.517,13.2339264715833,4.50987264867388,Pretoria,28.1871,-25.746,Upper middle income,IBRD,8.719034678787482,NA,61.9,1.9,20.7,6.6090429718875505,3.626015325670498,112.00375403225806,1.8316666666666666,750.7115384615385,2.125,14141.441666666666,16.6398406374502,0.38417670682730926,86793667.369,882102022.672,0.0983941371158983,-1.2538762092590332,NA,NA,NA,NA,6452957529.970953,61,NA,NA,NA,NA,11.72,0.207,NA,0.026941379229918384,NA,NA,NA,26.727796459626674,22.58780439459393,NA,0,1,0,0,0,0,ZAF_2018
ZAF,2019,Sub-Saharan Africa,South Africa,ZA,,2026-04-08,6032.82972598668,53.8979964081406,NA,NA,1.31407752293306,64.5892781351104,389330032224.269,14.4484270548333,4.10285075461156,Pretoria,28.1871,-25.746,Upper middle income,IBRD,8.70513720022682,NA,60.9,2.1,20.6,6.908139357429719,4.075823754789272,115.73329798387097,2.158333333333333,258.5769230769231,3.375,14863.433333333332,15.387857142857143,0.1726,105846692.434,944254642.1340001,0.11209549597213332,-1.2538762092590332,NA,NA,NA,NA,1115634345.9323883,41,NA,NA,NA,NA,10.92,-0.068,NA,0.004436531194246905,NA,NA,NA,26.687693232757074,20.832689001099883,NA,0,1,0,0,0,0,ZAF_2019
ZAF,2020,Sub-Saharan Africa,South Africa,ZA,,2026-04-08,5569.58483319272,50.7596590804177,NA,NA,0.933073684352391,75.7255090793216,337974655408.055,16.4591053903333,3.23238831615113,Pretoria,28.1871,-25.746,Upper middle income,IBRD,8.625255324392068,NA,59,2.3,21.2,6.9041904,5.5483969465648855,117.7739632,0.37583333333333335,132821.28301886792,1.5749999999999995,17696.283333333333,29.251304347826085,0.5005577689243028,55136415.817,650453980.127,0.08476605186770433,-1.2538762092590332,NA,NA,NA,NA,765870900.1012325,51,NA,NA,NA,NA,16.68,0.527,NA,0.002992466056395449,NA,NA,NA,26.546236745621112,20.45652417707964,NA,0,1,0,1,0,0,ZAF_2020
ZAF,2021,Sub-Saharan Africa,South Africa,ZA,,2026-04-08,5750.90937479584,56.1647136277546,NA,85.378111952418,9.68098022663018,74.0826080051444,419986284375.368,14.7786782139167,4.61874544887136,Pretoria,28.1871,-25.746,Upper middle income,IBRD,8.65728714385184,NA,59.2,2.7,20.6,6.450814457831325,3.321717557251908,113.10509156626506,0.08,2171.269230769231,5.75,20538.24166666667,19.656150793650795,1.181394422310757,37135363.408,707239929.621,0.052507447406003105,-1.2538762092590332,NA,NA,NA,NA,176697023.42516914,13,NA,NA,NA,NA,26.97,0.617,NA,5.679078384612807e-4,NA,NA,NA,26.763487891443855,18.989947097449036,NA,0,1,0,0,0,0,ZAF_2021
ZAF,2022,Sub-Saharan Africa,South Africa,ZA,,2026-04-08,5786.86505344736,64.94713440234,NA,NA,2.26670277731613,76.205442941881,407596043067.885,16.3558534845,7.03987272546482,Pretoria,28.1871,-25.746,Upper middle income,IBRD,8.663518772594879,NA,58.4,2.8,19.8,6.7290124,4.403984674329502,120.6980116,1.6833333333333333,682.9807692307693,1.325,21607.55,25.6371484375,-0.035622489959839354,55561749.221999995,911149755.528,0.06097982124771866,NA,NA,NA,NA,NA,NA,NA,NA,NA,NA,NA,26.97,0,NA,NA,NA,NA,NA,26.733542430369756,NA,NA,0,1,0,0,1,0,ZAF_2022
ZAF,2023,Sub-Saharan Africa,South Africa,ZA,,2026-04-08,5756.55049453121,65.6798759740707,NA,NA,1.0127377916456,79.4469077095183,381440724491.232,18.4502441785,6.0752438457966,Pretoria,28.1871,-25.746,Upper middle income,IBRD,8.65826740187457,NA,58.9,2.3,19.7,7.080916064257028,4.205076923076923,120.26631887550201,5.024166666666667,343.90384615384613,3.375,20869.600000000002,16.849027237354086,-0.62396,101749466.518,865148341.665,0.11760927186449964,NA,NA,NA,NA,NA,NA,NA,NA,NA,NA,NA,44.87,0.664,NA,NA,NA,NA,NA,26.667221300742465,NA,NA,0,1,0,0,0,1,ZAF_2023
ZAF,2024,Sub-Saharan Africa,South Africa,ZA,,2026-04-08,5715.47531469148,61.646770473025,NA,81.1259662052011,0.580891709673066,NA,401144998373.585,18.3286575505,4.36115246518962,Pretoria,28.1871,-25.746,Upper middle income,IBRD,8.651107690717033,NA,58,2.2,20,7.195725498007969,3.1492015209125475,122.89302988047808,5.1433333333333335,198.34615384615384,2.4,21133.908333333333,15.550656370656371,-0.1644,NA,NA,NA,NA,NA,NA,NA,NA,NA,NA,NA,NA,NA,NA,60.92,0.357,NA,NA,NA,NA,NA,26.717588790850936,NA,NA,0,1,0,0,0,1,ZAF_2024
ZAF,2025,Sub-Saharan Africa,South Africa,ZA,,2026-04-08,NA,NA,NA,NA,NA,NA,NA,NA,NA,Pretoria,28.1871,-25.746,Upper middle income,IBRD,NA,NA,NA,NA,NA,7.1875432,3.0473946360153255,122.7202868,4.2125,115.9245283018868,2.025,21967.716666666667,18.926666666666666,0.4818875502008032,NA,NA,NA,NA,NA,NA,NA,NA,NA,NA,NA,NA,NA,NA,115,0.888,NA,NA,NA,NA,NA,NA,NA,NA,0,1,0,0,0,1,ZAF_2025
MYS,2015,East Asia & Pacific,Malaysia,MY,,2026-04-08,9648.6797937523,131.37007244526,NA,NA,3.27094402931735,53.5744697326154,301355266964.947,3.90550026302768,2.10438980238359,Kuala Lumpur,101.684,3.12433,Upper middle income,IBRD,9.174680011787917,NA,65.7,NA,20.5,6.282743426294821,5.365538461538462,108.16961726907631,0.1325,207.1153846153846,2.1,12074.325,16.674126984126985,1.4515139442231075,2175648962,18461648546,0.1178469493977767,-0.17476625740528107,NA,NA,NA,NA,2281420415.977479,12,NA,NA,NA,NA,4.68,NA,NA,0.014130862032579026,NA,NA,NA,26.431555694625324,21.548064075837516,NA,0,0,0,0,0,0,MYS_2015
MYS,2016,East Asia & Pacific,Malaysia,MY,,2026-04-08,9901.47960179812,126.8990100257,NA,NA,4.47130958598651,51.8905275342534,301256033870.334,4.14830066287879,2.09056659525742,Kuala Lumpur,101.684,3.12433,Upper middle income,IBRD,9.200540469589695,NA,65.3,1.1,19.9,6.640016334661355,5.972480916030534,113.06646008064516,0.395,891.7692307692307,2.175,12892.066666666666,15.82563492063492,1.00324,2654659398,18621343316,0.14256003731583852,-0.17476625740528107,NA,NA,NA,NA,854782780.091709,3,NA,NA,NA,NA,6.91,0.477,NA,0.005468043042261494,NA,NA,NA,26.4312263509991,20.566357937420356,NA,0,0,0,0,0,0,MYS_2016
MYS,2017,East Asia & Pacific,Malaysia,MY,,2026-04-08,10293.762920536201,133.155173371956,NA,85.3437476207774,2.9358203805856,50.0496777374929,319109094160.343,4.30044087761124,3.87120115774237,Kuala Lumpur,101.684,3.12433,Upper middle income,IBRD,9.239390590594125,NA,63.8,1.2,20.1,6.756870281124498,3.7646153846153845,112.81009919678715,1.0016666666666667,771.5192307692307,3.025,13621.366666666667,11.0902390438247,0.93028,3602393178.752,25010930030.337,0.14403275585443956,-0.17476625740528107,NA,NA,NA,NA,6278416882.720644,14,NA,NA,NA,NA,9.71,0.405,NA,0.03931060090821755,NA,NA,NA,26.488798869233293,22.560383697067337,NA,0,0,0,0,0,0,MYS_2017
MYS,2018,East Asia & Pacific,Malaysia,MY,,2026-04-08,10610.1950240479,130.402625502126,NA,NA,2.31458721219734,51.1859148831795,358788845712.53,4.03513013706806,0.884709160571235,Kuala Lumpur,101.684,3.12433,Upper middle income,IBRD,9.26966485712679,NA,61.9,1.9,20.7,6.6090429718875505,3.626015325670498,112.00375403225806,1.8316666666666666,750.7115384615385,2.125,14141.441666666666,16.6398406374502,0.38417670682730926,4593678544.977,29805273617.010002,0.15412301205499981,-0.17476625740528107,NA,NA,NA,NA,17132547674.009739,13,NA,NA,NA,NA,11.72,0.207,NA,0.0932894528489126,NA,NA,NA,26.605999878892884,23.564245864143846,NA,0,0,0,0,0,0,MYS_2018
MYS,2019,East Asia & Pacific,Malaysia,MY,,2026-04-08,10902.9834855856,123.028562027943,NA,NA,2.50697705748044,52.4213502119727,365177721021.516,4.14246973569731,0.662891865764326,Kuala Lumpur,101.684,3.12433,Upper middle income,IBRD,9.296883458847121,NA,60.9,2.1,20.6,6.908139357429719,4.075823754789272,115.73329798387097,2.158333333333333,258.5769230769231,3.375,14863.433333333332,15.387857142857143,0.1726,3979326474.399,26077833910.028,0.15259421039831017,-0.17476625740528107,NA,NA,NA,NA,11580499282.269863,12,NA,NA,NA,NA,10.92,-0.068,NA,0.06049434895469219,NA,NA,NA,26.6236499789392,23.172588424160917,NA,0,0,0,0,0,0,MYS_2019
MYS,2020,East Asia & Pacific,Malaysia,MY,,2026-04-08,10171.4657842762,116.788182437638,NA,NA,1.20275464255821,62.0067215086738,337456163961.211,4.20348194851884,-1.1387021539305,Kuala Lumpur,101.684,3.12433,Upper middle income,IBRD,9.227439916319065,NA,59,2.3,21.2,6.9041904,5.5483969465648855,117.7739632,0.37583333333333335,132821.28301886792,1.5749999999999995,17696.283333333333,29.251304347826085,0.5005577689243028,4664860030.814,27774299077.207,0.16795599477944056,-0.17476625740528107,NA,NA,NA,NA,1168386086.1486275,76,NA,NA,NA,NA,16.68,0.527,NA,0.005583804979879747,NA,NA,NA,26.544701454266853,20.878889220797095,NA,0,0,0,1,0,0,MYS_2020
MYS,2021,East Asia & Pacific,Malaysia,MY,,2026-04-08,10388.2667120857,134.035994690727,NA,88.3748841160555,5.41626377085161,63.2668366732951,373784553029.978,4.14329759817721,2.47710241465447,Kuala Lumpur,101.684,3.12433,Upper middle income,IBRD,9.248528505287508,NA,59.2,2.7,20.6,6.450814457831325,3.321717557251908,113.10509156626506,0.08,2171.269230769231,5.75,20538.24166666667,19.656150793650795,1.181394422310757,4911482780.649,36117123955.774,0.13598764914568473,-0.17476625740528107,NA,NA,NA,NA,1080094495.333552,13,NA,NA,NA,NA,26.97,0.617,NA,0.004567349887129178,NA,NA,NA,26.646945406959322,20.800314370860075,NA,0,0,0,0,0,0,MYS_2021
MYS,2022,East Asia & Pacific,Malaysia,MY,,2026-04-08,11191.6511756943,146.424604753908,NA,NA,3.68486215546291,60.1479261322487,407830525989.553,4.40107634540072,3.37869862549928,Kuala Lumpur,101.684,3.12433,Upper middle income,IBRD,9.323012696898534,NA,58.4,2.8,19.8,6.7290124,4.403984674329502,120.6980116,1.6833333333333333,682.9807692307693,1.325,21607.55,25.6371484375,-0.035622489959839354,6300424347.747001,46031493083.729996,0.1368720396769817,NA,NA,NA,NA,NA,NA,NA,NA,NA,NA,NA,26.97,0,NA,NA,NA,NA,NA,26.734117547583317,NA,NA,0,0,0,0,1,0,MYS_2022
MYS,2023,East Asia & Pacific,Malaysia,MY,,2026-04-08,11445.3925275079,132.593461641599,NA,NA,1.97990062716743,64.2816241956596,399949418752.657,4.56062343240897,2.48886560125754,Kuala Lumpur,101.684,3.12433,Upper middle income,IBRD,9.345429896239834,NA,58.9,2.3,19.7,7.080916064257028,4.205076923076923,120.26631887550201,5.024166666666667,343.90384615384613,3.375,20869.600000000002,16.849027237354086,-0.62396,4022588570.697,38899409344.438995,0.10341001671975422,NA,NA,NA,NA,NA,NA,NA,NA,NA,NA,NA,44.87,0.664,NA,NA,NA,NA,NA,26.714603922942665,NA,NA,0,0,0,0,0,1,MYS_2023
MYS,2024,East Asia & Pacific,Malaysia,MY,,2026-04-08,11883.79127749,137.362571161559,NA,88.6918012421116,3.6930953933026,64.566529006102,422227005428.688,4.5764279106858,1.834100204499,Kuala Lumpur,101.684,3.12433,Upper middle income,IBRD,9.383014817796584,NA,58,2.2,20,7.195725498007969,3.1492015209125475,122.89302988047808,5.1433333333333335,198.34615384615384,2.4,21133.908333333333,15.550656370656371,-0.1644,NA,NA,NA,NA,NA,NA,NA,NA,NA,NA,NA,NA,NA,NA,60.92,0.357,NA,NA,NA,NA,NA,26.76880893390976,NA,NA,0,0,0,0,0,1,MYS_2024
MYS,2025,East Asia & Pacific,Malaysia,MY,,2026-04-08,NA,NA,NA,NA,NA,NA,NA,NA,NA,Kuala Lumpur,101.684,3.12433,Upper middle income,IBRD,NA,NA,NA,NA,NA,7.1875432,3.0473946360153255,122.7202868,4.2125,115.9245283018868,2.025,21967.716666666667,18.926666666666666,0.4818875502008032,NA,NA,NA,NA,NA,NA,NA,NA,NA,NA,NA,NA,NA,NA,115,0.888,NA,NA,NA,NA,NA,NA,NA,NA,0,0,0,0,0,1,MYS_2025
COL,2015,Latin America & Caribbean,Colombia,CO,,2026-04-08,6248.51490534512,38.3607641184453,NA,NA,3.95939854860993,53.2785874737167,293492370193.166,2741.78166666666,4.98983115849529,Bogota,-74.082,4.60987,Upper middle income,IBRD,8.740259124573456,NA,65.7,NA,20.5,6.282743426294821,5.365538461538462,108.16961726907631,0.1325,207.1153846153846,2.1,12074.325,16.674126984126985,1.4515139442231075,57030756,239083297,0.23853927361558847,-0.17476625740528107,NA,NA,NA,NA,296604335.48728323,7,NA,NA,NA,NA,4.68,NA,NA,0.0018968281100245018,NA,NA,NA,26.40511747994537,19.50790960821963,NA,0,0,0,0,0,0,COL_2015
COL,2016,Latin America & Caribbean,Colombia,CO,,2026-04-08,6316.07067782542,36.202652984202,NA,NA,4.90164572903473,66.9071609125065,282720100286.228,3055.255,7.51346024627674,Bogota,-74.082,4.60987,Upper middle income,IBRD,8.751010879347337,NA,65.3,1.1,19.9,6.640016334661355,5.972480916030534,113.06646008064516,0.395,891.7692307692307,2.175,12892.066666666666,15.82563492063492,1.00324,46101537,209428281,0.22013042737050398,-0.17476625740528107,NA,NA,NA,NA,NA,NA,NA,NA,NA,NA,6.91,0.477,NA,NA,NA,NA,NA,26.367723200240526,NA,NA,0,0,0,0,0,0,COL_2016
COL,2017,Latin America & Caribbean,Colombia,CO,,2026-04-08,6309.67745292518,35.2829149424588,NA,45.7592285252884,4.3931823276543,66.7272478472146,311866875156.879,2951.48691120161,4.3143132569501,Bogota,-74.082,4.60987,Upper middle income,IBRD,8.749998311567193,NA,63.8,1.2,20.1,6.756870281124498,3.7646153846153845,112.81009919678715,1.0016666666666667,771.5192307692307,3.025,13621.366666666667,11.0902390438247,0.93028,41157573.43,201653116.6,0.2041008545959661,-0.17476625740528107,NA,NA,NA,NA,241184376.26448917,4,NA,NA,NA,NA,9.71,0.405,NA,0.001158982049359773,NA,NA,NA,26.46584225151486,19.30107224984267,NA,0,0,0,0,0,0,COL_2017
COL,2018,Latin America & Caribbean,Colombia,CO,,2026-04-08,6353.5464285392,36.5347527968973,NA,NA,3.38083573220188,71.6505702481056,334198218098.276,2955.70396997842,3.24056932930569,Bogota,-74.082,4.60987,Upper middle income,IBRD,8.756925808698643,NA,61.9,1.9,20.7,6.6090429718875505,3.626015325670498,112.00375403225806,1.8316666666666666,750.7115384615385,2.125,14141.441666666666,16.6398406374502,0.38417670682730926,42678148.16,251428426.96,0.16974273225990355,-0.17476625740528107,NA,NA,NA,NA,78175995.25586438,7,NA,NA,NA,NA,11.72,0.207,NA,3.264747799236643e-4,NA,NA,NA,26.5350001212541,18.174473205145933,NA,0,0,0,0,0,0,COL_2018
COL,2019,Latin America & Caribbean,Colombia,CO,,2026-04-08,6439.96359812647,37.558533980839,NA,NA,4.33058240931506,72.7038785770822,323031701192.84,3281.62219381787,3.52301932741446,Bogota,-74.082,4.60987,Upper middle income,IBRD,8.770433434943662,NA,60.9,2.1,20.6,6.908139357429719,4.075823754789272,115.73329798387097,2.158333333333333,258.5769230769231,3.375,14863.433333333332,15.387857142857143,0.1726,38664191.52,287088467.68,0.13467692322318087,-0.17476625740528107,NA,NA,NA,NA,504705223.82815135,6,NA,NA,NA,NA,10.92,-0.068,NA,0.0021489933679959728,NA,NA,NA,26.501016301464013,20.039485103601173,NA,0,0,0,0,0,0,COL_2019
COL,2020,Latin America & Caribbean,Colombia,CO,,2026-04-08,5891.9552321540305,34.0555709680101,NA,NA,2.7588942895314,91.1566069449736,270348342541.465,3693.27583333333,2.52663500084706,Bogota,-74.082,4.60987,Upper middle income,IBRD,8.681512888025422,NA,59,2.3,21.2,6.9041904,5.5483969465648855,117.7739632,0.37583333333333335,132821.28301886792,1.5749999999999995,17696.283333333333,29.251304347826085,0.5005577689243028,29733634.759999998,237796267.06,0.12503827384513863,-0.17476625740528107,NA,NA,NA,NA,268350563.83801955,30,NA,NA,NA,NA,16.68,0.527,NA,0.0010889066483358999,NA,NA,NA,26.322977121971334,19.40780476144057,NA,0,0,0,1,0,0,COL_2020
COL,2021,Latin America & Caribbean,Colombia,CO,,2026-04-08,6457.16921807086,40.0591463936128,NA,59.7159078921527,3.00175693787234,80.4259616037106,318524633225.395,3744.24416666666,3.49505757399448,Bogota,-74.082,4.60987,Upper middle income,IBRD,8.773101153835084,NA,59.2,2.7,20.6,6.450814457831325,3.321717557251908,113.10509156626506,0.08,2171.269230769231,5.75,20538.24166666667,19.656150793650795,1.181394422310757,29457701.419999998,278579563.43,0.10574250694237294,-0.17476625740528107,NA,NA,NA,NA,103221090,5,NA,NA,NA,NA,26.97,0.617,NA,4.0292958298441406e-4,NA,NA,NA,26.486965650338096,18.45238376028604,NA,0,0,0,0,0,0,COL_2021
COL,2022,Latin America & Caribbean,Colombia,CO,,2026-04-08,6856.72590505374,48.2826551123359,NA,NA,4.97124137726565,70.2611599864283,345632492851.448,4256.19416666666,10.1772313546166,Bogota,-74.082,4.60987,Upper middle income,IBRD,8.833131165040392,NA,58.4,2.8,19.8,6.7290124,4.403984674329502,120.6980116,1.6833333333333333,682.9807692307693,1.325,21607.55,25.6371484375,-0.035622489959839354,34089109.6,319057087.5,0.10684329211147833,NA,NA,NA,NA,NA,NA,NA,NA,NA,NA,NA,26.97,0,NA,NA,NA,NA,NA,26.56864188812711,NA,NA,0,0,0,0,1,0,COL_2022
COL,2023,Latin America & Caribbean,Colombia,CO,,2026-04-08,6828.59753791113,40.3881324933957,NA,NA,4.58478761240549,71.3312731896082,366291836137.916,4325.955,11.7359044948689,Bogota,-74.082,4.60987,Upper middle income,IBRD,8.829021025193386,NA,58.9,2.3,19.7,7.080916064257028,4.205076923076923,120.26631887550201,5.024166666666667,343.90384615384613,3.375,20869.600000000002,16.849027237354086,-0.62396,33120333.889999997,311888862.23,0.10619274331628958,NA,NA,NA,NA,NA,NA,NA,NA,NA,NA,NA,44.87,0.664,NA,NA,NA,NA,NA,26.626696219119765,NA,NA,0,0,0,0,0,1,COL_2023
COL,2024,Latin America & Caribbean,Colombia,CO,,2026-04-08,6863.59563194342,37.0254687077888,NA,57.0594856281374,3.26725954832527,71.4831261616001,418818154879.271,4074.43416666666,6.60908593728228,Bogota,-74.082,4.60987,Upper middle income,IBRD,8.834132413618493,NA,58,2.2,20,7.195725498007969,3.1492015209125475,122.89302988047808,5.1433333333333335,198.34615384615384,2.4,21133.908333333333,15.550656370656371,-0.1644,NA,NA,NA,NA,NA,NA,NA,NA,NA,NA,NA,NA,NA,NA,60.92,0.357,NA,NA,NA,NA,NA,26.760702664765088,NA,NA,0,0,0,0,0,1,COL_2024
COL,2025,Latin America & Caribbean,Colombia,CO,,2026-04-08,NA,NA,NA,NA,NA,NA,NA,NA,NA,Bogota,-74.082,4.60987,Upper middle income,IBRD,NA,NA,NA,NA,NA,7.1875432,3.0473946360153255,122.7202868,4.2125,115.9245283018868,2.025,21967.716666666667,18.926666666666666,0.4818875502008032,NA,NA,NA,NA,NA,NA,NA,NA,NA,NA,NA,NA,NA,NA,115,0.888,NA,NA,NA,NA,NA,NA,NA,NA,0,0,0,0,0,1,COL_2025
ARG,2015,Latin America & Caribbean,Argentina,AR,,2026-04-08,13679.6264980954,22.4862260889792,NA,NA,1.97713461784426,NA,594749285413.212,9.23318552472429,NA,Buenos Aires,-58.4173,-34.6118,Upper middle income,IBRD,9.523735986772309,NA,65.7,NA,20.5,6.282743426294821,5.365538461538462,108.16961726907631,0.1325,207.1153846153846,2.1,12074.325,16.674126984126985,1.4515139442231075,34308015.04,665450450.23,0.05155607758345058,-1.9393720626831055,NA,NA,NA,NA,14695204058.903255,10,NA,NA,NA,NA,4.68,NA,NA,NA,NA,NA,NA,27.111405784639413,23.410787023070196,NA,0,0,0,0,0,0,ARG_2015
ARG,2016,Latin America & Caribbean,Argentina,AR,,2026-04-08,13265.8860639123,26.0938878488799,NA,NA,0.584748941173009,NA,557532320662.955,14.7581750873395,NA,Buenos Aires,-58.4173,-34.6118,Upper middle income,IBRD,9.493026439948503,NA,65.3,1.1,19.9,6.640016334661355,5.972480916030534,113.06646008064516,0.395,891.7692307692307,2.175,12892.066666666666,15.82563492063492,1.00324,31768518.93,530364606.26,0.05989939478432344,-1.2538762092590332,NA,NA,NA,NA,13260924079.701887,13,NA,NA,NA,NA,6.91,0.477,NA,NA,NA,NA,NA,27.046786312885363,23.308087508619973,NA,0,0,0,0,0,0,ARG_2016
ARG,2017,Latin America & Caribbean,Argentina,AR,,2026-04-08,13520.1129846159,25.2896011376779,NA,48.7084867377005,1.78936504083806,NA,643628393281.364,16.5627069251411,NA,Buenos Aires,-58.4173,-34.6118,Upper middle income,IBRD,9.51200766755607,NA,63.8,1.2,20.1,6.756870281124498,3.7646153846153845,112.81009919678715,1.0016666666666667,771.5192307692307,3.025,13621.366666666667,11.0902390438247,0.93028,33393100.82,497877079.52,0.06707097433003759,1.2737407684326172,NA,NA,NA,NA,16980206107.100645,24,NA,NA,NA,NA,9.71,0.405,NA,NA,NA,NA,NA,27.19038736744077,23.5553141560422,NA,0,0,0,0,0,0,ARG_2017
ARG,2018,Latin America & Caribbean,Argentina,AR,,2026-04-08,13058.3285449954,30.7625359549926,NA,NA,2.23253157689253,NA,524819892360.176,28.0949916666666,34.2772237131003,Buenos Aires,-58.4173,-34.6118,Upper middle income,IBRD,9.477257988414957,NA,61.9,1.9,20.7,6.6090429718875505,3.626015325670498,112.00375403225806,1.8316666666666666,750.7115384615385,2.125,14141.441666666666,16.6398406374502,0.38417670682730926,27466577.86,401105908.96999997,0.06847712099413204,1.5255131721496582,NA,NA,NA,NA,22314073663.543415,11,NA,NA,NA,NA,11.72,0.207,NA,NA,NA,NA,NA,26.986320978509557,23.828483422382156,NA,0,0,0,0,0,0,ARG_2018
ARG,2019,Latin America & Caribbean,Argentina,AR,,2026-04-08,12706.3978108968,32.6306150458499,NA,NA,1.48500687570697,NA,447754683615.225,48.1478916666666,53.5483043492339,Buenos Aires,-58.4173,-34.6118,Upper middle income,IBRD,9.449939607651643,NA,60.9,2.1,20.6,6.908139357429719,4.075823754789272,115.73329798387097,2.158333333333333,258.5769230769231,3.375,14863.433333333332,15.387857142857143,0.1726,34861591.519999996,367626313.48,0.09482887987531549,-0.750331461429596,NA,NA,NA,NA,22894152867.389687,21,NA,NA,NA,NA,10.92,-0.068,NA,NA,NA,NA,NA,26.827511338170268,23.854147381645426,NA,0,0,0,0,0,0,ARG_2019
ARG,2020,Latin America & Caribbean,Argentina,AR,,2026-04-08,11393.0505957877,30.203698807416,NA,NA,1.26616924308721,NA,385740508436.965,70.5391666666666,42.0150947376509,Buenos Aires,-58.4173,-34.6118,Upper middle income,IBRD,9.340846620594611,NA,59,2.3,21.2,6.9041904,5.5483969465648855,117.7739632,0.37583333333333335,132821.28301886792,1.5749999999999995,17696.283333333333,29.251304347826085,0.5005577689243028,19998924.6,502657359.33,0.03978639570035717,-0.750331461429596,NA,NA,NA,NA,21478618328.74215,55,NA,NA,NA,NA,16.68,0.527,NA,NA,NA,NA,NA,26.67843072241182,23.790323780949425,NA,0,0,0,1,0,0,ARG_2020
ARG,2021,Latin America & Caribbean,Argentina,AR,,2026-04-08,12549.2811699342,33.078689567466,NA,71.6270859300586,1.36838083162438,NA,486564085480.036,94.9907416666666,48.4093786255199,Buenos Aires,-58.4173,-34.6118,Upper middle income,IBRD,9.437498348287786,NA,59.2,2.7,20.6,6.450814457831325,3.321717557251908,113.10509156626506,0.08,2171.269230769231,5.75,20538.24166666667,19.656150793650795,1.181394422310757,23402754.319999997,1039050174.25,0.022523218704902686,-0.750331461429596,NA,NA,NA,NA,20256568060.460854,16,NA,NA,NA,NA,26.97,0.617,NA,NA,NA,NA,NA,26.910634457504624,23.731744926623403,NA,0,0,0,0,0,0,ARG_2021
ARG,2022,Latin America & Caribbean,Argentina,AR,,2026-04-08,13276.8232110189,31.5801792606256,NA,NA,2.3984601182853,NA,633993756301.08,130.61655,72.430757531824,Buenos Aires,-58.4173,-34.6118,Upper middle income,IBRD,9.493850494762006,NA,58.4,2.8,19.8,6.7290124,4.403984674329502,120.6980116,1.6833333333333333,682.9807692307693,1.325,21607.55,25.6371484375,-0.035622489959839354,21371695.61,892430149.1,0.023947751688524838,NA,NA,NA,NA,NA,NA,NA,NA,NA,NA,NA,26.97,0,NA,NA,NA,NA,NA,27.17530494323117,NA,NA,0,0,0,0,1,0,ARG_2022
ARG,2023,Latin America & Caribbean,Argentina,AR,,2026-04-08,12993.0928872416,26.6769512482215,NA,NA,3.81190879856952,NA,649461687959.174,296.258041666666,133.488935594175,Buenos Aires,-58.4173,-34.6118,Upper middle income,IBRD,9.472250139886652,NA,58.9,2.3,19.7,7.080916064257028,4.205076923076923,120.26631887550201,5.024166666666667,343.90384615384613,3.375,20869.600000000002,16.849027237354086,-0.62396,37033150.629999995,638145429.7,0.05803246236114193,NA,NA,NA,NA,NA,NA,NA,NA,NA,NA,NA,44.87,0.664,NA,NA,NA,NA,NA,27.19940968434294,NA,NA,0,0,0,0,0,1,ARG_2023
ARG,2024,Latin America & Caribbean,Argentina,AR,,2026-04-08,12774.3506596628,27.929760849367,NA,81.744244686500707,1.82409522925391,NA,638365455340.04,914.694883333333,219.883929014578,Buenos Aires,-58.4173,-34.6118,Upper middle income,IBRD,9.455272863592475,NA,58,2.2,20,7.195725498007969,3.1492015209125475,122.89302988047808,5.1433333333333335,198.34615384615384,2.4,21133.908333333333,15.550656370656371,-0.1644,NA,NA,NA,NA,NA,NA,NA,NA,NA,NA,NA,NA,NA,NA,60.92,0.357,NA,NA,NA,NA,NA,27.182176770310047,NA,NA,0,0,0,0,0,1,ARG_2024
ARG,2025,Latin America & Caribbean,Argentina,AR,,2026-04-08,NA,NA,NA,NA,NA,NA,NA,NA,NA,Buenos Aires,-58.4173,-34.6118,Upper middle income,IBRD,NA,NA,NA,NA,NA,7.1875432,3.0473946360153255,122.7202868,4.2125,115.9245283018868,2.025,21967.716666666667,18.926666666666666,0.4818875502008032,NA,NA,NA,NA,NA,NA,NA,NA,NA,NA,NA,NA,NA,NA,115,0.888,NA,NA,NA,NA,NA,NA,NA,NA,0,0,0,0,0,1,ARG_2025
CHL,2015,Latin America & Caribbean,Chile,CL,,2026-04-08,13433.9202987032,59.3491104775309,NA,NA,7.32780348711267,NA,242450355830.884,654.124084254196,4.34877353217044,Santiago,-70.6475,-33.475,High income,IBRD,9.505612588669003,NA,65.7,NA,20.5,6.282743426294821,5.365538461538462,108.16961726907631,0.1325,207.1153846153846,2.1,12074.325,16.674126984126985,1.4515139442231075,160015562.915,343611427.874,0.4656875468463075,1.0219684839248657,NA,NA,NA,NA,61276246.09901072,4,NA,NA,NA,NA,4.68,NA,NA,NA,NA,NA,NA,26.21406280814728,17.930902839664377,NA,0,0,0,0,0,0,CHL_2015
CHL,2016,Latin America & Caribbean,Chile,CL,,2026-04-08,13505.097711133,56.0578610877723,NA,NA,4.55707488153847,NA,249344863928.438,676.957736044657,3.78619355893118,Santiago,-70.6475,-33.475,High income,IBRD,9.510896544754923,NA,65.3,1.1,19.9,6.640016334661355,5.972480916030534,113.06646008064516,0.395,891.7692307692307,2.175,12892.066666666666,15.82563492063492,1.00324,82406857.077,270626510.135,0.30450400825806745,1.0219684839248657,NA,NA,NA,NA,0,3,NA,NA,NA,NA,6.91,0.477,NA,NA,NA,NA,NA,26.24210277088978,0,NA,0,0,0,0,0,0,CHL_2016
CHL,2017,Latin America & Caribbean,Chile,CL,,2026-04-08,13473.3458532934,56.0261589675707,NA,74.3492431619623,1.89647029836548,NA,276154259981.097,648.833792598261,2.18271846868519,Santiago,-70.6475,-33.475,High income,IBRD,9.508542849388704,NA,63.8,1.2,20.1,6.756870281124498,3.7646153846153845,112.81009919678715,1.0016666666666667,771.5192307692307,3.025,13621.366666666667,11.0902390438247,0.93028,90301680.185,263989402.37100002,0.3420655502605884,1.0219684839248657,NA,NA,NA,NA,229269199.72089246,8,NA,NA,NA,NA,9.71,0.405,NA,NA,NA,NA,NA,26.34422545950849,19.250407420101347,NA,0,0,0,0,0,0,CHL_2017
CHL,2018,Latin America & Caribbean,Chile,CL,,2026-04-08,13763.0068844795,58.177050633437,NA,NA,2.68461345207245,NA,295857562991.709,641.276813066394,2.43488981353057,Santiago,-70.6475,-33.475,High income,IBRD,9.52981226709739,NA,61.9,1.9,20.7,6.6090429718875505,3.626015325670498,112.00375403225806,1.8316666666666666,750.7115384615385,2.125,14141.441666666666,16.6398406374502,0.38417670682730926,194054990.705,419609981.786,0.4624651441298828,1.0219684839248657,NA,NA,NA,NA,3241213150.191172,5,NA,NA,NA,NA,11.72,0.207,NA,NA,NA,NA,NA,26.413143969347946,21.899213526049454,NA,0,0,0,0,0,0,CHL_2018
CHL,2019,Latin America & Caribbean,Chile,CL,,2026-04-08,13630.5935435578,57.6117545680829,NA,NA,4.87956164130548,NA,278285058719.466,702.897422561528,2.55754475703326,Santiago,-70.6475,-33.475,High income,IBRD,9.52014543227759,NA,60.9,2.1,20.6,6.908139357429719,4.075823754789272,115.73329798387097,2.158333333333333,258.5769230769231,3.375,14863.433333333332,15.387857142857143,0.1726,70664218.447,282862351.867,0.24981839393114375,1.0219684839248657,NA,NA,NA,NA,1099306852.2833977,9,NA,NA,NA,NA,10.92,-0.068,NA,NA,NA,NA,NA,26.351911816363526,20.817945684754527,NA,0,0,0,0,0,0,CHL_2019
CHL,2020,Latin America & Caribbean,Chile,CL,,2026-04-08,12679.024004022,58.1828635629748,NA,NA,4.50610139661101,NA,254042159309.311,792.727206103168,3.04549084804326,Santiago,-70.6475,-33.475,High income,IBRD,9.447783121051097,NA,59,2.3,21.2,6.9041904,5.5483969465648855,117.7739632,0.37583333333333335,132821.28301886792,1.5749999999999995,17696.283333333333,29.251304347826085,0.5005577689243028,103055290.934,318567928.45,0.32349549885770995,1.0219684839248657,NA,NA,NA,NA,121607578.7908535,9,NA,NA,NA,NA,16.68,0.527,NA,NA,NA,NA,NA,26.260766071728195,18.61630985936003,NA,0,0,0,1,0,0,CHL_2020
CHL,2021,Latin America & Caribbean,Chile,CL,,2026-04-08,14051.4713630677,64.8774063237834,NA,87.0620678198245,4.81308998117864,NA,315325547162.072,758.955378658977,4.52456838259143,Santiago,-70.6475,-33.475,High income,IBRD,9.550553557020939,NA,59.2,2.7,20.6,6.450814457831325,3.321717557251908,113.10509156626506,0.08,2171.269230769231,5.75,20538.24166666667,19.656150793650795,1.181394422310757,184413197.019,486289082.655,0.37922545168432825,1.0219684839248657,NA,NA,NA,NA,588226567.23529,21,NA,NA,NA,NA,26.97,0.617,NA,NA,NA,NA,NA,26.476871425153465,20.19262275177421,NA,0,0,0,0,0,0,CHL_2021
CHL,2022,Latin America & Caribbean,Chile,CL,,2026-04-08,14283.1489501524,75.2016177425303,NA,NA,6.2318507042491,NA,301226575540.242,873.314189543013,11.6438667110559,Santiago,-70.6475,-33.475,High income,IBRD,9.566905736421969,NA,58.4,2.8,19.8,6.7290124,4.403984674329502,120.6980116,1.6833333333333333,682.9807692307693,1.325,21607.55,25.6371484375,-0.035622489959839354,84286102.049,390650803.812,0.21575816874438722,NA,NA,NA,NA,NA,NA,NA,NA,NA,NA,NA,26.97,0,NA,NA,NA,NA,NA,26.431128561188554,NA,NA,0,0,0,0,1,0,CHL_2022
CHL,2023,Latin America & Caribbean,Chile,CL,,2026-04-08,14280.3475638842,60.7247236874408,NA,NA,5.47730938390937,NA,335518054097.637,840.066526651499,7.58168251407962,Santiago,-70.6475,-33.475,High income,IBRD,9.56670959866005,NA,58.9,2.3,19.7,7.080916064257028,4.205076923076923,120.26631887550201,5.024166666666667,343.90384615384613,3.375,20869.600000000002,16.849027237354086,-0.62396,126675197.398,409122440.22300005,0.30962661771608824,NA,NA,NA,NA,NA,NA,NA,NA,NA,NA,NA,44.87,0.664,NA,NA,NA,NA,NA,26.538941604424874,NA,NA,0,0,0,0,0,1,CHL_2023
CHL,2024,Latin America & Caribbean,Chile,CL,,2026-04-08,14579.4001071307,63.859857248066,NA,85.0691778196127,3.79129110936144,NA,330267137371.592,943.572167421487,4.29763891572524,Santiago,-70.6475,-33.475,High income,IBRD,9.587433447376153,NA,58,2.2,20,7.195725498007969,3.1492015209125475,122.89302988047808,5.1433333333333335,198.34615384615384,2.4,21133.908333333333,15.550656370656371,-0.1644,NA,NA,NA,NA,NA,NA,NA,NA,NA,NA,NA,NA,NA,NA,60.92,0.357,NA,NA,NA,NA,NA,26.52316767112238,NA,NA,0,0,0,0,0,1,CHL_2024
CHL,2025,Latin America & Caribbean,Chile,CL,,2026-04-08,NA,NA,NA,NA,NA,NA,NA,NA,NA,Santiago,-70.6475,-33.475,High income,IBRD,NA,NA,NA,NA,NA,7.1875432,3.0473946360153255,122.7202868,4.2125,115.9245283018868,2.025,21967.716666666667,18.926666666666666,0.4818875502008032,NA,NA,NA,NA,NA,NA,NA,NA,NA,NA,NA,NA,NA,NA,115,0.888,NA,NA,NA,NA,NA,NA,NA,NA,0,0,0,0,0,1,CHL_2025
PHL,2015,East Asia & Pacific,Philippines,PH,,2026-04-08,2909.85818010301,59.1415921053094,NA,NA,1.84018010717942,NA,306445871242.322,45.5028399421431,0.674192536845408,Manila,121.035,14.5515,Lower middle income,IBRD,7.976203223940836,NA,65.7,NA,20.5,6.282743426294821,5.365538461538462,108.16961726907631,0.1325,207.1153846153846,2.1,12074.325,16.674126984126985,1.4515139442231075,112056632,2155118100,0.05199558762000096,-0.05714153125882149,NA,NA,NA,NA,22190.93862037471,4,NA,NA,NA,NA,4.68,NA,NA,NA,NA,NA,NA,26.448306973931533,10.0074843767061,NA,0,0,0,0,0,0,PHL_2015
PHL,2016,East Asia & Pacific,Philippines,PH,,2026-04-08,3076.3374186759,61.7760657653871,NA,NA,2.59850803494211,NA,318627003016.731,47.4924638585099,1.25369880080982,Manila,121.035,14.5515,Lower middle income,IBRD,8.031820027638217,NA,65.3,1.1,19.9,6.640016334661355,5.972480916030534,113.06646008064516,0.395,891.7692307692307,2.175,12892.066666666666,15.82563492063492,1.00324,137963812,3453318228,0.039951085562103604,-0.05714153125882149,NA,NA,NA,NA,12916264517.445814,17,NA,NA,NA,NA,6.91,0.477,NA,NA,NA,NA,NA,26.4872869860654,23.281753169537176,NA,0,0,0,0,0,0,PHL_2016
PHL,2017,East Asia & Pacific,Philippines,PH,,2026-04-08,3247.4503878362,68.1683697426727,NA,34.4984075658533,3.12238778404896,NA,328480736802.76,50.4037197937177,2.85318772590947,Manila,121.035,14.5515,Lower middle income,IBRD,8.085933357874026,NA,63.8,1.2,20.1,6.756870281124498,3.7646153846153845,112.81009919678715,1.0016666666666667,771.5192307692307,3.025,13621.366666666667,11.0902390438247,0.93028,1030664498,7429402686,0.13872777416442764,-0.05714153125882149,NA,NA,NA,NA,2162893097.4770575,25,NA,NA,NA,NA,9.71,0.405,NA,NA,NA,NA,NA,26.517744033284902,21.49471255989296,NA,0,0,0,0,0,0,PHL_2017
PHL,2018,East Asia & Pacific,Philippines,PH,,2026-04-08,3410.93647976109,72.1633982990273,NA,NA,2.86833826070497,NA,346841896587.313,52.6614299539683,5.30934661627707,Manila,121.035,14.5515,Lower middle income,IBRD,8.135035291721127,NA,61.9,1.9,20.7,6.6090429718875505,3.626015325670498,112.00375403225806,1.8316666666666666,750.7115384615385,2.125,14141.441666666666,16.6398406374502,0.38417670682730926,1134623851.76,8280285125.13,0.13702714756965406,-0.05714153125882149,NA,NA,NA,NA,636855063.1456163,43,NA,NA,NA,NA,11.72,0.207,NA,NA,NA,NA,NA,26.57213488363415,20.272052658834042,NA,0,0,0,0,0,0,PHL_2018
PHL,2019,East Asia & Pacific,Philippines,PH,,2026-04-08,3575.88170922922,68.8418422595678,NA,NA,2.30117498598294,NA,376823402239.136,51.7957826517332,2.39206534422404,Manila,121.035,14.5515,Lower middle income,IBRD,8.18224666888531,NA,60.9,2.1,20.6,6.908139357429719,4.075823754789272,115.73329798387097,2.158333333333333,258.5769230769231,3.375,14863.433333333332,15.387857142857143,0.1726,1685783261,13176965292,0.12793410498117294,-0.05714153125882149,NA,NA,NA,NA,1373279517.6655812,27,NA,NA,NA,NA,10.92,-0.068,NA,NA,NA,NA,NA,26.655042485575994,21.040467525434284,NA,0,0,0,0,0,0,PHL_2019
PHL,2020,East Asia & Pacific,Philippines,PH,,2026-04-08,3198.66690008413,58.1695603022281,NA,NA,1.88586363211171,NA,361751145451.597,49.6240960026328,2.3931623931624,Manila,121.035,14.5515,Lower middle income,IBRD,8.07080198964598,NA,59,2.3,21.2,6.9041904,5.5483969465648855,117.7739632,0.37583333333333335,132821.28301886792,1.5749999999999995,17696.283333333333,29.251304347826085,0.5005577689243028,1610041921,12970658225,0.12412954632454669,-0.05714153125882149,NA,NA,NA,NA,14608363.312346574,33,NA,NA,NA,NA,16.68,0.527,NA,NA,NA,NA,NA,26.61422236887344,16.497104820741026,NA,0,0,0,1,0,0,PHL_2020
PHL,2021,East Asia & Pacific,Philippines,PH,,2026-04-08,3350.97587587776,63.4846098136712,NA,51.3717638928697,3.04078855310045,NA,394087359848.11,49.2545977288412,3.92718022100332,Manila,121.035,14.5515,Lower middle income,IBRD,8.117305264642233,NA,59.2,2.7,20.6,6.450814457831325,3.321717557251908,113.10509156626506,0.08,2171.269230769231,5.75,20538.24166666667,19.656150793650795,1.181394422310757,1634535893,14918925902,0.10956123140077247,-0.05714153125882149,NA,NA,NA,NA,597311028.5082451,45,NA,NA,NA,NA,26.97,0.617,NA,NA,NA,NA,NA,26.699838447172233,20.20794852314103,NA,0,0,0,0,0,0,PHL_2021
PHL,2022,East Asia & Pacific,Philippines,PH,,2026-04-08,3577.70136573244,72.4296836107599,NA,NA,2.3475097233369,NA,404353369604.631,54.477785837205,5.82115811213955,Manila,121.035,14.5515,Lower middle income,IBRD,8.182755266584026,NA,58.4,2.8,19.8,6.7290124,4.403984674329502,120.6980116,1.6833333333333333,682.9807692307693,1.325,21607.55,25.6371484375,-0.035622489959839354,1722202657,16752208791,0.10280451243690567,NA,NA,NA,NA,NA,NA,NA,NA,NA,NA,NA,26.97,0,NA,NA,NA,NA,NA,26.725555009841997,NA,NA,0,0,0,0,1,0,PHL_2022
PHL,2023,East Asia & Pacific,Philippines,PH,,2026-04-08,3744.69763802928,67.4199693173966,NA,NA,2.0421035482067,NA,437055627244.424,55.630363223193,5.97802515541409,Manila,121.035,14.5515,Lower middle income,IBRD,8.228363163790448,NA,58.9,2.3,19.7,7.080916064257028,4.205076923076923,120.26631887550201,5.024166666666667,343.90384615384613,3.375,20869.600000000002,16.849027237354086,-0.62396,1816726610,13836043588,0.13130390913018278,NA,NA,NA,NA,NA,NA,NA,NA,NA,NA,NA,44.87,0.664,NA,NA,NA,NA,NA,26.803326317408665,NA,NA,0,0,0,0,0,1,PHL_2023
PHL,2024,East Asia & Pacific,Philippines,PH,,2026-04-08,3925.3048697218,65.8854725286968,NA,50.1824221429254,2.03595540906242,NA,461617509782.355,57.2906550699734,3.21260487006347,Manila,121.035,14.5515,Lower middle income,IBRD,8.275454025851493,NA,58,2.2,20,7.195725498007969,3.1492015209125475,122.89302988047808,5.1433333333333335,198.34615384615384,2.4,21133.908333333333,15.550656370656371,-0.1644,NA,NA,NA,NA,NA,NA,NA,NA,NA,NA,NA,NA,NA,NA,60.92,0.357,NA,NA,NA,NA,NA,26.8580024842271,NA,NA,0,0,0,0,0,1,PHL_2024
PHL,2025,East Asia & Pacific,Philippines,PH,,2026-04-08,NA,NA,NA,NA,NA,NA,NA,NA,NA,Manila,121.035,14.5515,Lower middle income,IBRD,NA,NA,NA,NA,NA,7.1875432,3.0473946360153255,122.7202868,4.2125,115.9245283018868,2.025,21967.716666666667,18.926666666666666,0.4818875502008032,NA,NA,NA,NA,NA,NA,NA,NA,NA,NA,NA,NA,NA,NA,115,0.888,NA,NA,NA,NA,NA,NA,NA,NA,0,0,0,0,0,1,PHL_2025
EGY,2015,Middle East & North Africa,"Egypt, Arab Rep.",EG,,2026-04-08,3306.98159414141,34.8459429600229,NA,NA,2.10258128401326,NA,329366576819.407,7.69125833333333,10.370490343517,Cairo,31.2461,30.0982,Lower middle income,IBRD,8.10409349208379,NA,65.7,NA,20.5,6.282743426294821,5.365538461538462,108.16961726907631,0.1325,207.1153846153846,2.1,12074.325,16.674126984126985,1.4515139442231075,24615799.957,163073479.613,0.15094913051108808,-1.2538762092590332,NA,NA,NA,NA,173697953.6790598,3,NA,NA,NA,NA,4.68,NA,NA,NA,NA,NA,NA,26.520437182694263,18.9728284561222,NA,0,0,0,0,0,0,EGY_2015
EGY,2016,Middle East & North Africa,"Egypt, Arab Rep.",EG,,2026-04-08,3381.22246306207,30.2465490514505,NA,NA,2.43856278142762,NA,332441717791.411,10.0254007885464,13.8136062148289,Cairo,31.2461,30.0982,Lower middle income,IBRD,8.126288305846977,NA,65.3,1.1,19.9,6.640016334661355,5.972480916030534,113.06646008064516,0.395,891.7692307692307,2.175,12892.066666666666,15.82563492063492,1.00324,11396272.581,112089292.206,0.10167137606735617,-1.2538762092590332,NA,NA,NA,NA,3359650392.1179776,10,NA,NA,NA,NA,6.91,0.477,NA,NA,NA,NA,NA,26.529730396843284,21.935102755840713,NA,0,0,0,0,0,0,EGY_2016
EGY,2017,Middle East & North Africa,"Egypt, Arab Rep.",EG,,2026-04-08,3452.90961245539,42.8321343581608,NA,32.7843607129398,2.98301550917695,NA,248362771739.13,17.7825335150635,29.5066083940038,Cairo,31.2461,30.0982,Lower middle income,IBRD,8.147262089416726,NA,63.8,1.2,20.1,6.756870281124498,3.7646153846153845,112.81009919678715,1.0016666666666667,771.5192307692307,3.025,13621.366666666667,11.0902390438247,0.93028,7744646.213,80324972.654,0.09641641891818727,-0.17476625740528107,NA,NA,NA,NA,4829059596.434968,15,NA,NA,NA,NA,9.71,0.405,NA,NA,NA,NA,NA,26.23815630355207,22.2979175853303,NA,0,0,0,0,0,0,EGY_2017
EGY,2018,Middle East & North Africa,"Egypt, Arab Rep.",EG,,2026-04-08,3568.63966286161,45.9110196733959,NA,NA,3.10040077579187,NA,262588632526.73,17.7672904218106,14.4014657807421,Cairo,31.2461,30.0982,Lower middle income,IBRD,8.18021993490677,NA,61.9,1.9,20.7,6.6090429718875505,3.626015325670498,112.00375403225806,1.8316666666666666,750.7115384615385,2.125,14141.441666666666,16.6398406374502,0.38417670682730926,14336679.565,135750442.805,0.10561055469700424,-0.17476625740528107,NA,NA,NA,NA,5970109206.257124,11,NA,NA,NA,NA,11.72,0.207,NA,NA,NA,NA,NA,26.29385450971261,22.510031056856498,NA,0,0,0,0,0,0,EGY_2018
EGY,2019,Middle East & North Africa,"Egypt, Arab Rep.",EG,,2026-04-08,3701.2446345188,41.1240171551108,NA,NA,2.82732944960686,NA,318678815489.749,16.7705818428763,9.15279959324803,Cairo,31.2461,30.0982,Lower middle income,IBRD,8.216694572667809,NA,60.9,2.1,20.6,6.908139357429719,4.075823754789272,115.73329798387097,2.158333333333333,258.5769230769231,3.375,14863.433333333332,15.387857142857143,0.1726,10674170.015,113895814.053,0.09371872095345758,-0.17476625740528107,NA,NA,NA,NA,13603300033.902555,10,NA,NA,NA,NA,10.92,-0.068,NA,NA,NA,NA,NA,26.487449584527948,23.333578249878947,NA,0,0,0,0,0,0,EGY_2019
EGY,2020,Middle East & North Africa,"Egypt, Arab Rep.",EG,,2026-04-08,3770.86947867421,32.1262555667523,NA,NA,1.52462948997172,NA,383817841547.099,15.7591729166666,5.04493288977538,Cairo,31.2461,30.0982,Lower middle income,IBRD,8.2353260404702,NA,59,2.3,21.2,6.9041904,5.5483969465648855,117.7739632,0.37583333333333335,132821.28301886792,1.5749999999999995,17696.283333333333,29.251304347826085,0.5005577689243028,23153683.745,178879903.013,0.12943703208133625,-0.17476625740528107,NA,NA,NA,NA,2919435355.2883687,12,NA,NA,NA,NA,16.68,0.527,NA,NA,NA,NA,NA,26.673433906016143,21.794656063393873,NA,0,0,0,1,0,0,EGY_2020
EGY,2021,Middle East & North Africa,"Egypt, Arab Rep.",EG,,2026-04-08,3837.31992324447,29.8569734808122,NA,27.4440057212001,1.20617861055665,NA,424671765455.704,15.6445272777113,5.21404940513042,Cairo,31.2461,30.0982,Lower middle income,IBRD,8.252790029853557,NA,59.2,2.7,20.6,6.450814457831325,3.321717557251908,113.10509156626506,0.08,2171.269230769231,5.75,20538.24166666667,19.656150793650795,1.181394422310757,18530093.369000003,266437293.192,0.0695476716003373,-0.17476625740528107,NA,NA,NA,NA,3765952219.8731003,9,NA,NA,NA,NA,26.97,0.617,NA,NA,NA,NA,NA,26.77458239090828,22.049266580131455,NA,0,0,0,0,0,0,EGY_2021
EGY,2022,Middle East & North Africa,"Egypt, Arab Rep.",EG,,2026-04-08,4029.78295457978,36.9831048772713,NA,NA,2.39118080969079,NA,476747720364.742,19.1604397412204,13.8956609775177,Cairo,31.2461,30.0982,Lower middle income,IBRD,8.30171591760396,NA,58.4,2.8,19.8,6.7290124,4.403984674329502,120.6980116,1.6833333333333333,682.9807692307693,1.325,21607.55,25.6371484375,-0.035622489959839354,16003605.976,290697471.395,0.05505244300613226,NA,NA,NA,NA,NA,NA,NA,NA,NA,NA,NA,26.97,0,NA,NA,NA,NA,NA,26.890253299801962,NA,NA,0,0,0,0,1,0,EGY_2022
EGY,2023,Middle East & North Africa,"Egypt, Arab Rep.",EG,,2026-04-08,4111.3118478995,40.4504007720031,NA,NA,2.48546398363597,NA,395926075163.006,30.626413698031,33.8847763115546,Cairo,31.2461,30.0982,Lower middle income,IBRD,8.321740642756367,NA,58.9,2.3,19.7,7.080916064257028,4.205076923076923,120.26631887550201,5.024166666666667,343.90384615384613,3.375,20869.600000000002,16.849027237354086,-0.62396,26481850.481,317606514.045,0.08337943118272417,NA,NA,NA,NA,NA,NA,NA,NA,NA,NA,NA,44.87,0.664,NA,NA,NA,NA,NA,26.704493351895447,NA,NA,0,0,0,0,0,1,EGY_2023
EGY,2024,Middle East & North Africa,"Egypt, Arab Rep.",EG,,2026-04-08,4137.60929232898,39.6007520873733,NA,43.1134368034247,11.9719350883142,NA,389059911003.566,45.29926,28.2705899322082,Cairo,31.2461,30.0982,Lower middle income,IBRD,8.32811509065839,NA,58,2.2,20,7.195725498007969,3.1492015209125475,122.89302988047808,5.1433333333333335,198.34615384615384,2.4,21133.908333333333,15.550656370656371,-0.1644,NA,NA,NA,NA,NA,NA,NA,NA,NA,NA,NA,NA,NA,NA,60.92,0.357,NA,NA,NA,NA,NA,26.686999181571302,NA,NA,0,0,0,0,0,1,EGY_2024
EGY,2025,Middle East & North Africa,"Egypt, Arab Rep.",EG,,2026-04-08,NA,NA,NA,NA,NA,NA,NA,NA,NA,Cairo,31.2461,30.0982,Lower middle income,IBRD,NA,NA,NA,NA,NA,7.1875432,3.0473946360153255,122.7202868,4.2125,115.9245283018868,2.025,21967.716666666667,18.926666666666666,0.4818875502008032,NA,NA,NA,NA,NA,NA,NA,NA,NA,NA,NA,NA,NA,NA,115,0.888,NA,NA,NA,NA,NA,NA,NA,NA,0,0,0,0,0,1,EGY_2025
PAK,2015,South Asia,Pakistan,PK,,2026-04-08,1380.47020838317,26.6881860172247,NA,NA,0.557734356032139,NA,299963590534.773,102.769271604675,2.52932817254229,Islamabad,72.8,30.5167,Lower middle income,Blend,7.230903579442691,NA,65.7,NA,20.5,6.282743426294821,5.365538461538462,108.16961726907631,0.1325,207.1153846153846,2.1,12074.325,16.674126984126985,1.4515139442231075,13711474,61396622,0.22332619537276824,-1.2538762092590332,NA,NA,NA,NA,14714831082.160843,41,1,0,NA,NA,4.68,NA,NA,NA,NA,NA,NA,26.42692693935654,23.41212173933802,NA,0,0,0,0,0,0,PAK_2015
PAK,2016,South Asia,Pakistan,PK,,2026-04-08,1452.18658269177,24.7015780480573,NA,NA,0.821349998064174,NA,313630000130.435,104.769117033301,3.7651191635658,Islamabad,72.8,30.5167,Lower middle income,Blend,7.2815140673645455,NA,65.3,1.1,19.9,6.640016334661355,5.972480916030534,113.06646008064516,0.395,891.7692307692307,2.175,12892.066666666666,15.82563492063492,1.00324,7223902,60262558,0.11987380290096547,-1.2538762092590332,NA,NA,NA,NA,10011180244.598635,25,1,0,NA,NA,6.91,0.477,NA,NA,NA,NA,NA,26.47147978453161,23.026968329976306,NA,0,0,0,0,0,0,PAK_2016
PAK,2017,South Asia,Pakistan,PK,,2026-04-08,1495.26187528032,25.472035002344,NA,21.2932449054097,0.735837049658425,NA,339205534861.1,105.455162087938,4.08537368032608,Islamabad,72.8,30.5167,Lower middle income,Blend,7.310725193535973,NA,63.8,1.2,20.1,6.756870281124498,3.7646153846153845,112.81009919678715,1.0016666666666667,771.5192307692307,3.025,13621.366666666667,11.0902390438247,0.93028,15539248.797,95716145.824,0.16234720551298742,-1.2538762092590332,NA,NA,NA,NA,16479682981.854292,47,1,0,NA,NA,9.71,0.405,NA,NA,NA,NA,NA,26.54987205813109,23.525394124765427,NA,0,0,0,0,0,0,PAK_2017
PAK,2018,South Asia,Pakistan,PK,,2026-04-08,1561.68169819559,27.6260570796337,NA,NA,0.487745750658143,NA,356128166704.921,121.824068875756,5.07805725868917,Islamabad,72.8,30.5167,Lower middle income,Blend,7.354158661694943,NA,61.9,1.9,20.7,6.6090429718875505,3.626015325670498,112.00375403225806,1.8316666666666666,750.7115384615385,2.125,14141.441666666666,16.6398406374502,0.38417670682730926,9313859.68,78569507.396,0.11854293082247544,-1.2538762092590332,NA,NA,NA,NA,7439281274.166739,34,1,0,NA,NA,11.72,0.207,NA,NA,NA,NA,NA,26.598556521844067,22.73004007832489,NA,0,0,0,0,0,0,PAK_2018
PAK,2019,South Asia,Pakistan,PK,,2026-04-08,1573.8330826937,28.9055769867032,NA,NA,0.696146480411465,NA,320909472770.669,150.036253839864,10.5780305672025,Islamabad,72.8,30.5167,Lower middle income,Blend,7.361904566401441,NA,60.9,2.1,20.6,6.908139357429719,4.075823754789272,115.73329798387097,2.158333333333333,258.5769230769231,3.375,14863.433333333332,15.387857142857143,0.1726,12300396.435999999,108490474.879,0.11337766241431514,-1.2538762092590332,NA,NA,NA,NA,12181037646.170998,34,1,0,NA,NA,10.92,-0.068,NA,NA,NA,NA,NA,26.49442490401472,23.22314628830645,NA,0,0,0,0,0,0,PAK_2019
PAK,2020,South Asia,Pakistan,PK,,2026-04-08,1526.00597486307,26.7162807328814,NA,NA,0.684695289874347,NA,300425609817.981,161.838479684718,9.74011619320125,Islamabad,72.8,30.5167,Lower middle income,Blend,7.331064218022418,NA,59,2.3,21.2,6.9041904,5.5483969465648855,117.7739632,0.37583333333333335,132821.28301886792,1.5749999999999995,17696.283333333333,29.251304347826085,0.5005577689243028,7655495.9180000005,97970931.147,0.07814048339005117,-1.2538762092590332,NA,NA,NA,NA,12329900609.569614,69,1,0,NA,NA,16.68,0.527,NA,NA,NA,NA,NA,26.428466005596025,23.235293093309124,NA,0,0,0,1,0,0,PAK_2020
PAK,2021,South Asia,Pakistan,PK,,2026-04-08,1595.02792175422,27.0304204125548,NA,20.9806311316514,0.616039439073827,NA,348516647445.148,162.906253747418,9.49641577285205,Islamabad,72.8,30.5167,Lower middle income,Blend,7.375273272690192,NA,59.2,2.7,20.6,6.450814457831325,3.321717557251908,113.10509156626506,0.08,2171.269230769231,5.75,20538.24166666667,19.656150793650795,1.181394422310757,5663516.915,117744878.381,0.04809990033429682,-1.2538762092590332,NA,NA,NA,NA,12781127809.92885,35,1,0,NA,NA,26.97,0.617,NA,NA,NA,NA,NA,26.576951834861614,23.271235530118663,NA,0,0,0,0,0,0,PAK_2021
PAK,2022,South Asia,Pakistan,PK,,2026-04-08,1642.28066974826,33.031353478032,NA,NA,0.389980753542853,NA,374890295666.694,204.867187469982,19.8738599646655,Islamabad,72.8,30.5167,Lower middle income,Blend,7.4044499310487835,NA,58.4,2.8,19.8,6.7290124,4.403984674329502,120.6980116,1.6833333333333333,682.9807692307693,1.325,21607.55,25.6371484375,-0.035622489959839354,7595215.2,92208806.896,0.08236973729164995,NA,NA,NA,NA,NA,NA,NA,1,0,NA,NA,26.97,0,NA,NA,NA,NA,NA,26.64989927523107,NA,NA,0,0,0,0,1,0,PAK_2022
PAK,2023,South Asia,Pakistan,PK,,2026-04-08,1610.33122837537,28.4676925469837,NA,NA,0.608281270820624,NA,336686348609.266,280.356111655149,30.7681280657005,Islamabad,72.8,30.5167,Lower middle income,Blend,7.384815966249018,NA,58.9,2.3,19.7,7.080916064257028,4.205076923076923,120.26631887550201,5.024166666666667,343.90384615384613,3.375,20869.600000000002,16.849027237354086,-0.62396,6132387.47,100918977.718,0.060765453720070944,NA,NA,NA,NA,NA,NA,NA,1,0,NA,NA,44.87,0.664,NA,NA,NA,NA,NA,26.54241761762343,NA,NA,0,0,0,0,0,1,PAK_2023
PAK,2024,South Asia,Pakistan,PK,,2026-04-08,1634.56735260799,27.5784683520695,NA,27.2960071761925,0.7166886452434,NA,371570000121.266,278.580716167563,12.6325318530452,Islamabad,72.8,30.5167,Lower middle income,Blend,7.399745027792369,NA,58,2.2,20,7.195725498007969,3.1492015209125475,122.89302988047808,5.1433333333333335,198.34615384615384,2.4,21133.908333333333,15.550656370656371,-0.1644,NA,NA,NA,NA,NA,NA,NA,NA,NA,NA,NA,NA,NA,NA,60.92,0.357,NA,NA,NA,NA,NA,26.641003108986286,NA,NA,0,0,0,0,0,1,PAK_2024
PAK,2025,South Asia,Pakistan,PK,,2026-04-08,NA,NA,NA,NA,NA,NA,NA,NA,NA,Islamabad,72.8,30.5167,Lower middle income,Blend,NA,NA,NA,NA,NA,7.1875432,3.0473946360153255,122.7202868,4.2125,115.9245283018868,2.025,21967.716666666667,18.926666666666666,0.4818875502008032,NA,NA,NA,NA,NA,NA,NA,NA,NA,NA,NA,NA,NA,NA,115,0.888,NA,NA,NA,NA,NA,NA,NA,NA,0,0,0,0,0,1,PAK_2025
VNM,2015,East Asia & Pacific,Viet Nam,VN,,2026-04-08,2577.56885340113,144.914228195237,NA,NA,4.93190773329022,NA,239258328381.741,21697.5675,0.631200905175754,Hanoi,105.825,21.0069,Lower middle income,IBRD,7.854989816024212,NA,65.7,NA,20.5,6.282743426294821,5.365538461538462,108.16961726907631,0.1325,207.1153846153846,2.1,12074.325,16.674126984126985,1.4515139442231075,1327214988,13910749877,0.09540930573371993,-0.17476625740528107,NA,NA,NA,NA,1859619875.3519788,6,NA,NA,NA,NA,4.68,NA,NA,NA,NA,NA,NA,26.200809677050792,21.343637936232927,NA,0,0,0,0,0,0,VNM_2015
VNM,2016,East Asia & Pacific,Viet Nam,VN,,2026-04-08,2715.57887431272,145.409507973118,NA,NA,4.90089302916746,NA,257096001177.982,21935.0008333333,2.66824816969082,Hanoi,105.825,21.0069,Lower middle income,IBRD,7.9071286008407125,NA,65.3,1.1,19.9,6.640016334661355,5.972480916030534,113.06646008064516,0.395,891.7692307692307,2.175,12892.066666666666,15.82563492063492,1.00324,2140128991.9599998,16956964680.199999,0.12620943855942254,-0.17476625740528107,NA,NA,NA,NA,5234824352.10179,13,NA,NA,NA,NA,6.91,0.477,NA,NA,NA,NA,NA,26.272715397534412,22.37859912828993,NA,0,0,0,0,0,0,VNM_2016
VNM,2017,East Asia & Pacific,Viet Nam,VN,,2026-04-08,2868.13680013379,160.98008365887,NA,30.7957930492479,5.01148721749681,NA,281353605986.903,22370.0866666667,3.52025688811617,Hanoi,105.825,21.0069,Lower middle income,IBRD,7.961766497010445,NA,63.8,1.2,20.1,6.756870281124498,3.7646153846153845,112.81009919678715,1.0016666666666667,771.5192307692307,3.025,13621.366666666667,11.0902390438247,0.93028,2690047074.3,21843565164,0.12315055047577216,-0.17476625740528107,NA,NA,NA,NA,1895070186.8426037,14,NA,NA,NA,NA,9.71,0.405,NA,NA,NA,NA,NA,26.362878099476827,21.362521713234262,NA,0,0,0,0,0,0,VNM_2017
VNM,2018,East Asia & Pacific,Viet Nam,VN,,2026-04-08,3048.28327602145,164.663936775893,NA,NA,4.99828319622328,NA,310106478394.659,22602.05,3.53962805942641,Hanoi,105.825,21.0069,Lower middle income,IBRD,8.02266185051826,NA,61.9,1.9,20.7,6.6090429718875505,3.626015325670498,112.00375403225806,1.8316666666666666,750.7115384615385,2.125,14141.441666666666,16.6398406374502,0.38417670682730926,2945854734.15,24714554294.58,0.11919513898723383,-0.17476625740528107,NA,NA,NA,NA,2136650430.7161422,9,NA,NA,NA,NA,11.72,0.207,NA,NA,NA,NA,NA,26.460181554145976,21.482505220921237,NA,0,0,0,0,0,0,VNM_2018
VNM,2019,East Asia & Pacific,Viet Nam,VN,,2026-04-08,3241.07648966529,164.704215031408,NA,NA,4.821074861051,NA,334365270496.667,23050.2416666667,2.7958236745225,Hanoi,105.825,21.0069,Lower middle income,IBRD,8.083969295374887,NA,60.9,2.1,20.6,6.908139357429719,4.075823754789272,115.73329798387097,2.158333333333333,258.5769230769231,3.375,14863.433333333332,15.387857142857143,0.1726,4728803204.26,31421933515.57,0.1504937053576545,-0.17476625740528107,NA,NA,NA,NA,2243233479.3491077,14,NA,NA,NA,NA,10.92,-0.068,NA,NA,NA,NA,NA,26.535499856596267,21.531184179955783,NA,0,0,0,0,0,0,VNM_2019
VNM,2020,East Asia & Pacific,Viet Nam,VN,,2026-04-08,3303.16949807493,163.245862814935,NA,NA,4.55836196782424,NA,346615738537.796,23208.3683333333,3.22093436652514,Hanoi,105.825,21.0069,Lower middle income,IBRD,8.10294043419516,NA,59,2.3,21.2,6.9041904,5.5483969465648855,117.7739632,0.37583333333333335,132821.28301886792,1.5749999999999995,17696.283333333333,29.251304347826085,0.5005577689243028,4558556875.666,40149006058.270004,0.1135409646019622,-0.17476625740528107,NA,NA,NA,NA,488149059.6809025,17,NA,NA,NA,NA,16.68,0.527,NA,NA,NA,NA,NA,26.57148262156051,20.006131369391355,NA,0,0,0,1,0,0,VNM_2020
VNM,2021,East Asia & Pacific,Viet Nam,VN,,2026-04-08,3358.21734764714,186.675832836814,NA,NA,4.27314566190187,NA,366474752771.009,23159.7825925926,1.83471554810444,Hanoi,105.825,21.0069,Lower middle income,IBRD,8.119463293576445,NA,59.2,2.7,20.6,6.450814457831325,3.321717557251908,113.10509156626506,0.08,2171.269230769231,5.75,20538.24166666667,19.656150793650795,1.181394422310757,4624730573.464001,48039594591.344,0.09626914241897674,-0.17476625740528107,NA,NA,NA,NA,224722548.6763222,15,NA,NA,NA,NA,26.97,0.617,NA,NA,NA,NA,NA,26.627195468511484,19.230377086710146,NA,0,0,0,0,0,0,VNM_2021
VNM,2022,East Asia & Pacific,Viet Nam,VN,,2026-04-08,3617.66311465012,183.153619147836,NA,56.2657536272923,4.32947308910883,NA,413445230668.578,23271.2125,3.15650749963129,Hanoi,105.825,21.0069,Lower middle income,IBRD,8.193859931264534,NA,58.4,2.8,19.8,6.7290124,4.403984674329502,120.6980116,1.6833333333333333,682.9807692307693,1.325,21607.55,25.6371484375,-0.035622489959839354,3264971265.163,54907326228.233,0.05946330825856482,NA,NA,NA,NA,NA,NA,NA,NA,NA,NA,NA,26.97,0,NA,NA,NA,NA,NA,26.747790889601394,NA,NA,0,0,0,0,1,0,VNM_2022
VNM,2023,East Asia & Pacific,Viet Nam,VN,,2026-04-08,3775.46375555802,164.818071269894,NA,NA,4.26407109843686,NA,433857681378.291,23787.3191666667,3.25289282667662,Hanoi,105.825,21.0069,Lower middle income,IBRD,8.236543336344287,NA,58.9,2.3,19.7,7.080916064257028,4.205076923076923,120.26631887550201,5.024166666666667,343.90384615384613,3.375,20869.600000000002,16.849027237354086,-0.62396,3736330161.845,49108837118.304,0.0760826437987957,NA,NA,NA,NA,NA,NA,NA,NA,NA,NA,NA,44.87,0.664,NA,NA,NA,NA,NA,26.79598239417909,NA,NA,0,0,0,0,0,1,VNM_2023
VNM,2024,East Asia & Pacific,Viet Nam,VN,,2026-04-08,4017.74604111554,173.862024782965,NA,70.5507533567583,4.23394171325231,NA,476388230307.175,24164.8858333333,3.62109273885843,Hanoi,105.825,21.0069,Lower middle income,IBRD,8.298725202882002,NA,58,2.2,20,7.195725498007969,3.1492015209125475,122.89302988047808,5.1433333333333335,198.34615384615384,2.4,21133.908333333333,15.550656370656371,-0.1644,NA,NA,NA,NA,NA,NA,NA,NA,NA,NA,NA,NA,NA,NA,60.92,0.357,NA,NA,NA,NA,NA,26.889498968639952,NA,NA,0,0,0,0,0,1,VNM_2024
VNM,2025,East Asia & Pacific,Viet Nam,VN,,2026-04-08,NA,NA,NA,NA,NA,NA,NA,NA,NA,Hanoi,105.825,21.0069,Lower middle income,IBRD,NA,NA,NA,NA,NA,7.1875432,3.0473946360153255,122.7202868,4.2125,115.9245283018868,2.025,21967.716666666667,18.926666666666666,0.4818875502008032,NA,NA,NA,NA,NA,NA,NA,NA,NA,NA,NA,NA,NA,NA,115,0.888,NA,NA,NA,NA,NA,NA,NA,NA,0,0,0,0,0,1,VNM_2025
BGD,2015,South Asia,Bangladesh,BD,,2026-04-08,1224.38647668165,42.0859963070382,NA,NA,1.4507824552936,NA,195146608978.131,77.9469083333333,6.19428022984983,Dhaka,90.4113,23.7055,Lower middle income,IDA,7.1110115643906475,NA,65.7,NA,20.5,6.282743426294821,5.365538461538462,108.16961726907631,0.1325,207.1153846153846,2.1,12074.325,16.674126984126985,1.4515139442231075,1246953,74714789,0.016689507080050778,-1.2538762092590332,NA,NA,NA,NA,588160461.5336529,10,1,0,NA,NA,4.68,NA,NA,NA,NA,NA,NA,25.99701695393798,20.192510364099103,NA,0,0,0,0,0,0,BGD_2015
BGD,2016,South Asia,Bangladesh,BD,,2026-04-08,1299.83091360792,31.3341501346142,NA,NA,0.879528340271998,NA,265224515675.034,78.4680916666666,5.51352572692995,Dhaka,90.4113,23.7055,Lower middle income,IDA,7.1707585035849,NA,65.3,1.1,19.9,6.640016334661355,5.972480916030534,113.06646008064516,0.395,891.7692307692307,2.175,12892.066666666666,15.82563492063492,1.00324,1306627.172,86697332.82,0.01507113459548755,-1.2538762092590332,NA,NA,NA,NA,3648497325.5875597,21,1,0,NA,NA,6.91,0.477,NA,NA,NA,NA,NA,26.30384253320292,22.01758122842679,NA,0,0,0,0,0,0,BGD_2016
BGD,2017,South Asia,Bangladesh,BD,,2026-04-08,1373.75363740186,29.9997306724343,NA,50.0469129996798,0.616341784631384,NA,293732446624.596,80.4375416666666,5.70207015717238,Dhaka,90.4113,23.7055,Lower middle income,IDA,7.226029821248661,NA,63.8,1.2,20.1,6.756870281124498,3.7646153846153845,112.81009919678715,1.0016666666666667,771.5192307692307,3.025,13621.366666666667,11.0902390438247,0.93028,1359300.748,128804125.882,0.010553239181524994,-1.2538762092590332,NA,NA,NA,NA,1839719476.398239,16,1,0,NA,NA,9.71,0.405,NA,NA,NA,NA,NA,26.405935144451124,21.332878939008673,NA,0,0,0,0,0,0,BGD_2017
BGD,2018,South Asia,Bangladesh,BD,,2026-04-08,1462.25050255713,32.5146317240884,NA,NA,0.75354913412869,NA,321362752441.78,83.4662019166666,5.54362139486476,Dhaka,90.4113,23.7055,Lower middle income,IDA,7.2884156116239485,NA,61.9,1.9,20.7,6.6090429718875505,3.626015325670498,112.00375403225806,1.8316666666666666,750.7115384615385,2.125,14141.441666666666,16.6398406374502,0.38417670682730926,21523739.447,171815900.889,0.12527210424432839,-1.2538762092590332,NA,NA,NA,NA,6710663221.262755,10,1,0,NA,NA,11.72,0.207,NA,NA,NA,NA,NA,26.49583639194327,22.6269636239193,NA,0,0,0,0,0,0,BGD_2018
BGD,2019,South Asia,Bangladesh,BD,,2026-04-08,1564.20802445636,31.5780544912404,NA,NA,0.543244141585063,NA,351231654603.692,84.4535225,5.59199639930629,Dhaka,90.4113,23.7055,Lower middle income,IDA,7.3557740171160875,NA,60.9,2.1,20.6,6.908139357429719,4.075823754789272,115.73329798387097,2.158333333333333,258.5769230769231,3.375,14863.433333333332,15.387857142857143,0.1726,NA,NA,NA,-1.2538762092590332,NA,NA,NA,NA,4282096755.1573186,11,1,0,NA,NA,10.92,-0.068,NA,NA,NA,NA,NA,26.58471182734695,22.17770862287854,NA,0,0,0,0,0,0,BGD_2019
BGD,2020,South Asia,Bangladesh,BD,,2026-04-08,1604.6659234742,26.271447376215,NA,NA,0.407859894856915,NA,373979442362.193,84.8713916666666,5.69107474746211,Dhaka,90.4113,23.7055,Lower middle income,IDA,7.381293855105994,NA,59,2.3,21.2,6.9041904,5.5483969465648855,117.7739632,0.37583333333333335,132821.28301886792,1.5749999999999995,17696.283333333333,29.251304347826085,0.5005577689243028,NA,NA,NA,-1.2538762092590332,NA,NA,NA,NA,2743887279.515847,18,1,0,NA,NA,16.68,0.527,NA,NA,NA,NA,NA,26.647466665906872,21.732641467437094,NA,0,0,0,1,0,0,BGD_2020
BGD,2021,South Asia,Bangladesh,BD,,2026-04-08,1702.08028414189,27.7240047036631,NA,52.8060649194004,0.414118154040593,NA,416271647911.014,85.08376325,5.54565430773473,Dhaka,90.4113,23.7055,Lower middle income,IDA,7.440193822324192,NA,59.2,2.7,20.6,6.450814457831325,3.321717557251908,113.10509156626506,0.08,2171.269230769231,5.75,20538.24166666667,19.656150793650795,1.181394422310757,NA,NA,NA,-1.2538762092590332,NA,NA,NA,NA,1580353701.5503876,11,1,0,NA,NA,26.97,0.617,NA,NA,NA,NA,NA,26.754603883884577,21.180914521305507,NA,0,0,0,0,0,0,BGD_2021
BGD,2022,South Asia,Bangladesh,BD,,2026-04-08,1804.3493461776,33.7799672705735,NA,NA,0.347960024540439,NA,460131689083.083,91.7454544396961,7.69695437176898,Dhaka,90.4113,23.7055,Lower middle income,IDA,7.498509395628536,NA,58.4,2.8,19.8,6.7290124,4.403984674329502,120.6980116,1.6833333333333333,682.9807692307693,1.325,21607.55,25.6371484375,-0.035622489959839354,NA,NA,NA,NA,NA,NA,NA,NA,NA,NA,1,0,NA,NA,26.97,0,NA,NA,NA,NA,NA,26.854778566076646,NA,NA,0,0,0,0,1,0,BGD_2022
BGD,2023,South Asia,Bangladesh,BD,,2026-04-08,1885.37733613545,30.9829714104596,NA,NA,0.335721505298968,NA,437415333018.291,106.309484297483,9.8835030377921,Dhaka,90.4113,23.7055,Lower middle income,IDA,7.542413515363738,NA,58.9,2.3,19.7,7.080916064257028,4.205076923076923,120.26631887550201,5.024166666666667,343.90384615384613,3.375,20869.600000000002,16.849027237354086,-0.62396,NA,NA,NA,NA,NA,NA,NA,NA,NA,NA,1,0,NA,NA,44.87,0.664,NA,NA,NA,NA,NA,26.804148999488458,NA,NA,0,0,0,0,0,1,BGD_2023
BGD,2024,South Asia,Bangladesh,BD,,2026-04-08,1941.27874360025,26.7780758040478,NA,43.2839733431322,0.283870773350074,NA,450119432068.852,115.603653796648,10.4657482763412,Dhaka,90.4113,23.7055,Lower middle income,IDA,7.57161717284588,NA,58,2.2,20,7.195725498007969,3.1492015209125475,122.89302988047808,5.1433333333333335,198.34615384615384,2.4,21133.908333333333,15.550656370656371,-0.1644,NA,NA,NA,NA,NA,NA,NA,NA,NA,NA,NA,NA,NA,NA,60.92,0.357,NA,NA,NA,NA,NA,26.832778789096878,NA,NA,0,0,0,0,0,1,BGD_2024
BGD,2025,South Asia,Bangladesh,BD,,2026-04-08,NA,NA,NA,NA,NA,NA,NA,NA,NA,Dhaka,90.4113,23.7055,Lower middle income,IDA,NA,NA,NA,NA,NA,7.1875432,3.0473946360153255,122.7202868,4.2125,115.9245283018868,2.025,21967.716666666667,18.926666666666666,0.4818875502008032,NA,NA,NA,NA,NA,NA,NA,NA,NA,NA,NA,NA,NA,NA,115,0.888,NA,NA,NA,NA,NA,NA,NA,NA,0,0,0,0,0,1,BGD_2025
NGA,2015,Sub-Saharan Africa,Nigeria,NG,,2026-04-08,2585.73360671797,NA,NA,NA,0.621501637000126,NA,493026682800.63,192.440333333333,9.00943498007706,Abuja,7.48906,9.05804,Lower middle income,Blend,7.858151203060115,NA,65.7,NA,20.5,6.282743426294821,5.365538461538462,108.16961726907631,0.1325,207.1153846153846,2.1,12074.325,16.674126984126985,1.4515139442231075,6172346.69,66674418.47,0.09257443606766864,-0.6805101037025452,NA,NA,NA,NA,146498.7345295982,6,0,0,NA,NA,4.68,NA,NA,NA,NA,NA,NA,26.923829132854365,11.894778895352964,NA,0,0,0,0,0,0,NGA_2015
NGA,2016,Sub-Saharan Africa,Nigeria,NG,,2026-04-08,2481.81490350326,NA,NA,NA,0.853395742751916,NA,404649125252.16,253.492,15.6968126387972,Abuja,7.48906,9.05804,Lower middle income,Blend,7.817148237221361,NA,65.3,1.1,19.9,6.640016334661355,5.972480916030534,113.06646008064516,0.395,891.7692307692307,2.175,12892.066666666666,15.82563492063492,1.00324,2833462,65677705,0.043141915509989276,-0.6805101037025452,NA,NA,NA,NA,7663559686.232078,14,0,0,NA,NA,6.91,0.477,NA,NA,NA,NA,NA,26.726286171148878,22.75974242388104,NA,0,0,0,0,0,0,NGA_2016
NGA,2017,Sub-Saharan Africa,Nigeria,NG,,2026-04-08,2441.71236404488,NA,NA,39.6668586884669,0.642182922336257,NA,375745731053.427,305.790109160005,16.5022662139641,Abuja,7.48906,9.05804,Lower middle income,Blend,7.80086432549867,NA,63.8,1.2,20.1,6.756870281124498,3.7646153846153845,112.81009919678715,1.0016666666666667,771.5192307692307,3.025,13621.366666666667,11.0902390438247,0.93028,4764350.725000001,98304339.73200001,0.04846531432883537,-0.6805101037025452,NA,NA,NA,NA,14524055348.441868,16,1,0,NA,NA,9.71,0.405,NA,NA,NA,NA,NA,26.65217850438236,23.399072101386437,NA,0,0,0,0,0,0,NGA_2017
NGA,2018,Sub-Saharan Africa,Nigeria,NG,,2026-04-08,2431.77857832568,NA,NA,NA,0.183821495682229,NA,421739251509.08,306.083688245234,12.0951065173432,Abuja,7.48906,9.05804,Lower middle income,Blend,7.796789330966643,NA,61.9,1.9,20.7,6.6090429718875505,3.626015325670498,112.00375403225806,1.8316666666666666,750.7115384615385,2.125,14141.441666666666,16.6398406374502,0.38417670682730926,3119151.201,89190641.46,0.03497173189856325,-0.6805101037025452,NA,NA,NA,NA,9092855226.802876,30,1,0,NA,NA,11.72,0.207,NA,NA,NA,NA,NA,26.767653072594452,22.93075480228365,NA,0,0,0,0,0,0,NGA_2018
NGA,2019,Sub-Saharan Africa,Nigeria,NG,,2026-04-08,2431.53528472982,NA,NA,NA,0.344961215904222,NA,668219992691.462,306.920951495222,11.3964223378116,Abuja,7.48906,9.05804,Lower middle income,Blend,7.7966893194965055,NA,60.9,2.1,20.6,6.908139357429719,4.075823754789272,115.73329798387097,2.158333333333333,258.5769230769231,3.375,14863.433333333332,15.387857142857143,0.1726,4367505.24,89405098.49,0.048850740212410905,-0.6805101037025452,NA,NA,NA,NA,2714047020.4390984,21,1,0,NA,NA,10.92,-0.068,NA,NA,NA,NA,NA,27.22788328664365,21.721706723720832,NA,0,0,0,0,0,0,NGA_2019
NGA,2020,Sub-Saharan Africa,Nigeria,NG,,2026-04-08,2228.68631422888,NA,NA,NA,0.398484830422215,NA,598586817819.073,358.810797258297,13.2460234276597,Abuja,7.48906,9.05804,Lower middle income,Blend,7.709616188294661,NA,59,2.3,21.2,6.9041904,5.5483969465648855,117.7739632,0.37583333333333335,132821.28301886792,1.5749999999999995,17696.283333333333,29.251304347826085,0.5005577689243028,5882239.023,171899106.089,0.03421913677639776,-0.6805101037025452,NA,NA,NA,NA,3639066324.5529776,26,1,0,NA,NA,16.68,0.527,NA,NA,NA,NA,NA,27.11783741043872,22.014992981723328,NA,0,0,0,1,0,0,NGA_2020
NGA,2021,Sub-Saharan Africa,Nigeria,NG,,2026-04-08,2206.66406250067,NA,NA,45.3166327186278,0.543909122152652,NA,609147716972.859,401.152029220779,16.9528457221608,Abuja,7.48906,9.05804,Lower middle income,Blend,7.699690250215088,NA,59.2,2.7,20.6,6.450814457831325,3.321717557251908,113.10509156626506,0.08,2171.269230769231,5.75,20538.24166666667,19.656150793650795,1.181394422310757,7744737.677,150439377.88,0.05148078771754623,-0.6805101037025452,NA,NA,NA,NA,571743598.014151,7,1,0,NA,NA,26.97,0.617,NA,NA,NA,NA,NA,27.135326631851534,20.164201195376688,NA,0,0,0,0,0,0,NGA_2021
NGA,2022,Sub-Saharan Africa,Nigeria,NG,,2026-04-08,2254.29080416892,NA,NA,NA,-0.0288727652154093,NA,646950257577.814,425.979158066857,18.8471877843274,Abuja,7.48906,9.05804,Lower middle income,Blend,7.721034203342331,NA,58.4,2.8,19.8,6.7290124,4.403984674329502,120.6980116,1.6833333333333333,682.9807692307693,1.325,21607.55,25.6371484375,-0.035622489959839354,8835957.307,156813885.633,0.056346778675450133,NA,NA,NA,NA,NA,NA,NA,1,0,NA,NA,26.97,0,NA,NA,NA,NA,NA,27.195535246851602,NA,NA,0,0,0,0,1,0,NGA_2022
NGA,2023,Sub-Saharan Africa,Nigeria,NG,,2026-04-08,2280.91931156115,NA,NA,NA,0.384195197914633,NA,487387801880.597,645.194067883201,24.659550203114,Abuja,7.48906,9.05804,Lower middle income,Blend,7.7327721711470865,NA,58.9,2.3,19.7,7.080916064257028,4.205076923076923,120.26631887550201,5.024166666666667,343.90384615384613,3.375,20869.600000000002,16.849027237354086,-0.62396,5011094.294,140215598.993,0.03573849364827211,NA,NA,NA,NA,NA,NA,NA,1,0,NA,NA,44.87,0.664,NA,NA,NA,NA,NA,26.912325950909274,NA,NA,0,0,0,0,0,1,NGA_2023
NGA,2024,Sub-Saharan Africa,Nigeria,NG,,2026-04-08,2324.64881202751,NA,NA,63.2613514491542,0.428249682662515,NA,252261880141.151,1478.96519740023,33.2420966545406,Abuja,7.48906,9.05804,Lower middle income,Blend,7.751754338028317,NA,58,2.2,20,7.195725498007969,3.1492015209125475,122.89302988047808,5.1433333333333335,198.34615384615384,2.4,21133.908333333333,15.550656370656371,-0.1644,NA,NA,NA,NA,NA,NA,NA,NA,NA,NA,NA,NA,NA,NA,60.92,0.357,NA,NA,NA,NA,NA,26.253733591769436,NA,NA,0,0,0,0,0,1,NGA_2024
NGA,2025,Sub-Saharan Africa,Nigeria,NG,,2026-04-08,NA,NA,NA,NA,NA,NA,NA,NA,NA,Abuja,7.48906,9.05804,Lower middle income,Blend,NA,NA,NA,NA,NA,7.1875432,3.0473946360153255,122.7202868,4.2125,115.9245283018868,2.025,21967.716666666667,18.926666666666666,0.4818875502008032,NA,NA,NA,NA,NA,NA,NA,NA,NA,NA,NA,NA,NA,NA,115,0.888,NA,NA,NA,NA,NA,NA,NA,NA,0,0,0,0,0,1,NGA_2025
KEN,2015,Sub-Saharan Africa,Kenya,KE,,2026-04-08,1489.11959777284,40.3273846919019,NA,NA,0.883799936312692,NA,70120446896.8359,98.1784533265271,6.58215429284779,Nairobi,36.8126,-1.27975,Lower middle income,Blend,7.306611662679923,NA,65.7,NA,20.5,6.282743426294821,5.365538461538462,108.16961726907631,0.1325,207.1153846153846,2.1,12074.325,16.674126984126985,1.4515139442231075,4067571.79,46434974.900000006,0.08759715707308371,1.0219684839248657,NA,NA,NA,NA,2804390425.3151884,16,0,0,NA,NA,4.68,NA,NA,NA,NA,NA,NA,24.973480270308226,21.754452035482668,NA,0,0,0,0,0,0,KEN_2015
KEN,2016,Sub-Saharan Africa,Kenya,KE,,2026-04-08,1517.97796057742,34.8650195731824,NA,NA,0.627591266355583,NA,74815144163.8931,101.504369498594,6.29724953814625,Nairobi,36.8126,-1.27975,Lower middle income,Blend,7.3257929933248915,NA,65.3,1.1,19.9,6.640016334661355,5.972480916030534,113.06646008064516,0.395,891.7692307692307,2.175,12892.066666666666,15.82563492063492,1.00324,5229102.68,40143065.12,0.13026166946566237,1.0219684839248657,NA,NA,NA,NA,5961012420.933163,12,1,0,NA,NA,6.91,0.477,NA,NA,NA,NA,NA,25.03828616353166,22.508506173049362,NA,0,0,0,0,0,0,KEN_2016
KEN,2017,Sub-Saharan Africa,Kenya,KE,,2026-04-08,1542.33773973372,35.9950578754074,NA,81.5675646333189,1.64083690398642,NA,82036510877.2599,103.410004519014,8.00564967709945,Nairobi,36.8126,-1.27975,Lower middle income,Blend,7.341702713527135,NA,63.8,1.2,20.1,6.756870281124498,3.7646153846153845,112.81009919678715,1.0016666666666667,771.5192307692307,3.025,13621.366666666667,11.0902390438247,0.93028,7454279.384000001,43703118.795,0.17056630257822314,1.0219684839248657,NA,NA,NA,NA,2400916535.5620666,20,1,0,NA,NA,9.71,0.405,NA,NA,NA,NA,NA,25.13043023972717,21.59911639163299,NA,0,0,0,0,0,0,KEN_2017
KEN,2018,Sub-Saharan Africa,Kenya,KE,,2026-04-08,1596.69045914945,34.4147531767425,NA,NA,0.832686217791619,NA,92202979985.2863,101.301574049018,4.6898064677633,Nairobi,36.8126,-1.27975,Lower middle income,Blend,7.376314402399904,NA,61.9,1.9,20.7,6.6090429718875505,3.626015325670498,112.00375403225806,1.8316666666666666,750.7115384615385,2.125,14141.441666666666,16.6398406374502,0.38417670682730926,7675629.802,48592831.373,0.15795806881639887,1.0219684839248657,NA,NA,NA,NA,484769308.84982145,17,1,0,NA,NA,11.72,0.207,NA,NA,NA,NA,NA,25.247258287879127,19.999183685950328,NA,0,0,0,0,0,0,KEN_2018
KEN,2019,Sub-Saharan Africa,Kenya,KE,,2026-04-08,1645.70961777862,31.759461841481,NA,NA,0.468168547481475,NA,100378436207.371,101.99129838935,5.23963795764792,Nairobi,36.8126,-1.27975,Lower middle income,Blend,7.406534404844912,NA,60.9,2.1,20.6,6.908139357429719,4.075823754789272,115.73329798387097,2.158333333333333,258.5769230769231,3.375,14863.433333333332,15.387857142857143,0.1726,3502736.7199999997,54921402.65,0.06377726261512369,1.0219684839248657,NA,NA,NA,NA,862956635.8668591,9,1,0,NA,NA,10.92,-0.068,NA,NA,NA,NA,NA,25.332213242334685,20.57587500081756,NA,0,0,0,0,0,0,KEN_2019
KEN,2020,Sub-Saharan Africa,Kenya,KE,,2026-04-08,1609.33414078281,30.3991387830411,NA,NA,-0.00536845439351621,NA,100657505750.545,106.450780158517,5.40516207933392,Nairobi,36.8126,-1.27975,Lower middle income,Blend,7.384196977303772,NA,59,2.3,21.2,6.9041904,5.5483969465648855,117.7739632,0.37583333333333335,132821.28301886792,1.5749999999999995,17696.283333333333,29.251304347826085,0.5005577689243028,8321979.078,69502133.906,0.11973702979041306,1.0219684839248657,NA,NA,NA,NA,40960695.30405614,10,2,1,NA,NA,16.68,0.527,NA,NA,NA,NA,NA,25.3349895590441,17.52812353816178,NA,0,0,0,1,0,0,KEN_2020
KEN,2021,Sub-Saharan Africa,Kenya,KE,,2026-04-08,1698.89578271444,35.0020477795269,NA,79.1951576168317,0.382593996518954,NA,109703658904.994,109.637746592367,6.10793603659176,Nairobi,36.8126,-1.27975,Lower middle income,Blend,7.438322223879499,NA,59.2,2.7,20.6,6.450814457831325,3.321717557251908,113.10509156626506,0.08,2171.269230769231,5.75,20538.24166666667,19.656150793650795,1.181394422310757,6469217.303,71629284.943,0.09031525734408727,1.0219684839248657,NA,NA,NA,NA,487703718.8982121,13,2,1,NA,NA,26.97,0.617,NA,NA,NA,NA,NA,25.421048557417897,20.005218648082426,NA,0,0,0,0,0,0,KEN_2021
KEN,2022,Sub-Saharan Africa,Kenya,KE,,2026-04-08,1747.53198804428,40.2753238373561,NA,NA,0.691645983068062,NA,114448978152.637,117.865989201682,7.65986268272224,Nairobi,36.8126,-1.27975,Lower middle income,Blend,7.466531850899587,NA,58.4,2.8,19.8,6.7290124,4.403984674329502,120.6980116,1.6833333333333333,682.9807692307693,1.325,21607.55,25.6371484375,-0.035622489959839354,3422999.98,70682648.685,0.0484277265167967,NA,NA,NA,NA,NA,NA,NA,2,1,NA,NA,26.97,0,NA,NA,NA,NA,NA,25.463394954983915,NA,NA,0,0,0,0,1,0,KEN_2022
KEN,2023,Sub-Saharan Africa,Kenya,KE,,2026-04-08,1811.21651838425,41.1110904167396,NA,NA,0.472521238226254,NA,107500884685.013,139.846383759617,7.67139634029402,Nairobi,36.8126,-1.27975,Lower middle income,Blend,7.502305970846435,NA,58.9,2.3,19.7,7.080916064257028,4.205076923076923,120.26631887550201,5.024166666666667,343.90384615384613,3.375,20869.600000000002,16.849027237354086,-0.62396,6412855.018,80269539.17300001,0.07989151406710791,NA,NA,NA,NA,NA,NA,NA,2,1,NA,NA,44.87,0.664,NA,NA,NA,NA,NA,25.400764914117595,NA,NA,0,0,0,0,0,1,KEN_2023
KEN,2024,Sub-Saharan Africa,Kenya,KE,,2026-04-08,1860.02287047776,40.1860139968756,NA,90.1199173733613,0.385110027210407,NA,120339557905.932,134.822483279332,4.48978854243448,Nairobi,36.8126,-1.27975,Lower middle income,Blend,7.528881545915346,NA,58,2.2,20,7.195725498007969,3.1492015209125475,122.89302988047808,5.1433333333333335,198.34615384615384,2.4,21133.908333333333,15.550656370656371,-0.1644,NA,NA,NA,NA,NA,NA,NA,NA,NA,NA,NA,NA,NA,NA,60.92,0.357,NA,NA,NA,NA,NA,25.513583233031785,NA,NA,0,0,0,0,0,1,KEN_2024
KEN,2025,Sub-Saharan Africa,Kenya,KE,,2026-04-08,NA,NA,NA,NA,NA,NA,NA,NA,NA,Nairobi,36.8126,-1.27975,Lower middle income,Blend,NA,NA,NA,NA,NA,7.1875432,3.0473946360153255,122.7202868,4.2125,115.9245283018868,2.025,21967.716666666667,18.926666666666666,0.4818875502008032,NA,NA,NA,NA,NA,NA,NA,NA,NA,NA,NA,NA,NA,NA,115,0.888,NA,NA,NA,NA,NA,NA,NA,NA,0,0,0,0,0,1,KEN_2025
GHA,2015,Sub-Saharan Africa,Ghana,GH,,2026-04-08,1722.77282833606,76.5212709243242,NA,NA,6.45737614178894,NA,49436806230.4839,3.71464166666667,17.1499695007878,Accra,-0.20795,5.57045,Lower middle income,IDA,7.452270672434501,NA,65.7,NA,20.5,6.282743426294821,5.365538461538462,108.16961726907631,0.1325,207.1153846153846,2.1,12074.325,16.674126984126985,1.4515139442231075,2053357.075,12961330.164,0.15842178611445176,-1.9393720626831055,NA,NA,NA,NA,130539914.5858644,11,1,0,NA,NA,4.68,NA,NA,NA,NA,NA,NA,24.623961049131495,18.68718960451773,NA,0,0,0,0,0,0,GHA_2015
GHA,2016,Sub-Saharan Africa,Ghana,GH,,2026-04-08,1740.81101902928,67.8769994445865,NA,NA,6.20782671803196,NA,56144179397.8516,3.90981666666667,17.4546347070868,Accra,-0.20795,5.57045,Lower middle income,IDA,7.4626806664697,NA,65.3,1.1,19.9,6.640016334661355,5.972480916030534,113.06646008064516,0.395,891.7692307692307,2.175,12892.066666666666,15.82563492063492,1.00324,2419768,12857197,0.18820338523241106,-1.9393720626831055,NA,NA,NA,NA,2604917192.5059037,14,1,0,NA,NA,6.91,0.477,NA,NA,NA,NA,NA,24.751188851116513,21.68066672412478,NA,0,0,0,0,0,0,GHA_2016
GHA,2017,Sub-Saharan Africa,Ghana,GH,,2026-04-08,1841.44636153249,70.5483652904116,NA,57.7175264186459,5.39035841681501,NA,60385409434.8567,4.35053333333333,12.3719215507048,Accra,-0.20795,5.57045,Lower middle income,IDA,7.518849511852756,NA,63.8,1.2,20.1,6.756870281124498,3.7646153846153845,112.81009919678715,1.0016666666666667,771.5192307692307,3.025,13621.366666666667,11.0902390438247,0.93028,1222037.093,13271891.109,0.09207708855984408,-1.9393720626831055,NA,NA,NA,NA,12114100655.064709,16,2,1,NA,NA,9.71,0.405,NA,NA,NA,NA,NA,24.824013347073993,23.21763595453988,NA,0,0,0,0,0,0,GHA_2017
GHA,2018,Sub-Saharan Africa,Ghana,GH,,2026-04-08,1915.4532323781,67.9585174644902,NA,NA,4.4440435772374,NA,67259353965.6087,4.585325,7.80876516610703,Accra,-0.20795,5.57045,Lower middle income,IDA,7.558231481902512,NA,61.9,1.9,20.7,6.6090429718875505,3.626015325670498,112.00375403225806,1.8316666666666666,750.7115384615385,2.125,14141.441666666666,16.6398406374502,0.38417670682730926,1105419.2070000002,11532268.502,0.09585444588012249,-1.9393720626831055,NA,NA,NA,NA,3275897268.051807,35,2,1,NA,NA,11.72,0.207,NA,NA,NA,NA,NA,24.93182193819618,21.909857643792247,NA,0,0,0,0,0,0,GHA_2018
GHA,2019,Sub-Saharan Africa,Ghana,GH,,2026-04-08,1999.55372220211,76.824802732152,NA,NA,5.67619931009197,NA,68352629246.1555,5.21736666666667,7.14364003330857,Accra,-0.20795,5.57045,Lower middle income,IDA,7.601179282324176,NA,60.9,2.1,20.6,6.908139357429719,4.075823754789272,115.73329798387097,2.158333333333333,258.5769230769231,3.375,14863.433333333332,15.387857142857143,0.1726,1060894.515,25340093.694,0.04186624279337994,-1.9393720626831055,NA,NA,NA,NA,1595193740.8055997,18,2,1,NA,NA,10.92,-0.068,NA,NA,NA,NA,NA,24.947945866781865,21.19026103402323,NA,0,0,0,0,0,0,GHA_2019
GHA,2020,Sub-Saharan Africa,Ghana,GH,,2026-04-08,1970.19411460398,66.5754987162431,NA,NA,2.67937438514205,NA,70008243859.8666,5.59570833333333,9.88728956269944,Accra,-0.20795,5.57045,Lower middle income,IDA,7.586394787642769,NA,59,2.3,21.2,6.9041904,5.5483969465648855,117.7739632,0.37583333333333335,132821.28301886792,1.5749999999999995,17696.283333333333,29.251304347826085,0.5005577689243028,NA,NA,NA,-1.9393720626831055,NA,NA,NA,NA,1130200601.6906896,28,2,1,NA,NA,16.68,0.527,NA,NA,NA,NA,NA,24.971878841502445,20.845660978420085,NA,0,0,0,1,0,0,GHA_2020
GHA,2021,Sub-Saharan Africa,Ghana,GH,,2026-04-08,2030.04866500967,62.7078309128346,NA,68.2303947936909,3.18633188953992,NA,79514204730.3979,5.8057,9.9710886750444,Accra,-0.20795,5.57045,Lower middle income,IDA,7.616307522400988,NA,59.2,2.7,20.6,6.450814457831325,3.321717557251908,113.10509156626506,0.08,2171.269230769231,5.75,20538.24166666667,19.656150793650795,1.181394422310757,1470249.064,15574437.432,0.09440142351332412,-1.9393720626831055,NA,NA,NA,NA,108151301.94594595,5,2,1,NA,NA,26.97,0.617,NA,NA,NA,NA,NA,25.099201518512707,18.499041757872334,NA,0,0,0,0,0,0,GHA_2021
GHA,2022,Sub-Saharan Africa,Ghana,GH,,2026-04-08,2067.20895910766,70.1154557958907,NA,NA,1.93240124339233,NA,73919003209.9866,8.2724,31.2558951049016,Accra,-0.20795,5.57045,Lower middle income,IDA,7.634438274579641,NA,58.4,2.8,19.8,6.7290124,4.403984674329502,120.6980116,1.6833333333333333,682.9807692307693,1.325,21607.55,25.6371484375,-0.035622489959839354,3674735.7090000003,16596638.96,0.22141445131490647,NA,NA,NA,NA,NA,NA,NA,3,1,NA,NA,26.97,0,NA,NA,NA,NA,NA,25.026235779489063,NA,NA,0,0,0,0,1,0,GHA_2022
GHA,2023,Sub-Saharan Africa,Ghana,GH,,2026-04-08,2091.8133564595,64.3878615281647,NA,NA,1.63794208213468,NA,80547146878.3843,11.0204083333333,38.1069656296501,Accra,-0.20795,5.57045,Lower middle income,IDA,7.64626454334281,NA,58.9,2.3,19.7,7.080916064257028,4.205076923076923,120.26631887550201,5.024166666666667,343.90384615384613,3.375,20869.600000000002,16.849027237354086,-0.62396,1348157.0150000001,14653993.248,0.09199929276506244,NA,NA,NA,NA,NA,NA,NA,2,1,NA,NA,44.87,0.664,NA,NA,NA,NA,NA,25.11210852545026,NA,NA,0,0,0,0,0,1,GHA_2023
GHA,2024,Sub-Saharan Africa,Ghana,GH,,2026-04-08,2167.72691406678,69.7884227390592,NA,81.2430252454858,2.14505298599888,NA,82308110386.4641,14.1819416666667,22.8483281157842,Accra,-0.20795,5.57045,Lower middle income,IDA,7.681895598827806,NA,58,2.2,20,7.195725498007969,3.1492015209125475,122.89302988047808,5.1433333333333335,198.34615384615384,2.4,21133.908333333333,15.550656370656371,-0.1644,NA,NA,NA,NA,NA,NA,NA,NA,NA,NA,NA,NA,NA,NA,60.92,0.357,NA,NA,NA,NA,NA,25.13373548640179,NA,NA,0,0,0,0,0,1,GHA_2024
GHA,2025,Sub-Saharan Africa,Ghana,GH,,2026-04-08,NA,NA,NA,NA,NA,NA,NA,NA,NA,Accra,-0.20795,5.57045,Lower middle income,IDA,NA,NA,NA,NA,NA,7.1875432,3.0473946360153255,122.7202868,4.2125,115.9245283018868,2.025,21967.716666666667,18.926666666666666,0.4818875502008032,NA,NA,NA,NA,NA,NA,NA,NA,NA,NA,NA,NA,NA,NA,115,0.888,NA,NA,NA,NA,NA,NA,NA,NA,0,0,0,0,0,1,GHA_2025
ETH,2015,Sub-Saharan Africa,Ethiopia,ET,,2026-04-08,597.912113218663,39.6561241449515,NA,NA,4.22926466080082,27.9431250379303,62103418181.8182,20.57684875,9.56889955968623,Addis Ababa,38.7468,9.02274,Not classified,IDA,6.395114864844244,NA,65.7,NA,20.5,6.282743426294821,5.365538461538462,108.16961726907631,0.1325,207.1153846153846,2.1,12074.325,16.674126984126985,1.4515139442231075,2633792.398,14407840.076,0.18280272296936897,-1.2538762092590332,NA,NA,NA,NA,2516270308.622441,16,2,1,NA,NA,4.68,NA,NA,0.14499960343458287,NA,NA,NA,24.852066867572603,21.646043606270677,NA,0,0,0,0,0,0,ETH_2015
ETH,2016,Sub-Saharan Africa,Ethiopia,ET,,2026-04-08,636.835680951429,34.8990210816111,NA,NA,6.0502150951561,29.0056817322355,68475871209.607,21.7315472222222,6.62813337230924,Addis Ababa,38.7468,9.02274,Not classified,IDA,6.45808069680456,NA,65.3,1.1,19.9,6.640016334661355,5.972480916030534,113.06646008064516,0.395,891.7692307692307,2.175,12892.066666666666,15.82563492063492,1.00324,3232981.488,15387713.974,0.21010148053587677,-1.2538762092590332,NA,NA,NA,NA,982765617.9904025,18,2,1,NA,NA,6.91,0.477,NA,0.04947995665658734,NA,NA,NA,24.949747275061085,20.70588121528714,NA,0,0,0,0,0,0,ETH_2016
ETH,2017,Sub-Saharan Africa,Ethiopia,ET,,2026-04-08,678.98541915757,31.1036494929016,NA,34.827569921105,5.26039764214773,30.0951138170263,76366081766.6667,23.8661044574125,10.6871150284238,Addis Ababa,38.7468,9.02274,Not classified,IDA,6.522071355524923,NA,63.8,1.2,20.1,6.756870281124498,3.7646153846153845,112.81009919678715,1.0016666666666667,771.5192307692307,3.025,13621.366666666667,11.0902390438247,0.93028,2312632.835,22930900.199,0.10085224805526179,-1.2538762092590332,NA,NA,NA,NA,1633519679.269886,20,2,1,NA,NA,9.71,0.405,NA,0.07107680092832998,NA,NA,NA,25.058804478620686,21.214002836848273,NA,0,0,0,0,0,0,ETH_2017
ETH,2018,Sub-Saharan Africa,Ethiopia,ET,,2026-04-08,705.96881207336,31.1993689777881,NA,NA,4.03228222144798,32.5332245901733,83337901071.9697,27.4293865941666,13.8330356586661,Addis Ababa,38.7468,9.02274,Not classified,IDA,6.560986551873153,NA,61.9,1.9,20.7,6.6090429718875505,3.626015325670498,112.00375403225806,1.8316666666666666,750.7115384615385,2.125,14141.441666666666,16.6398406374502,0.38417670682730926,5840405.97,17143314.801,0.3406812531762713,-1.2538762092590332,NA,NA,NA,NA,3221566833.584777,19,2,1,NA,NA,11.72,0.207,NA,0.11882216904428025,NA,NA,NA,25.146169277514012,21.893133672745517,NA,0,0,0,0,0,0,ETH_2018
ETH,2019,Sub-Saharan Africa,Ethiopia,ET,,2026-04-08,744.702789753973,28.8152939288346,NA,NA,2.77536541541531,31.4488445669584,91834517112.628,29.06975,15.8096321719344,Addis Ababa,38.7468,9.02274,Not classified,IDA,6.6143271156638095,NA,60.9,2.1,20.6,6.908139357429719,4.075823754789272,115.73329798387097,2.158333333333333,258.5769230769231,3.375,14863.433333333332,15.387857142857143,0.1726,3555731.34,34615874.33,0.10271967439280913,-1.2538762092590332,NA,NA,NA,NA,77615080.54055892,12,2,1,NA,NA,10.92,-0.068,NA,0.0026874195470439235,NA,NA,NA,25.243254067317714,18.167272316019453,NA,0,0,0,0,0,0,ETH_2019
ETH,2020,Sub-Saharan Africa,Ethiopia,ET,,2026-04-08,768.705424485209,24.0061143401794,NA,NA,2.42792592797614,NA,98676811061.4035,34.9271654040404,20.3563468559061,Addis Ababa,38.7468,9.02274,Not classified,IDA,6.646007876047215,NA,59,2.3,21.2,6.9041904,5.5483969465648855,117.7739632,0.37583333333333335,132821.28301886792,1.5749999999999995,17696.283333333333,29.251304347826085,0.5005577689243028,3478881.59,14901894.4,0.23345230456068725,-1.2538762092590332,NA,NA,NA,NA,15259963.517482707,23,2,1,NA,NA,16.68,0.527,NA,NA,NA,NA,NA,25.315115812138938,16.540743258620157,NA,0,0,0,1,0,0,ETH_2020
ETH,2021,Sub-Saharan Africa,Ethiopia,ET,,2026-04-08,790.65701959778,24.3450574647644,NA,NA,3.90520609771909,NA,109070960371.859,43.73377831884,26.8395221557722,Addis Ababa,38.7468,9.02274,Not classified,IDA,6.6741282419551595,NA,59.2,2.7,20.6,6.450814457831325,3.321717557251908,113.10509156626506,0.08,2171.269230769231,5.75,20538.24166666667,19.656150793650795,1.181394422310757,1685006.2899999998,23088293.9,0.07298097890204004,-1.2538762092590332,NA,NA,NA,NA,117364815.49485011,13,3,1,NA,NA,26.97,0.617,NA,NA,NA,NA,NA,25.415264519953816,18.580797731301537,NA,0,0,0,0,0,0,ETH_2021
ETH,2022,Sub-Saharan Africa,Ethiopia,ET,,2026-04-08,811.177729326201,26.5954996967313,NA,46.4800688214244,2.9803331590978,NA,123140304666,51.7562150334169,33.8898797100898,Addis Ababa,38.7468,9.02274,Not classified,IDA,6.699719194691821,NA,58.4,2.8,19.8,6.7290124,4.403984674329502,120.6980116,1.6833333333333333,682.9807692307693,1.325,21607.55,25.6371484375,-0.035622489959839354,1447012.98,31478053.176999997,0.04596894769392174,NA,NA,NA,NA,NA,NA,NA,3,1,NA,NA,26.97,0,NA,NA,NA,NA,NA,25.536590230577787,NA,NA,0,0,0,0,1,0,ETH_2022
ETH,2023,Sub-Saharan Africa,Ethiopia,ET,,2026-04-08,842.44660489404,20.5982015072652,NA,NA,2.40146315358044,NA,135874093202.492,54.6009480676569,30.2188278135278,Addis Ababa,38.7468,9.02274,Not classified,IDA,6.73749659813773,NA,58.9,2.3,19.7,7.080916064257028,4.205076923076923,120.26631887550201,5.024166666666667,343.90384615384613,3.375,20869.600000000002,16.849027237354086,-0.62396,2902722.815,51590290.634,0.05626490526275487,NA,NA,NA,NA,NA,NA,NA,3,1,NA,NA,44.87,0.664,NA,NA,NA,NA,NA,25.634994508610166,NA,NA,0,0,0,0,0,1,ETH_2023
ETH,2024,Sub-Saharan Africa,Ethiopia,ET,,2026-04-08,883.458588619291,17.4004358583187,NA,48.8302767819942,2.68582028016447,NA,149740297952.986,82.6013363504764,21.037746057771,Addis Ababa,38.7468,9.02274,Not classified,IDA,6.784975693531826,NA,58,2.2,20,7.195725498007969,3.1492015209125475,122.89302988047808,5.1433333333333335,198.34615384615384,2.4,21133.908333333333,15.550656370656371,-0.1644,NA,NA,NA,NA,NA,NA,NA,NA,NA,NA,NA,NA,NA,NA,60.92,0.357,NA,NA,NA,NA,NA,25.73216828355588,NA,NA,0,0,0,0,0,1,ETH_2024
ETH,2025,Sub-Saharan Africa,Ethiopia,ET,,2026-04-08,NA,NA,NA,NA,NA,NA,NA,NA,NA,Addis Ababa,38.7468,9.02274,Not classified,IDA,NA,NA,NA,NA,NA,7.1875432,3.0473946360153255,122.7202868,4.2125,115.9245283018868,2.025,21967.716666666667,18.926666666666666,0.4818875502008032,NA,NA,NA,NA,NA,NA,NA,NA,NA,NA,NA,NA,NA,NA,115,0.888,NA,NA,NA,NA,NA,NA,NA,NA,0,0,0,0,0,1,ETH_2025
TZA,2015,Sub-Saharan Africa,Tanzania,TZ,,2026-04-08,939.127319335938,40.7576808778314,NA,NA,3.17633492826527,NA,47413919817.124,1991.39083333333,5.58816952959298,Dodoma,35.7382,-6.17486,Lower middle income,IDA,6.846015312194116,NA,65.7,NA,20.5,6.282743426294821,5.365538461538462,108.16961726907631,0.1325,207.1153846153846,2.1,12074.325,16.674126984126985,1.4515139442231075,667570,33375180,0.020001989502378713,-1.2538762092590332,NA,NA,NA,NA,373987458.57294184,18,0,0,NA,NA,4.68,NA,NA,NA,NA,NA,NA,24.582181689584743,19.73973282426301,NA,0,0,0,0,0,0,TZA_2015
TZA,2016,Sub-Saharan Africa,Tanzania,TZ,,2026-04-08,970.156127929688,35.4204704002636,NA,NA,1.73591210997565,NA,49774409374.4538,2177.08666666667,5.17476629301493,Dodoma,35.7382,-6.17486,Lower middle income,IDA,6.878487246230626,NA,65.3,1.1,19.9,6.640016334661355,5.972480916030534,113.06646008064516,0.395,891.7692307692307,2.175,12892.066666666666,15.82563492063492,1.00324,1006269,29852153,0.033708422973713154,-1.2538762092590332,NA,NA,NA,NA,9683993324.375458,13,0,0,NA,NA,6.91,0.477,NA,NA,NA,NA,NA,24.630766820938852,22.99374018677947,NA,0,0,0,0,0,0,TZA_2016
TZA,2017,Sub-Saharan Africa,Tanzania,TZ,,2026-04-08,1001.55895996094,33.1125919853124,NA,46.7515639970681,1.76011643802415,NA,53274884532.7886,2228.85666666667,5.31871605228931,Dodoma,35.7382,-6.17486,Lower middle income,IDA,6.91031097037993,NA,63.8,1.2,20.1,6.756870281124498,3.7646153846153845,112.81009919678715,1.0016666666666667,771.5192307692307,3.025,13621.366666666667,11.0902390438247,0.93028,2165939,32501795,0.06664059631168064,-1.2538762092590332,NA,NA,NA,NA,377347512.0369497,14,0,0,NA,NA,9.71,0.405,NA,NA,NA,NA,NA,24.698730847566726,19.74867710607306,NA,0,0,0,0,0,0,TZA_2017
TZA,2018,Sub-Saharan Africa,Tanzania,TZ,,2026-04-08,1024.01525878906,32.6426099043737,NA,NA,1.70440979499363,NA,57003712892.0858,2263.78166666667,3.49445848856181,Dodoma,35.7382,-6.17486,Lower middle income,IDA,6.932462778085177,NA,61.9,1.9,20.7,6.6090429718875505,3.626015325670498,112.00375403225806,1.8316666666666666,750.7115384615385,2.125,14141.441666666666,16.6398406374502,0.38417670682730926,810966.919,25204924.913000003,0.03217493889782332,-1.2538762092590332,NA,NA,NA,NA,297790640.6605502,29,1,0,NA,NA,11.72,0.207,NA,NA,NA,NA,NA,24.766382241134732,19.511901252806208,NA,0,0,0,0,0,0,TZA_2018
TZA,2019,Sub-Saharan Africa,Tanzania,TZ,,2026-04-08,1051.7666015625,33.0185892502311,NA,NA,1.99459353959393,NA,61026731925.9213,2288.20666666667,3.46428057999021,Dodoma,35.7382,-6.17486,Lower middle income,IDA,6.95917683662798,NA,60.9,2.1,20.6,6.908139357429719,4.075823754789272,115.73329798387097,2.158333333333333,258.5769230769231,3.375,14863.433333333332,15.387857142857143,0.1726,1089875.3299999998,25197818.08,0.0432527660347328,-1.2538762092590332,NA,NA,NA,NA,96015221.94156694,14,1,0,NA,NA,10.92,-0.068,NA,NA,NA,NA,NA,24.834577833435926,18.38001730916884,NA,0,0,0,0,0,0,TZA_2019
TZA,2020,Sub-Saharan Africa,Tanzania,TZ,,2026-04-08,1041.25964355469,27.9630151969884,NA,NA,1.42845965174632,NA,66068737786.063904,2294.14615050509,3.29029062798325,Dodoma,35.7382,-6.17486,Lower middle income,IDA,6.94914636934913,NA,59,2.3,21.2,6.9041904,5.5483969465648855,117.7739632,0.37583333333333335,132821.28301886792,1.5749999999999995,17696.283333333333,29.251304347826085,0.5005577689243028,1433379.25,32196199.14,0.04452013865882679,-1.2538762092590332,NA,NA,NA,NA,56867617.21794729,18,1,0,NA,NA,16.68,0.527,NA,NA,NA,NA,NA,24.913961518629296,17.85623663723744,NA,0,0,0,1,0,0,TZA_2020
TZA,2021,Sub-Saharan Africa,Tanzania,TZ,,2026-04-08,1054.31726074219,29.9151840074048,NA,52.4333347484758,1.68494347865961,NA,70655628147.8986,2297.76422623792,3.69091958802199,Dodoma,35.7382,-6.17486,Lower middle income,IDA,6.961596721785289,NA,59.2,2.7,20.6,6.450814457831325,3.321717557251908,113.10509156626506,0.08,2171.269230769231,5.75,20538.24166666667,19.656150793650795,1.181394422310757,721772,24918597.57,0.028965193485405286,-1.2538762092590332,NA,NA,NA,NA,172156868.64862204,21,1,0,NA,NA,26.97,0.617,NA,NA,NA,NA,NA,24.98108360530886,18.963916651969306,NA,0,0,0,0,0,0,TZA_2021
TZA,2022,Sub-Saharan Africa,Tanzania,TZ,,2026-04-08,1070.58532714844,35.0034517101994,NA,NA,1.89781100360764,NA,75749121842.9149,2303.03367612332,4.35027204269101,Dodoma,35.7382,-6.17486,Lower middle income,IDA,6.97689444510605,NA,58.4,2.8,19.8,6.7290124,4.403984674329502,120.6980116,1.6833333333333333,682.9807692307693,1.325,21607.55,25.6371484375,-0.035622489959839354,1342669.01,36298785.36,0.0369893647041858,NA,NA,NA,NA,NA,NA,NA,1,0,NA,NA,26.97,0,NA,NA,NA,NA,NA,25.050692688449086,NA,NA,0,0,0,0,1,0,TZA_2022
TZA,2023,Sub-Saharan Africa,Tanzania,TZ,,2026-04-08,1092.86413574219,38.212034806339,NA,NA,2.08641570952108,NA,79030935627.0781,2383.04258333333,3.79923291384916,Dodoma,35.7382,-6.17486,Lower middle income,IDA,6.997471784906036,NA,58.9,2.3,19.7,7.080916064257028,4.205076923076923,120.26631887550201,5.024166666666667,343.90384615384613,3.375,20869.600000000002,16.849027237354086,-0.62396,971693.75,47581651.46,0.02042160623232811,NA,NA,NA,NA,NA,NA,NA,1,0,NA,NA,44.87,0.664,NA,NA,NA,NA,NA,25.093105202990827,NA,NA,0,0,0,0,0,1,TZA_2023
TZA,2024,Sub-Saharan Africa,Tanzania,TZ,,2026-04-08,1120.77416992188,41.5131207208244,NA,59.8275253090773,2.17843632795407,NA,78844405385.2195,2597.90041666667,3.05694676312373,Dodoma,35.7382,-6.17486,Lower middle income,IDA,7.022666791244766,NA,58,2.2,20,7.195725498007969,3.1492015209125475,122.89302988047808,5.1433333333333335,198.34615384615384,2.4,21133.908333333333,15.550656370656371,-0.1644,NA,NA,NA,NA,NA,NA,NA,NA,NA,NA,NA,NA,NA,NA,60.92,0.357,NA,NA,NA,NA,NA,25.09074219522209,NA,NA,0,0,0,0,0,1,TZA_2024
TZA,2025,Sub-Saharan Africa,Tanzania,TZ,,2026-04-08,NA,NA,NA,NA,NA,NA,NA,NA,NA,Dodoma,35.7382,-6.17486,Lower middle income,IDA,NA,NA,NA,NA,NA,7.1875432,3.0473946360153255,122.7202868,4.2125,115.9245283018868,2.025,21967.716666666667,18.926666666666666,0.4818875502008032,NA,NA,NA,NA,NA,NA,NA,NA,NA,NA,NA,NA,NA,NA,115,0.888,NA,NA,NA,NA,NA,NA,NA,NA,0,0,0,0,0,1,TZA_2025
UGA,2015,Sub-Saharan Africa,Uganda,UG,,2026-04-08,862.934610355811,37.6892983324358,NA,NA,2.27760507458345,NA,32387183730.1002,3240.64542033826,5.58968606251725,Kampala,32.5729,0.314269,Low income,IDA,6.761497083481442,NA,65.7,NA,20.5,6.282743426294821,5.365538461538462,108.16961726907631,0.1325,207.1153846153846,2.1,12074.325,16.674126984126985,1.4515139442231075,370690,17390914,0.02131515341861848,2.2808303833007812,NA,NA,NA,NA,1290199907.5196824,24,0,0,NA,NA,4.68,NA,NA,NA,NA,NA,NA,24.201028617633742,20.97806301115843,NA,0,0,0,0,0,0,UGA_2015
UGA,2016,Sub-Saharan Africa,Uganda,UG,,2026-04-08,874.648370639216,31.2093620232119,NA,NA,2.1425304891559,NA,29203988696.2626,3420.09800724736,5.70637504616212,Kampala,32.5729,0.314269,Low income,IDA,6.774964606972599,NA,65.3,1.1,19.9,6.640016334661355,5.972480916030534,113.06646008064516,0.395,891.7692307692307,2.175,12892.066666666666,15.82563492063492,1.00324,517749,14344635,0.03609356390037111,2.2808303833007812,NA,NA,NA,NA,144952038.67195803,10,0,0,NA,NA,6.91,0.477,NA,NA,NA,NA,NA,24.097571136113146,18.791913484788356,NA,0,0,0,0,0,0,UGA_2016
UGA,2017,Sub-Saharan Africa,Uganda,UG,,2026-04-08,871.093880017151,36.8370529334101,NA,59.1991511838928,2.61088918011351,NA,30744473841.424,3611.22445804461,5.20971705914209,Kampala,32.5729,0.314269,Low income,IDA,6.770897078684124,NA,63.8,1.2,20.1,6.756870281124498,3.7646153846153845,112.81009919678715,1.0016666666666667,771.5192307692307,3.025,13621.366666666667,11.0902390438247,0.93028,347522.72000000003,12185401.89,0.0285195944407214,2.2808303833007812,NA,NA,NA,NA,39896139.38765339,7,0,0,NA,NA,9.71,0.405,NA,NA,NA,NA,NA,24.148976102607225,17.501790145042225,NA,0,0,0,0,0,0,UGA_2017
UGA,2018,Sub-Saharan Africa,Uganda,UG,,2026-04-08,895.07512785438,36.6384055999567,NA,NA,3.20512810607337,34.6735709945694,32927025619.6795,3727.06899484612,2.61601190952274,Kampala,32.5729,0.314269,Low income,IDA,6.798024257511642,NA,61.9,1.9,20.7,6.6090429718875505,3.626015325670498,112.00375403225806,1.8316666666666666,750.7115384615385,2.125,14141.441666666666,16.6398406374502,0.38417670682730926,236012.76,11439392.34,0.020631581904463292,2.2808303833007812,NA,NA,NA,NA,219792199.38959908,23,0,0,NA,NA,11.72,0.207,NA,0.01925135053113617,NA,NA,NA,24.217559604951507,19.208193114270514,NA,0,0,0,0,0,0,UGA_2018
UGA,2019,Sub-Saharan Africa,Uganda,UG,,2026-04-08,920.939101515671,39.3610539647435,NA,NA,3.68569218154174,38.4769453120331,35353061003.4359,3704.04907169681,2.867588034469,Kampala,32.5729,0.314269,Low income,IDA,6.826479170958327,NA,60.9,2.1,20.6,6.908139357429719,4.075823754789272,115.73329798387097,2.158333333333333,258.5769230769231,3.375,14863.433333333332,15.387857142857143,0.1726,504068,23057427.349999998,0.02186141551477121,2.2808303833007812,NA,NA,NA,NA,345933828.76861537,13,1,0,NA,NA,10.92,-0.068,NA,0.025431116353944558,NA,NA,NA,24.288650816896215,19.66175807128933,NA,0,0,0,0,0,0,UGA_2019
UGA,2020,Sub-Saharan Africa,Uganda,UG,,2026-04-08,917.0350317644,37.0006923916369,NA,NA,3.16881317773755,44.1859143089924,37600368241.6657,3718.24892270924,3.31332289544502,Kampala,32.5729,0.314269,Low income,IDA,6.822235550855778,NA,59,2.3,21.2,6.9041904,5.5483969465648855,117.7739632,0.37583333333333335,132821.28301886792,1.5749999999999995,17696.283333333333,29.251304347826085,0.5005577689243028,989282,17824064,0.05550260591523908,2.2808303833007812,NA,NA,NA,NA,716297907.8103919,17,1,0,NA,NA,16.68,0.527,NA,0.043113942522728245,NA,NA,NA,24.35027968098222,20.389606712147767,NA,0,0,0,1,0,0,UGA_2020
UGA,2021,Sub-Saharan Africa,Uganda,UG,,2026-04-08,919.401675217265,41.7136307424781,NA,65.914011087313,4.06673785760736,51.3026623500196,40529788748.6737,3587.05170733909,2.20457204757414,Kampala,32.5729,0.314269,Low income,IDA,6.82481017825654,NA,59.2,2.7,20.6,6.450814457831325,3.321717557251908,113.10509156626506,0.08,2171.269230769231,5.75,20538.24166666667,19.656150793650795,1.181394422310757,474887.96,23111319.560000002,0.02054785140100412,1.2017203569412231,NA,NA,NA,NA,149804391.01964086,12,1,0,NA,NA,26.97,0.617,NA,0.007204607070138324,NA,NA,NA,24.425303065376493,18.82484094784083,NA,0,0,0,0,0,0,UGA_2021
UGA,2022,Sub-Saharan Africa,Uganda,UG,,2026-04-08,933.094056370423,34.5053019270937,NA,NA,6.48067616265599,53.890283064004,45565333210.9108,3689.81738566862,7.1957888597581,Kampala,32.5729,0.314269,Low income,IDA,6.839577135910719,NA,58.4,2.8,19.8,6.7290124,4.403984674329502,120.6980116,1.6833333333333333,682.9807692307693,1.325,21607.55,25.6371484375,-0.035622489959839354,519961.43,26925208.810000002,0.019311323959236546,NA,NA,NA,NA,NA,NA,NA,1,0,NA,NA,26.97,0,NA,NA,NA,NA,NA,24.542413027759473,NA,NA,0,0,0,0,1,0,UGA_2022
UGA,2023,Sub-Saharan Africa,Uganda,UG,,2026-04-08,955.745797275462,33.3416963302219,NA,NA,6.13816501913594,53.1469350748667,48768955863.3175,3726.14045997085,5.35094804280395,Kampala,32.5729,0.314269,Low income,IDA,6.863537731586952,NA,58.9,2.3,19.7,7.080916064257028,4.205076923076923,120.26631887550201,5.024166666666667,343.90384615384613,3.375,20869.600000000002,16.849027237354086,-0.62396,1079579.59,16635739.350000001,0.06489519745931821,NA,NA,NA,NA,NA,NA,NA,1,0,NA,NA,44.87,0.664,NA,NA,NA,NA,NA,24.61035979705468,NA,NA,0,0,0,0,0,1,UGA_2023
UGA,2024,Sub-Saharan Africa,Uganda,UG,,2026-04-08,986.090145363924,42.6527889088562,NA,72.8273757556063,6.04170465829259,54.4305525836671,53911907086.1525,3757.2625354215,3.3233806708656,Kampala,32.5729,0.314269,Low income,IDA,6.8947613679517845,NA,58,2.2,20,7.195725498007969,3.1492015209125475,122.89302988047808,5.1433333333333335,198.34615384615384,2.4,21133.908333333333,15.550656370656371,-0.1644,NA,NA,NA,NA,NA,NA,NA,NA,NA,NA,NA,NA,NA,NA,60.92,0.357,NA,NA,NA,NA,NA,24.710617201172024,NA,NA,0,0,0,0,0,1,UGA_2024
UGA,2025,Sub-Saharan Africa,Uganda,UG,,2026-04-08,NA,NA,NA,NA,NA,NA,NA,NA,NA,Kampala,32.5729,0.314269,Low income,IDA,NA,NA,NA,NA,NA,7.1875432,3.0473946360153255,122.7202868,4.2125,115.9245283018868,2.025,21967.716666666667,18.926666666666666,0.4818875502008032,NA,NA,NA,NA,NA,NA,NA,NA,NA,NA,NA,NA,NA,NA,115,0.888,NA,NA,NA,NA,NA,NA,NA,NA,0,0,0,0,0,1,UGA_2025
CMR,2015,Sub-Saharan Africa,Cameroon,CM,,2026-04-08,1415.00009710569,45.5401468279393,NA,NA,2.15564021048479,NA,32210233020.4569,591.21169798261,2.67623531419899,Yaounde,11.5174,3.8721,Lower middle income,Blend,7.255591342831128,NA,65.7,NA,20.5,6.282743426294821,5.365538461538462,108.16961726907631,0.1325,207.1153846153846,2.1,12074.325,16.674126984126985,1.4515139442231075,513773,10715268,0.047947750816871776,-1.2538762092590332,NA,NA,NA,NA,2436954855.834297,13,2,1,NA,NA,4.68,NA,NA,NA,NA,NA,NA,24.195550034707836,21.61401508734499,NA,0,0,0,0,0,0,CMR_2015
CMR,2016,Sub-Saharan Africa,Cameroon,CM,,2026-04-08,1435.61830727839,40.6386315268268,NA,NA,1.96334943457327,NA,33814337044.3765,592.605615063022,0.874190383288856,Yaounde,11.5174,3.8721,Lower middle income,Blend,7.270047233036038,NA,65.3,1.1,19.9,6.640016334661355,5.972480916030534,113.06646008064516,0.395,891.7692307692307,2.175,12892.066666666666,15.82563492063492,1.00324,549970,13054941,0.04212734473484024,-1.2538762092590332,NA,NA,NA,NA,1074050445.6427438,11,2,1,NA,NA,6.91,0.477,NA,NA,NA,NA,NA,24.244150722439606,20.79470280273329,NA,0,0,0,0,0,0,CMR_2016
CMR,2017,Sub-Saharan Africa,Cameroon,CM,,2026-04-08,1444.90682916573,39.1990216052629,NA,34.5907908564962,2.25620975874553,NA,36098547033.1655,580.656749587858,0.64040914988195,Yaounde,11.5174,3.8721,Lower middle income,Blend,7.276491967147438,NA,63.8,1.2,20.1,6.756870281124498,3.7646153846153845,112.81009919678715,1.0016666666666667,771.5192307692307,3.025,13621.366666666667,11.0902390438247,0.93028,423911.448,7449971.068,0.05690108647815221,-1.2538762092590332,NA,NA,NA,NA,1136182057.5656722,15,2,1,NA,NA,9.71,0.405,NA,NA,NA,NA,NA,24.309518453114194,20.85093940722655,NA,0,0,0,0,0,0,CMR_2017
CMR,2018,Sub-Saharan Africa,Cameroon,CM,,2026-04-08,1461.01969999317,40.587602877028,NA,NA,1.91485781286221,NA,39955552189.795,555.446458398226,1.0688581131292,Yaounde,11.5174,3.8721,Lower middle income,Blend,7.287574114906472,NA,61.9,1.9,20.7,6.6090429718875505,3.626015325670498,112.00375403225806,1.8316666666666666,750.7115384615385,2.125,14141.441666666666,16.6398406374502,0.38417670682730926,325835.008,20502955.501,0.015892099457763927,-1.2538762092590332,NA,NA,NA,NA,427392679.7332041,18,2,1,NA,NA,11.72,0.207,NA,NA,NA,NA,NA,24.41103347799507,19.873213775604896,NA,0,0,0,0,0,0,CMR_2018
CMR,2019,Sub-Saharan Africa,Cameroon,CM,,2026-04-08,1470.31785276187,43.3785132480415,NA,NA,2.58340602489154,NA,39667757527.6578,585.911013180369,2.45280214062732,Yaounde,11.5174,3.8721,Lower middle income,Blend,7.293913776635498,NA,60.9,2.1,20.6,6.908139357429719,4.075823754789272,115.73329798387097,2.158333333333333,258.5769230769231,3.375,14863.433333333332,15.387857142857143,0.1726,487574.26,10406018.23,0.046855026507098475,-1.2538762092590332,NA,NA,NA,NA,219967372.6663779,8,2,1,NA,NA,10.92,-0.068,NA,NA,NA,NA,NA,24.403804541734157,19.208989791802413,NA,0,0,0,0,0,0,CMR_2019
CMR,2020,Sub-Saharan Africa,Cameroon,CM,,2026-04-08,1434.51913723409,33.7388313623871,NA,NA,1.65595614712353,NA,40773241177.0505,575.586004510945,2.43760882182236,Yaounde,11.5174,3.8721,Lower middle income,Blend,7.269281830878797,NA,59,2.3,21.2,6.9041904,5.5483969465648855,117.7739632,0.37583333333333335,132821.28301886792,1.5749999999999995,17696.283333333333,29.251304347826085,0.5005577689243028,305452.14,7293269.08,0.04188137536809488,-1.2538762092590332,NA,NA,NA,NA,7302607.256659288,27,2,1,NA,NA,16.68,0.527,NA,NA,NA,NA,NA,24.431291849711396,15.803742137736586,NA,0,0,0,1,0,0,CMR_2020
CMR,2021,Sub-Saharan Africa,Cameroon,CM,,2026-04-08,1443.57600237663,36.7308347188558,NA,51.6548130092196,2.14061326900656,NA,45011937346.8384,554.530675033104,2.27185762503637,Yaounde,11.5174,3.8721,Lower middle income,Blend,7.27557113352849,NA,59.2,2.7,20.6,6.450814457831325,3.321717557251908,113.10509156626506,0.08,2171.269230769231,5.75,20538.24166666667,19.656150793650795,1.181394422310757,363804.88,10357800.93,0.03512375671811642,-1.2538762092590332,NA,NA,NA,NA,137912995.8960327,10,2,1,NA,NA,26.97,0.617,NA,NA,NA,NA,NA,24.53019356593411,18.742133587024597,NA,0,0,0,0,0,0,CMR_2021
CMR,2022,Sub-Saharan Africa,Cameroon,CM,,2026-04-08,1458.66180431693,41.2866025594679,NA,NA,2.08735032157122,NA,44347206072.5513,623.759700911182,6.24767713343861,Yaounde,11.5174,3.8721,Lower middle income,Blend,7.285960046990675,NA,58.4,2.8,19.8,6.7290124,4.403984674329502,120.6980116,1.6833333333333333,682.9807692307693,1.325,21607.55,25.6371484375,-0.035622489959839354,601684.204,6264345.1959999995,0.09604901792196831,NA,NA,NA,NA,NA,NA,NA,2,1,NA,NA,26.97,0,NA,NA,NA,NA,NA,24.515315546503416,NA,NA,0,0,0,0,1,0,CMR_2022
CMR,2023,Sub-Saharan Africa,Cameroon,CM,,2026-04-08,1468.17837007337,37.8903321242578,NA,NA,1.68299656289954,NA,48814501547.4313,606.569750165917,7.38281384280983,Yaounde,11.5174,3.8721,Lower middle income,Blend,7.292458591589228,NA,58.9,2.3,19.7,7.080916064257028,4.205076923076923,120.26631887550201,5.024166666666667,343.90384615384613,3.375,20869.600000000002,16.849027237354086,-0.62396,507135.92799999996,17756084.231000002,0.02856124815597581,NA,NA,NA,NA,NA,NA,NA,2,1,NA,NA,44.87,0.664,NA,NA,NA,NA,NA,24.61129326853906,NA,NA,0,0,0,0,0,1,CMR_2023
CMR,2024,Sub-Saharan Africa,Cameroon,CM,,2026-04-08,1480.73097431993,34.4031785915423,NA,60.8737908565624,1.66655391243674,NA,53296694320.2057,606.345297609062,4.53331349711606,Yaounde,11.5174,3.8721,Lower middle income,Blend,7.300966260578718,NA,58,2.2,20,7.195725498007969,3.1492015209125475,122.89302988047808,5.1433333333333335,198.34615384615384,2.4,21133.908333333333,15.550656370656371,-0.1644,NA,NA,NA,NA,NA,NA,NA,NA,NA,NA,NA,NA,NA,NA,60.92,0.357,NA,NA,NA,NA,NA,24.699140145954832,NA,NA,0,0,0,0,0,1,CMR_2024
CMR,2025,Sub-Saharan Africa,Cameroon,CM,,2026-04-08,NA,NA,NA,NA,NA,NA,NA,NA,NA,Yaounde,11.5174,3.8721,Lower middle income,Blend,NA,NA,NA,NA,NA,7.1875432,3.0473946360153255,122.7202868,4.2125,115.9245283018868,2.025,21967.716666666667,18.926666666666666,0.4818875502008032,NA,NA,NA,NA,NA,NA,NA,NA,NA,NA,NA,NA,NA,NA,115,0.888,NA,NA,NA,NA,NA,NA,NA,NA,0,0,0,0,0,1,CMR_2025
CIV,2015,Sub-Saharan Africa,Cote d'Ivoire,CI,,2026-04-08,1814.71855088017,52.7153604615931,NA,NA,1.07914154751206,NA,45815005169.2651,591.21169798261,1.25149954781467,Yamoussoukro,-4.0305,5.332,Lower middle income,Blend,7.504236564154632,NA,65.7,NA,20.5,6.282743426294821,5.365538461538462,108.16961726907631,0.1325,207.1153846153846,2.1,12074.325,16.674126984126985,1.4515139442231075,1030797.9720000001,17379849.511,0.05930994807219652,-1.2538762092590332,NA,NA,NA,NA,913089220.543491,6,1,0,NA,NA,4.68,NA,NA,NA,NA,NA,NA,24.547877498214504,20.63234415727146,NA,0,0,0,0,0,0,CIV_2015
CIV,2016,Sub-Saharan Africa,Cote d'Ivoire,CI,,2026-04-08,1889.27777949938,47.5663138935656,NA,NA,1.19375800859004,NA,48407761036.8238,592.605615063022,0.723178457513308,Yamoussoukro,-4.0305,5.332,Lower middle income,Blend,7.544479070534269,NA,65.3,1.1,19.9,6.640016334661355,5.972480916030534,113.06646008064516,0.395,891.7692307692307,2.175,12892.066666666666,15.82563492063492,1.00324,1624477.21,16863531.778,0.0963307823880213,-1.2538762092590332,NA,NA,NA,NA,108648205.21020979,7,1,0,NA,NA,6.91,0.477,NA,NA,NA,NA,NA,24.60292598983514,18.503625754730237,NA,0,0,0,0,0,0,CIV_2016
CIV,2017,Sub-Saharan Africa,Cote d'Ivoire,CI,,2026-04-08,1972.81431788947,48.6596050387177,NA,41.3309551965021,1.85673486381973,NA,52512343996.69,580.656749587858,0.685881065304603,Yamoussoukro,-4.0305,5.332,Lower middle income,Blend,7.587723151683362,NA,63.8,1.2,20.1,6.756870281124498,3.7646153846153845,112.81009919678715,1.0016666666666667,771.5192307692307,3.025,13621.366666666667,11.0902390438247,0.93028,1638424.341,17616747.864,0.09300379125866565,-1.2538762092590332,NA,NA,NA,NA,213689571.9479146,10,1,0,NA,NA,9.71,0.405,NA,NA,NA,NA,NA,24.684314102672253,19.180034926155184,NA,0,0,0,0,0,0,CIV_2017
CIV,2018,Sub-Saharan Africa,Cote d'Ivoire,CI,,2026-04-08,2013.32307598499,46.040028237159,NA,NA,1.05998699614336,NA,58522477786.688904,555.446458398226,0.401297817263547,Yamoussoukro,-4.0305,5.332,Lower middle income,Blend,7.60803847550027,NA,61.9,1.9,20.7,6.6090429718875505,3.626015325670498,112.00375403225806,1.8316666666666666,750.7115384615385,2.125,14141.441666666666,16.6398406374502,0.38417670682730926,1001175.1549999999,13266469.041000001,0.07546658812573788,-1.2538762092590332,NA,NA,NA,NA,1377755057.8626704,33,1,0,NA,NA,11.72,0.207,NA,NA,NA,NA,NA,24.792676753071582,21.04372124255007,NA,0,0,0,0,0,0,CIV_2018
CIV,2019,Sub-Saharan Africa,Cote d'Ivoire,CI,,2026-04-08,2093.09994335779,44.6604105830795,NA,NA,1.40583048179048,NA,60382894697.3557,585.911013180369,0.79085551205366,Yamoussoukro,-4.0305,5.332,Lower middle income,Blend,7.646879118733632,NA,60.9,2.1,20.6,6.908139357429719,4.075823754789272,115.73329798387097,2.158333333333333,258.5769230769231,3.375,14863.433333333332,15.387857142857143,0.1726,1023445.418,17404365.59,0.05880394850979454,-1.2538762092590332,NA,NA,NA,NA,1425403639.0511577,23,1,0,NA,NA,10.92,-0.068,NA,NA,NA,NA,NA,24.823971701420035,21.07772086673382,NA,0,0,0,0,0,0,CIV_2019
CIV,2020,Sub-Saharan Africa,Cote d'Ivoire,CI,,2026-04-08,2055.08483996432,41.9426318190526,NA,NA,1.13111245703154,NA,63027852805.4204,575.586004510945,2.41252617189052,Yamoussoukro,-4.0305,5.332,Lower middle income,Blend,7.628558890297782,NA,59,2.3,21.2,6.9041904,5.5483969465648855,117.7739632,0.37583333333333335,132821.28301886792,1.5749999999999995,17696.283333333333,29.251304347826085,0.5005577689243028,881856.1900000001,17241987.45,0.05114585499828792,-1.2538762092590332,NA,NA,NA,NA,1182306820.7017927,24,1,0,NA,NA,16.68,0.527,NA,NA,NA,NA,NA,24.8668425736754,20.890733300673578,NA,0,0,0,1,0,0,CIV_2020
CIV,2021,Sub-Saharan Africa,Cote d'Ivoire,CI,,2026-04-08,2146.47635317946,45.1140327762435,NA,50.7622911401206,1.91282655892028,NA,72794636653.7793,554.530675033104,4.15919657911797,Yamoussoukro,-4.0305,5.332,Lower middle income,Blend,7.672048642472737,NA,59.2,2.7,20.6,6.450814457831325,3.321717557251908,113.10509156626506,0.08,2171.269230769231,5.75,20538.24166666667,19.656150793650795,1.181394422310757,1008212.8589999999,19076283.044,0.0528516407873865,-1.2538762092590332,NA,NA,NA,NA,86347854.73675,6,1,0,NA,NA,26.97,0.617,NA,NA,NA,NA,NA,25.010908117110652,18.27389453001644,NA,0,0,0,0,0,0,CIV_2021
CIV,2022,Sub-Saharan Africa,Cote d'Ivoire,CI,,2026-04-08,2227.09845246984,52.8663910413483,NA,NA,2.2547265327193,NA,70922824813.9102,623.759700911182,5.23352856100842,Yamoussoukro,-4.0305,5.332,Lower middle income,Blend,7.708903788791636,NA,58.4,2.8,19.8,6.7290124,4.403984674329502,120.6980116,1.6833333333333333,682.9807692307693,1.325,21607.55,25.6371484375,-0.035622489959839354,1356754.504,24221224.965,0.05601510683132371,NA,NA,NA,NA,NA,NA,NA,1,0,NA,NA,26.97,0,NA,NA,NA,NA,NA,24.984858148364687,NA,NA,0,0,0,0,1,0,CIV_2022
CIV,2023,Sub-Saharan Africa,Cote d'Ivoire,CI,,2026-04-08,2315.38147441648,48.8170039103332,NA,NA,3.07641433618414,NA,80780312569.1646,606.569750165917,4.36972254867474,Yamoussoukro,-4.0305,5.332,Lower middle income,Blend,7.747761537744313,NA,58.9,2.3,19.7,7.080916064257028,4.205076923076923,120.26631887550201,5.024166666666667,343.90384615384613,3.375,20869.600000000002,16.849027237354086,-0.62396,925813.714,28472370.735,0.03251621449498522,NA,NA,NA,NA,NA,NA,NA,1,0,NA,NA,44.87,0.664,NA,NA,NA,NA,NA,25.114999116474596,NA,NA,0,0,0,0,0,1,CIV_2023
CIV,2024,Sub-Saharan Africa,Cote d'Ivoire,CI,,2026-04-08,2395.67689089222,51.2640379409119,NA,57.5676269730853,3.58346670744132,NA,87113179149.284,606.345297609062,3.45053028131018,Yamoussoukro,-4.0305,5.332,Lower middle income,Blend,7.78183842805689,NA,58,2.2,20,7.195725498007969,3.1492015209125475,122.89302988047808,5.1433333333333335,198.34615384615384,2.4,21133.908333333333,15.550656370656371,-0.1644,NA,NA,NA,NA,NA,NA,NA,NA,NA,NA,NA,NA,NA,NA,60.92,0.357,NA,NA,NA,NA,NA,25.190474019924412,NA,NA,0,0,0,0,0,1,CIV_2024
CIV,2025,Sub-Saharan Africa,Cote d'Ivoire,CI,,2026-04-08,NA,NA,NA,NA,NA,NA,NA,NA,NA,Yamoussoukro,-4.0305,5.332,Lower middle income,Blend,NA,NA,NA,NA,NA,7.1875432,3.0473946360153255,122.7202868,4.2125,115.9245283018868,2.025,21967.716666666667,18.926666666666666,0.4818875502008032,NA,NA,NA,NA,NA,NA,NA,NA,NA,NA,NA,NA,NA,NA,115,0.888,NA,NA,NA,NA,NA,NA,NA,NA,0,0,0,0,0,1,CIV_2025
ZMB,2015,Sub-Saharan Africa,Zambia,ZM,,2026-04-08,1295.87788680068,79.8652687573958,NA,NA,7.44741668984243,49.4073473457883,21251216798.7762,8.63166666666667,10.1105928909618,Lusaka,28.2937,-15.3982,Lower middle income,IDA,7.167715029383375,NA,65.7,NA,20.5,6.282743426294821,5.365538461538462,108.16961726907631,0.1325,207.1153846153846,2.1,12074.325,16.674126984126985,1.4515139442231075,1071890.43,13283932.666,0.08069074550065172,2.2808303833007812,NA,NA,NA,NA,1522342334.4697464,18,1,0,NA,NA,4.68,NA,NA,0.14498964461695366,NA,NA,NA,23.779679991843416,21.14351599584429,NA,0,0,0,0,0,0,ZMB_2015
ZMB,2016,Sub-Saharan Africa,Zambia,ZM,,2026-04-08,1303.57513869133,73.958561254616,NA,NA,3.16251974813899,46.4328935811391,20958412538.3093,10.3075,17.8697300795268,Lusaka,28.2937,-15.3982,Lower middle income,IDA,7.173632702528055,NA,65.3,1.1,19.9,6.640016334661355,5.972480916030534,113.06646008064516,0.395,891.7692307692307,2.175,12892.066666666666,15.82563492063492,1.00324,481858.85099999997,18301736.854000002,0.026328585906571243,2.2808303833007812,NA,NA,NA,NA,2917745785.3852687,27,2,1,NA,NA,6.91,0.477,NA,0.29982187590507203,NA,NA,NA,23.76580595590264,21.79407716412418,NA,0,0,0,0,0,0,ZMB_2016
ZMB,2017,Sub-Saharan Africa,Zambia,ZM,,2026-04-08,1308.76829240086,71.5856946542566,NA,45.8632574748937,4.28050117059574,52.2809418398754,25873601260.8353,9.5175,6.57731154205644,Lusaka,28.2937,-15.3982,Lower middle income,IDA,7.17760552452091,NA,63.8,1.2,20.1,6.756870281124498,3.7646153846153845,112.81009919678715,1.0016666666666667,771.5192307692307,3.025,13621.366666666667,11.0902390438247,0.93028,394523.147,15803797.909,0.02496381877772087,2.2808303833007812,NA,NA,NA,NA,3142622977.9363017,27,2,1,NA,NA,9.71,0.405,NA,0.23232288805782839,NA,NA,NA,23.97648902955717,21.868323631771567,NA,0,0,0,0,0,0,ZMB_2017
ZMB,2018,Sub-Saharan Africa,Zambia,ZM,,2026-04-08,1321.25045711573,74.8883695274665,NA,NA,1.55231886738395,59.7122211727371,26311507273.6735,10.4583333333333,7.4945719272852,Lusaka,28.2937,-15.3982,Lower middle income,IDA,7.187090455656546,NA,61.9,1.9,20.7,6.6090429718875505,3.626015325670498,112.00375403225806,1.8316666666666666,750.7115384615385,2.125,14141.441666666666,16.6398406374502,0.38417670682730926,536190.009,31569415.816999998,0.016984476751428005,2.2808303833007812,NA,NA,NA,NA,4049321257.0341663,30,2,1,NA,NA,11.72,0.207,NA,0.2577349289226577,NA,NA,NA,23.99327221939884,22.121815113411134,NA,0,0,0,0,0,0,ZMB_2018
ZMB,2019,Sub-Saharan Africa,Zambia,ZM,,2026-04-08,1301.18132976178,68.791204936096,NA,NA,2.3509190433173,61.9301173816653,23308667781.2258,12.89,9.15031644316296,Lusaka,28.2937,-15.3982,Lower middle income,IDA,7.171796083241663,NA,60.9,2.1,20.6,6.908139357429719,4.075823754789272,115.73329798387097,2.158333333333333,258.5769230769231,3.375,14863.433333333332,15.387857142857143,0.1726,759302.13,11015656.301,0.06892935920042009,2.2808303833007812,NA,NA,NA,NA,280991356.27441126,16,2,1,NA,NA,10.92,-0.068,NA,0.01946586044238501,NA,NA,NA,23.872091136161163,19.453834469794447,NA,0,0,0,0,0,0,ZMB_2019
ZMB,2020,Sub-Saharan Africa,Zambia,ZM,,2026-04-08,1228.73500113195,79.2068494095955,NA,NA,1.35190577412928,103.54315235027,18137764930.651,18.3440926453379,15.7330604721369,Lusaka,28.2937,-15.3982,Lower middle income,IDA,7.114553978920402,NA,59,2.3,21.2,6.9041904,5.5483969465648855,117.7739632,0.37583333333333335,132821.28301886792,1.5749999999999995,17696.283333333333,29.251304347826085,0.5005577689243028,831440.263,13538214.298,0.06141432279756634,2.2808303833007812,NA,NA,NA,NA,227328337.73452586,7,3,1,NA,NA,16.68,0.527,NA,0.012104543747859369,NA,NA,NA,23.621262061895028,19.241905956522288,NA,0,0,0,1,0,0,ZMB_2020
ZMB,2021,Sub-Saharan Africa,Zambia,ZM,,2026-04-08,1269.10821808895,86.2085111934645,NA,48.521887299618,1.78407846118257,71.4111761686383,22096416932.0089,20.0184865859688,22.0207676245777,Lusaka,28.2937,-15.3982,Lower middle income,IDA,7.1468573869160394,NA,59.2,2.7,20.6,6.450814457831325,3.321717557251908,113.10509156626506,0.08,2171.269230769231,5.75,20538.24166666667,19.656150793650795,1.181394422310757,1231365.41,15010076.565000001,0.08203591798267418,2.2808303833007812,NA,NA,NA,NA,46173289.1472868,10,3,1,NA,NA,26.97,0.617,NA,0.0029261916755392654,NA,NA,NA,23.818681302597568,17.64791205352718,NA,0,0,0,0,0,0,ZMB_2021
ZMB,2022,Sub-Saharan Africa,Zambia,ZM,,2026-04-08,1298.8480495593,69.2973154193203,NA,NA,-0.223286755156161,NA,29163782140.4858,16.9375943252989,10.9932039209136,Lusaka,28.2937,-15.3982,Lower middle income,IDA,7.170002651663665,NA,58.4,2.8,19.8,6.7290124,4.403984674329502,120.6980116,1.6833333333333333,682.9807692307693,1.325,21607.55,25.6371484375,-0.035622489959839354,963585.542,15455320.321,0.06234652676144945,NA,NA,NA,NA,NA,NA,NA,2,1,NA,NA,26.97,0,NA,NA,NA,NA,NA,24.09619343874494,NA,NA,0,0,0,0,1,0,ZMB_2022
ZMB,2023,Sub-Saharan Africa,Zambia,ZM,,2026-04-08,1330.85998216751,78.2418870451485,NA,NA,2.32465335614826,NA,27577956471.244,20.212017866195,10.884531691282,Lusaka,28.2937,-15.3982,Lower middle income,IDA,7.1943317270821385,NA,58.9,2.3,19.7,7.080916064257028,4.205076923076923,120.26631887550201,5.024166666666667,343.90384615384613,3.375,20869.600000000002,16.849027237354086,-0.62396,1159013.3,17898854.489,0.06475349027013368,NA,NA,NA,NA,NA,NA,NA,2,1,NA,NA,44.87,0.664,NA,NA,NA,NA,NA,24.040282612014,NA,NA,0,0,0,0,0,1,ZMB_2023
ZMB,2024,Sub-Saharan Africa,Zambia,ZM,,2026-04-08,1343.38966380353,62.5348874064443,NA,72.7024245599811,9.32437789659637,NA,25303185342.2511,26.1664187812257,14.9856262747939,Lusaka,28.2937,-15.3982,Lower middle income,IDA,7.203695407487216,NA,58,2.2,20,7.195725498007969,3.1492015209125475,122.89302988047808,5.1433333333333335,198.34615384615384,2.4,21133.908333333333,15.550656370656371,-0.1644,NA,NA,NA,NA,NA,NA,NA,NA,NA,NA,NA,NA,NA,NA,60.92,0.357,NA,NA,NA,NA,NA,23.954196127650082,NA,NA,0,0,0,0,0,1,ZMB_2024
ZMB,2025,Sub-Saharan Africa,Zambia,ZM,,2026-04-08,NA,NA,NA,NA,NA,NA,NA,NA,NA,Lusaka,28.2937,-15.3982,Lower middle income,IDA,NA,NA,NA,NA,NA,7.1875432,3.0473946360153255,122.7202868,4.2125,115.9245283018868,2.025,21967.716666666667,18.926666666666666,0.4818875502008032,NA,NA,NA,NA,NA,NA,NA,NA,NA,NA,NA,NA,NA,NA,115,0.888,NA,NA,NA,NA,NA,NA,NA,NA,0,0,0,0,0,1,ZMB_2025
LKA,2015,South Asia,Sri Lanka,LK,,2026-04-08,4057.7158346231,46.9179708088816,NA,NA,0.798746315198801,73.5126591624451,85090301052.0465,135.856912797089,3.76836783062096,Colombo,79.8528,6.92148,Lower middle income,IDA,8.308621905672505,NA,65.7,NA,20.5,6.282743426294821,5.365538461538462,108.16961726907631,0.1325,207.1153846153846,2.1,12074.325,16.674126984126985,1.4515139442231075,7228900,59918813,0.12064491330961447,-1.2538762092590332,NA,NA,NA,NA,8033253.53847551,7,1,0,NA,NA,4.68,NA,NA,1.2842491326453756e-4,NA,NA,NA,25.16697889485599,15.899100301256144,NA,0,0,0,0,0,0,LKA_2015
LKA,2016,South Asia,Sri Lanka,LK,,2026-04-08,4214.74117992085,46.4715370252187,NA,NA,1.01937184461335,NA,88000211171.5956,145.581667492026,3.9588884659307,Colombo,79.8528,6.92148,Lower middle income,IDA,8.34658069837491,NA,65.3,1.1,19.9,6.640016334661355,5.972480916030534,113.06646008064516,0.395,891.7692307692307,2.175,12892.066666666666,15.82563492063492,1.00324,7059576,77289012,0.09133996951597725,-1.2538762092590332,NA,NA,NA,NA,2490407670.839208,26,1,0,NA,NA,6.91,0.477,NA,NA,NA,NA,NA,25.200605051110326,21.63571225765198,NA,0,0,0,0,0,0,LKA_2016
LKA,2017,South Asia,Sri Lanka,LK,,2026-04-08,4436.00789945768,47.1404098004644,NA,73.6464607816492,1.45462805347273,NA,94369350285.5814,152.446413948767,7.70413767850602,Colombo,79.8528,6.92148,Lower middle income,IDA,8.397735531737405,NA,63.8,1.2,20.1,6.756870281124498,3.7646153846153845,112.81009919678715,1.0016666666666667,771.5192307692307,3.025,13621.366666666667,11.0902390438247,0.93028,7760935.257,72321868.482,0.10731104463833922,-1.2538762092590332,NA,NA,NA,NA,2632989559.55302,19,1,0,NA,NA,9.71,0.405,NA,NA,NA,NA,NA,25.270482178210603,21.69138575260389,NA,0,0,0,0,0,0,LKA_2017
LKA,2018,South Asia,Sri Lanka,LK,,2026-04-08,4493.03575444544,49.8093967521361,NA,NA,1.70888696252001,NA,94450015982.8405,162.464858736778,2.135037737132,Colombo,79.8528,6.92148,Lower middle income,IDA,8.410506408754,NA,61.9,1.9,20.7,6.6090429718875505,3.626015325670498,112.00375403225806,1.8316666666666666,750.7115384615385,2.125,14141.441666666666,16.6398406374502,0.38417670682730926,NA,NA,NA,-1.2538762092590332,NA,NA,NA,NA,2558765220.368596,17,2,1,NA,NA,11.72,0.207,NA,NA,NA,NA,NA,25.271336600124624,21.66279064367385,NA,0,0,0,0,0,0,LKA_2018
LKA,2019,South Asia,Sri Lanka,LK,,2026-04-08,4455.78189608267,49.42552388546,NA,NA,0.835367459152173,NA,88998706296.5783,178.744925045848,3.52839358231811,Colombo,79.8528,6.92148,Lower middle income,IDA,8.402182236609564,NA,60.9,2.1,20.6,6.908139357429719,4.075823754789272,115.73329798387097,2.158333333333333,258.5769230769231,3.375,14863.433333333332,15.387857142857143,0.1726,5266908.146,64577083.96,0.0815600182452091,-1.2538762092590332,NA,NA,NA,NA,2782205526.252514,19,2,1,NA,NA,10.92,-0.068,NA,NA,NA,NA,NA,25.211887670590635,21.74650980523593,NA,0,0,0,0,0,0,LKA_2019
LKA,2020,South Asia,Sri Lanka,LK,,2026-04-08,4227.23315306594,37.089118857292,NA,NA,0.514700552667608,NA,84335574581.5072,185.592557772213,6.15394508391738,Colombo,79.8528,6.92148,Lower middle income,IDA,8.349539490471104,NA,59,2.3,21.2,6.9041904,5.5483969465648855,117.7739632,0.37583333333333335,132821.28301886792,1.5749999999999995,17696.283333333333,29.251304347826085,0.5005577689243028,5763892.924,64981537.485,0.08870047011938594,-1.2538762092590332,NA,NA,NA,NA,1008435089.534274,52,2,1,NA,NA,16.68,0.527,NA,NA,NA,NA,NA,25.158069612729843,20.731665550901745,NA,0,0,0,1,0,0,LKA_2020
LKA,2021,South Asia,Sri Lanka,LK,,2026-04-08,4357.97225779491,41.2288463291999,NA,89.2707132323262,0.66882570941316,NA,88556698937.7033,198.764316844656,7.01478071238195,Colombo,79.8528,6.92148,Lower middle income,IDA,8.379991587867352,NA,59.2,2.7,20.6,6.450814457831325,3.321717557251908,113.10509156626506,0.08,2171.269230769231,5.75,20538.24166666667,19.656150793650795,1.181394422310757,6301718.137,100474443.345,0.06271961234322776,-1.2538762092590332,NA,NA,NA,NA,2489516599.300105,23,2,1,NA,NA,26.97,0.617,NA,NA,NA,NA,NA,25.20690884979551,21.63535439215045,NA,0,0,0,0,0,0,LKA_2021
LKA,2022,South Asia,Sri Lanka,LK,,2026-04-08,4033.14561476298,46.6826080196819,NA,NA,1.19249322228342,NA,74143020262.8076,322.632674256475,49.7211021114327,Colombo,79.8528,6.92148,Lower middle income,IDA,8.302549814730053,NA,58.4,2.8,19.8,6.7290124,4.403984674329502,120.6980116,1.6833333333333333,682.9807692307693,1.325,21607.55,25.6371484375,-0.035622489959839354,5216304.828,112066187.794,0.046546642932019856,NA,NA,NA,NA,NA,NA,NA,3,1,NA,NA,26.97,0,NA,NA,NA,NA,NA,25.02926177114446,NA,NA,0,0,0,0,1,0,LKA_2022
LKA,2023,South Asia,Sri Lanka,LK,,2026-04-08,3964.91987394354,43.5362302960951,NA,NA,0.851705946554554,NA,83716142582.1945,327.506533333333,16.5411742279832,Colombo,79.8528,6.92148,Lower middle income,IDA,8.285493105633984,NA,58.9,2.3,19.7,7.080916064257028,4.205076923076923,120.26631887550201,5.024166666666667,343.90384615384613,3.375,20869.600000000002,16.849027237354086,-0.62396,3300515.2369999997,77667730.003,0.04249532253450067,NA,NA,NA,NA,NA,NA,NA,3,1,NA,NA,44.87,0.664,NA,NA,NA,NA,NA,25.150697658250035,NA,NA,0,0,0,0,0,1,LKA_2023
LKA,2024,South Asia,Sri Lanka,LK,,2026-04-08,4186.4986638365,42.3975008711047,NA,81.6921293527248,0.769118881748846,NA,98963185509.6499,NA,-0.42936004906973,Colombo,79.8528,6.92148,Lower middle income,IDA,8.33985885704945,NA,58,2.2,20,7.195725498007969,3.1492015209125475,122.89302988047808,5.1433333333333335,198.34615384615384,2.4,21133.908333333333,15.550656370656371,-0.1644,NA,NA,NA,NA,NA,NA,NA,NA,NA,NA,NA,NA,NA,NA,60.92,0.357,NA,NA,NA,NA,NA,25.318013754393824,NA,NA,0,0,0,0,0,1,LKA_2024
LKA,2025,South Asia,Sri Lanka,LK,,2026-04-08,NA,NA,NA,NA,NA,NA,NA,NA,NA,Colombo,79.8528,6.92148,Lower middle income,IDA,NA,NA,NA,NA,NA,7.1875432,3.0473946360153255,122.7202868,4.2125,115.9245283018868,2.025,21967.716666666667,18.926666666666666,0.4818875502008032,NA,NA,NA,NA,NA,NA,NA,NA,NA,NA,NA,NA,NA,NA,115,0.888,NA,NA,NA,NA,NA,NA,NA,NA,0,0,0,0,0,1,LKA_2025
ECU,2015,Latin America & Caribbean,Ecuador,EC,,2026-04-08,5976.1596805651,47.8280397077826,NA,NA,1.36067004574537,NA,97209558000,1,3.96664623255357,Quito,-78.5243,-0.229498,Upper middle income,IBRD,8.695700764305622,NA,65.7,NA,20.5,6.282743426294821,5.365538461538462,108.16961726907631,0.1325,207.1153846153846,2.1,12074.325,16.674126984126985,1.4515139442231075,27875959,109643058,0.25424280851415143,1.0219684839248657,NA,NA,NA,NA,6377876428.697373,15,NA,NA,NA,NA,4.68,NA,NA,NA,NA,NA,NA,25.30013487692202,22.5761010308871,NA,0,0,0,0,0,0,ECU_2015
ECU,2016,Latin America & Caribbean,Ecuador,EC,,2026-04-08,5849.13587933672,40.5344917996647,NA,NA,0.78469808886928,NA,97671433000,1,1.72826463324532,Quito,-78.5243,-0.229498,Upper middle income,IBRD,8.6742201671932,NA,65.3,1.1,19.9,6.640016334661355,5.972480916030534,113.06646008064516,0.395,891.7692307692307,2.175,12892.066666666666,15.82563492063492,1.00324,19728347,98089083,0.2011268369182328,1.0219684839248657,NA,NA,NA,NA,4150312030.819627,17,NA,NA,NA,NA,6.91,0.477,NA,NA,NA,NA,NA,25.304874958162607,22.146449356752786,NA,0,0,0,0,0,0,ECU_2016
ECU,2017,Latin America & Caribbean,Ecuador,EC,,2026-04-08,6104.27253521751,43.6177233172817,NA,51.2460171775344,0.605279629548276,NA,104467486000,1,0.417335588666824,Quito,-78.5243,-0.229498,Upper middle income,IBRD,8.716908026861681,NA,63.8,1.2,20.1,6.756870281124498,3.7646153846153845,112.81009919678715,1.0016666666666667,771.5192307692307,3.025,13621.366666666667,11.0902390438247,0.93028,20164544.85,96405509.76,0.209163821655,1.0219684839248657,NA,NA,NA,NA,602817496.2575437,8,NA,NA,NA,NA,9.71,0.405,NA,NA,NA,NA,NA,25.372141721191163,20.21712505093361,NA,0,0,0,0,0,0,ECU_2017
ECU,2018,Latin America & Caribbean,Ecuador,EC,,2026-04-08,6063.0956178776,48.0093476154836,NA,NA,1.29342873266166,NA,107478961000,1,-0.224103246005552,Quito,-78.5243,-0.229498,Upper middle income,IBRD,8.710140695317548,NA,61.9,1.9,20.7,6.6090429718875505,3.626015325670498,112.00375403225806,1.8316666666666666,750.7115384615385,2.125,14141.441666666666,16.6398406374502,0.38417670682730926,29962651.529000003,132364606.378,0.2263645271110784,1.0219684839248657,NA,NA,NA,NA,1160734041.3088036,13,NA,NA,NA,NA,11.72,0.207,NA,NA,NA,NA,NA,25.400560953741508,20.87231843702809,NA,0,0,0,0,0,0,ECU_2018
ECU,2019,Latin America & Caribbean,Ecuador,EC,,2026-04-08,5971.38938386723,48.0828494933307,NA,NA,0.915058228783613,NA,107595830000,1,0.266012515466155,Quito,-78.5243,-0.229498,Upper middle income,IBRD,8.694902358118819,NA,60.9,2.1,20.6,6.908139357429719,4.075823754789272,115.73329798387097,2.158333333333333,258.5769230769231,3.375,14863.433333333332,15.387857142857143,0.1726,26546739.132,107633131.075,0.24664096330619542,1.0219684839248657,NA,NA,NA,NA,230362592.77089995,13,NA,NA,NA,NA,10.92,-0.068,NA,NA,NA,NA,NA,25.401647729285568,19.255165120180354,NA,0,0,0,0,0,0,ECU_2019
ECU,2020,Latin America & Caribbean,Ecuador,EC,,2026-04-08,5355.68934196443,43.9893109378389,NA,NA,1.16754746598289,NA,95865473000,1,-0.338872392562139,Quito,-78.5243,-0.229498,Upper middle income,IBRD,8.586101403153014,NA,59,2.3,21.2,6.9041904,5.5483969465648855,117.7739632,0.37583333333333335,132821.28301886792,1.5749999999999995,17696.283333333333,29.251304347826085,0.5005577689243028,22960075.448,93002677.21200001,0.24687542484032374,1.0219684839248657,NA,NA,NA,NA,61879197.231446855,50,NA,NA,NA,NA,16.68,0.527,NA,NA,NA,NA,NA,25.286211722736827,17.94069462675661,NA,0,0,0,1,0,0,ECU_2020
ECU,2021,Latin America & Caribbean,Ecuador,EC,,2026-04-08,5815.09477390949,53.261275610573,NA,64.1767160592829,0.607511454080008,NA,107179074000,1,0.133251386096389,Quito,-78.5243,-0.229498,Upper middle income,IBRD,8.668384314457047,NA,59.2,2.7,20.6,6.450814457831325,3.321717557251908,113.10509156626506,0.08,2171.269230769231,5.75,20538.24166666667,19.656150793650795,1.181394422310757,22492517.919999998,109984854.518,0.20450559323437478,1.0219684839248657,NA,NA,NA,NA,12607570,18,NA,NA,NA,NA,26.97,0.617,NA,NA,NA,NA,NA,25.397766861313542,16.34980806448567,NA,0,0,0,0,0,0,ECU_2021
ECU,2022,Latin America & Caribbean,Ecuador,EC,,2026-04-08,6107.49495006543,61.880792818786,NA,NA,0.759467924339618,NA,116133121000,1,3.46616972213076,Quito,-78.5243,-0.229498,Upper middle income,IBRD,8.717435696137613,NA,58.4,2.8,19.8,6.7290124,4.403984674329502,120.6980116,1.6833333333333333,682.9807692307693,1.325,21607.55,25.6371484375,-0.035622489959839354,25684316.4,127384524.2,0.2016282320109337,NA,NA,NA,NA,NA,NA,NA,NA,NA,NA,NA,26.97,0,NA,NA,NA,NA,NA,25.47800296490538,NA,NA,0,0,0,0,1,0,ECU_2022
ECU,2023,Latin America & Caribbean,Ecuador,EC,,2026-04-08,6174.81822806637,56.9977535649091,NA,NA,0.39702767894988,NA,121147057000,1,2.21568764237058,Quito,-78.5243,-0.229498,Upper middle income,IBRD,8.72839665928741,NA,58.9,2.3,19.7,7.080916064257028,4.205076923076923,120.26631887550201,5.024166666666667,343.90384615384613,3.375,20869.600000000002,16.849027237354086,-0.62396,24054208.5,132355247.5,0.18173974175070015,NA,NA,NA,NA,NA,NA,NA,NA,NA,NA,NA,44.87,0.664,NA,NA,NA,NA,NA,25.520270991722388,NA,NA,0,0,0,0,0,1,ECU_2023
ECU,2024,Latin America & Caribbean,Ecuador,EC,,2026-04-08,5999.39391066593,57.2031395531255,NA,64.5052103870577,0.355365031150455,NA,124676074700,1,1.54732515615369,Quito,-78.5243,-0.229498,Upper middle income,IBRD,8.699580397832863,NA,58,2.2,20,7.195725498007969,3.1492015209125475,122.89302988047808,5.1433333333333335,198.34615384615384,2.4,21133.908333333333,15.550656370656371,-0.1644,NA,NA,NA,NA,NA,NA,NA,NA,NA,NA,NA,NA,NA,NA,60.92,0.357,NA,NA,NA,NA,NA,25.548984808361496,NA,NA,0,0,0,0,0,1,ECU_2024
ECU,2025,Latin America & Caribbean,Ecuador,EC,,2026-04-08,NA,NA,NA,NA,NA,NA,NA,NA,NA,Quito,-78.5243,-0.229498,Upper middle income,IBRD,NA,NA,NA,NA,NA,7.1875432,3.0473946360153255,122.7202868,4.2125,115.9245283018868,2.025,21967.716666666667,18.926666666666666,0.4818875502008032,NA,NA,NA,NA,NA,NA,NA,NA,NA,NA,NA,NA,NA,NA,115,0.888,NA,NA,NA,NA,NA,NA,NA,NA,0,0,0,0,0,1,ECU_2025
BOL,2015,Latin America & Caribbean,Bolivia,BO,,2026-04-08,2996.01289811344,67.9328451905248,NA,NA,1.68072787961335,NA,33000198248.9146,6.91,4.05961041135644,La Paz,-66.1936,-13.9908,Lower middle income,IBRD,8.005371370982225,NA,65.7,NA,20.5,6.282743426294821,5.365538461538462,108.16961726907631,0.1325,207.1153846153846,2.1,12074.325,16.674126984126985,1.4515139442231075,4475108.58,56850222.98,0.07871752027383165,-0.05714153125882149,NA,NA,NA,NA,568040335.085969,11,NA,NA,NA,NA,4.68,NA,NA,NA,NA,NA,NA,24.219779405968016,20.157702988399894,NA,0,0,0,0,0,0,BOL_2015
BOL,2016,Latin America & Caribbean,Bolivia,BO,,2026-04-08,3077.57057564766,56.4010345026573,NA,NA,0.988080149462259,NA,33941126193.9219,6.91,3.62321431764138,La Paz,-66.1936,-13.9908,Lower middle income,IBRD,8.032220669424738,NA,65.3,1.1,19.9,6.640016334661355,5.972480916030534,113.06646008064516,0.395,891.7692307692307,2.175,12892.066666666666,15.82563492063492,1.00324,4073130.8400000003,26688192.65,0.1526192085547614,-0.05714153125882149,NA,NA,NA,NA,1945181866.5594175,11,NA,NA,NA,NA,6.91,0.477,NA,NA,NA,NA,NA,24.2478932781384,21.38862131481742,NA,0,0,0,0,0,0,BOL_2016
BOL,2017,Latin America & Caribbean,Bolivia,BO,,2026-04-08,3160.16421228968,45.5761123650708,NA,54.4050564930785,1.55130384811576,NA,45927439594.7902,6.91,2.8227580554717,La Paz,-66.1936,-13.9908,Lower middle income,IBRD,8.058695660341039,NA,63.8,1.2,20.1,6.756870281124498,3.7646153846153845,112.81009919678715,1.0016666666666667,771.5192307692307,3.025,13621.366666666667,11.0902390438247,0.93028,4556322.2299999995,26393446.13,0.17263081931620422,-0.05714153125882149,NA,NA,NA,NA,483292418.09166616,5,NA,NA,NA,NA,9.71,0.405,NA,NA,NA,NA,NA,24.550328587938623,19.996132450972585,NA,0,0,0,0,0,0,BOL_2017
BOL,2018,Latin America & Caribbean,Bolivia,BO,,2026-04-08,3204.53670819124,46.9261953417368,NA,NA,0.624547731622922,NA,48414038842.2576,6.91,2.27205987230154,La Paz,-66.1936,-13.9908,Lower middle income,IBRD,8.072634814989021,NA,61.9,1.9,20.7,6.6090429718875505,3.626015325670498,112.00375403225806,1.8316666666666666,750.7115384615385,2.125,14141.441666666666,16.6398406374502,0.38417670682730926,3205322.16,31322530.060000002,0.10233279859130255,-0.05714153125882149,NA,NA,NA,NA,90630585.4941009,8,NA,NA,NA,NA,11.72,0.207,NA,NA,NA,NA,NA,24.603055667355083,18.322302313312033,NA,0,0,0,0,0,0,BOL_2018
BOL,2019,Latin America & Caribbean,Bolivia,BO,,2026-04-08,3207.3869521223,45.8209732749024,NA,NA,-0.44160551411852,NA,49056643589.001404,6.91,1.83954504969025,La Paz,-66.1936,-13.9908,Lower middle income,IBRD,8.073523582698034,NA,60.9,2.1,20.6,6.908139357429719,4.075823754789272,115.73329798387097,2.158333333333333,258.5769230769231,3.375,14863.433333333332,15.387857142857143,0.1726,3808008.27,37645663.85,0.10115396782941842,-0.05714153125882149,NA,NA,NA,NA,0,6,NA,NA,NA,NA,10.92,-0.068,NA,NA,NA,NA,NA,24.61624145904587,0,NA,0,0,0,0,0,0,BOL_2019
BOL,2020,Latin America & Caribbean,Bolivia,BO,,2026-04-08,2765.0927177231,37.5164342446486,NA,NA,-2.66931283946252,NA,42313784081.042,6.91,0.940742153381849,La Paz,-66.1936,-13.9908,Lower middle income,IBRD,7.92519103217017,NA,59,2.3,21.2,6.9041904,5.5483969465648855,117.7739632,0.37583333333333335,132821.28301886792,1.5749999999999995,17696.283333333333,29.251304347826085,0.5005577689243028,2372042.77,24966931.53,0.09500738074880281,-0.05714153125882149,NA,NA,NA,NA,228229.84980917806,10,NA,NA,NA,NA,16.68,0.527,NA,NA,NA,NA,NA,24.46837873473992,12.33811289486809,NA,0,0,0,1,0,0,BOL_2020
BOL,2021,Latin America & Caribbean,Bolivia,BO,,2026-04-08,3011.55110807557,47.6670843158984,NA,68.8854460185439,1.21888494970059,NA,47877892402.3155,6.91,0.737383721452274,La Paz,-66.1936,-13.9908,Lower middle income,IBRD,8.01054254299129,NA,59.2,2.7,20.6,6.450814457831325,3.321717557251908,113.10509156626506,0.08,2171.269230769231,5.75,20538.24166666667,19.656150793650795,1.181394422310757,2179510.46,25257722.330000002,0.08629085518971258,-0.05714153125882149,NA,NA,NA,NA,73179500.5,20,NA,NA,NA,NA,26.97,0.617,NA,NA,NA,NA,NA,24.591919698357312,18.10842590556165,NA,0,0,0,0,0,0,BOL_2021
BOL,2022,Latin America & Caribbean,Bolivia,BO,,2026-04-08,3088.24126155241,57.5249335789631,NA,NA,0.0122391923945909,NA,50959081953.6903,6.91,1.74632872945968,La Paz,-66.1936,-13.9908,Lower middle income,IBRD,8.035680793317164,NA,58.4,2.8,19.8,6.7290124,4.403984674329502,120.6980116,1.6833333333333333,682.9807692307693,1.325,21607.55,25.6371484375,-0.035622489959839354,3436792,32908256,0.10443555562470402,NA,NA,NA,NA,NA,NA,NA,NA,NA,NA,NA,26.97,0,NA,NA,NA,NA,NA,24.654288833030197,NA,NA,0,0,0,0,1,0,BOL_2022
BOL,2023,Latin America & Caribbean,Bolivia,BO,,2026-04-08,3122.77049447823,49.6083255594597,NA,NA,0.458812480265399,NA,52340206946.4544,6.91,2.57688800489192,La Paz,-66.1936,-13.9908,Lower middle income,IBRD,8.046796042985017,NA,58.9,2.3,19.7,7.080916064257028,4.205076923076923,120.26631887550201,5.024166666666667,343.90384615384613,3.375,20869.600000000002,16.849027237354086,-0.62396,4992085,33125031,0.15070431179370067,NA,NA,NA,NA,NA,NA,NA,NA,NA,NA,NA,44.87,0.664,NA,NA,NA,NA,NA,24.68103068794687,NA,NA,0,0,0,0,0,1,BOL_2023
BOL,2024,Latin America & Caribbean,Bolivia,BO,,2026-04-08,3045.61476602385,46.9778716148403,NA,56.849052664469,0.652112801170427,NA,54881327452.9667,6.91,5.09976568317427,La Paz,-66.1936,-13.9908,Lower middle income,IBRD,8.021786340413055,NA,58,2.2,20,7.195725498007969,3.1492015209125475,122.89302988047808,5.1433333333333335,198.34615384615384,2.4,21133.908333333333,15.550656370656371,-0.1644,NA,NA,NA,NA,NA,NA,NA,NA,NA,NA,NA,NA,NA,NA,60.92,0.357,NA,NA,NA,NA,NA,24.72843900837265,NA,NA,0,0,0,0,0,1,BOL_2024
BOL,2025,Latin America & Caribbean,Bolivia,BO,,2026-04-08,NA,NA,NA,NA,NA,NA,NA,NA,NA,La Paz,-66.1936,-13.9908,Lower middle income,IBRD,NA,NA,NA,NA,NA,7.1875432,3.0473946360153255,122.7202868,4.2125,115.9245283018868,2.025,21967.716666666667,18.926666666666666,0.4818875502008032,NA,NA,NA,NA,NA,NA,NA,NA,NA,NA,NA,NA,NA,NA,115,0.888,NA,NA,NA,NA,NA,NA,NA,NA,0,0,0,0,0,1,BOL_2025
HND,2015,Latin America & Caribbean,Honduras,HN,,2026-04-08,2271.20265980349,107.26440535424,NA,NA,6.27594328427599,NA,20979791685.416,21.945175,3.15783117980923,Tegucigalpa,-87.4667,15.1333,Lower middle income,IDA,7.72850497472023,NA,65.7,NA,20.5,6.282743426294821,5.365538461538462,108.16961726907631,0.1325,207.1153846153846,2.1,12074.325,16.674126984126985,1.4515139442231075,3510232,20644692,0.17003072751097473,-1.2538762092590332,NA,NA,NA,NA,NA,NA,0,0,NA,NA,4.68,NA,NA,NA,NA,NA,NA,23.766825510714458,NA,NA,0,0,0,0,0,0,HND_2015
HND,2016,Latin America & Caribbean,Honduras,HN,,2026-04-08,2315.72983058198,99.8157169505924,NA,NA,5.28156973350556,NA,21717604952.1835,22.835018390426,2.72461223295289,Tegucigalpa,-87.4667,15.1333,Lower middle income,IDA,7.74791191451846,NA,65.3,1.1,19.9,6.640016334661355,5.972480916030534,113.06646008064516,0.395,891.7692307692307,2.175,12892.066666666666,15.82563492063492,1.00324,2838161,21719613,0.13067272423316198,-1.2538762092590332,NA,NA,NA,NA,7084827.0501508,1,0,0,NA,NA,6.91,0.477,NA,NA,NA,NA,NA,23.801389056741606,15.773466161250065,NA,0,0,0,0,0,0,HND_2016
HND,2017,Latin America & Caribbean,Honduras,HN,,2026-04-08,2383.37398439714,101.813111079622,NA,45.3429695987159,4.10592046689605,NA,23136247990.5977,23.4870839434552,3.93436084442044,Tegucigalpa,-87.4667,15.1333,Lower middle income,IDA,7.77669188853182,NA,63.8,1.2,20.1,6.756870281124498,3.7646153846153845,112.81009919678715,1.0016666666666667,771.5192307692307,3.025,13621.366666666667,11.0902390438247,0.93028,3207277.54,21342058,0.1502796749966662,-1.2538762092590332,NA,NA,NA,NA,4609352.62808389,1,0,0,NA,NA,9.71,0.405,NA,NA,NA,NA,NA,23.864666401727597,15.343598194314584,NA,0,0,0,0,0,0,HND_2017
HND,2018,Latin America & Caribbean,Honduras,HN,,2026-04-08,2430.13503657762,103.551162215452,NA,NA,5.99386120691106,NA,24067750760.499,23.9027282925432,4.34734937777528,Tegucigalpa,-87.4667,15.1333,Lower middle income,IDA,7.796113520522322,NA,61.9,1.9,20.7,6.6090429718875505,3.626015325670498,112.00375403225806,1.8316666666666666,750.7115384615385,2.125,14141.441666666666,16.6398406374502,0.38417670682730926,3190647.2399999998,18544664.62,0.17205203250529313,-1.2538762092590332,NA,NA,NA,NA,NA,NA,0,0,NA,NA,11.72,0.207,NA,NA,NA,NA,NA,23.904138638654214,NA,NA,0,0,0,0,0,0,HND_2018
HND,2019,Latin America & Caribbean,Honduras,HN,,2026-04-08,2447.61649282181,99.4599779937589,NA,NA,3.83846408231678,NA,24882225741.8119,24.5085389148926,4.36587159819267,Tegucigalpa,-87.4667,15.1333,Lower middle income,IDA,7.803278447230056,NA,60.9,2.1,20.6,6.908139357429719,4.075823754789272,115.73329798387097,2.158333333333333,258.5769230769231,3.375,14863.433333333332,15.387857142857143,0.1726,3464632.43,18953871.53,0.18279286237200743,-1.2538762092590332,NA,NA,NA,NA,NA,NA,0,0,NA,NA,10.92,-0.068,NA,NA,NA,NA,NA,23.937419559932394,NA,NA,0,0,0,0,0,0,HND_2019
HND,2020,Latin America & Caribbean,Honduras,HN,,2026-04-08,2189.43168668222,88.0008563836292,NA,NA,1.0106822391556,NA,23352232483.755,24.5818805172846,3.46841177951184,Tegucigalpa,-87.4667,15.1333,Lower middle income,IDA,7.691853920591996,NA,59,2.3,21.2,6.9041904,5.5483969465648855,117.7739632,0.37583333333333335,132821.28301886792,1.5749999999999995,17696.283333333333,29.251304347826085,0.5005577689243028,2632763.1,18346478.2,0.14350236984447512,-1.2538762092590332,NA,NA,NA,NA,35973319.8468981,1,0,0,NA,NA,16.68,0.527,NA,NA,NA,NA,NA,23.87395842611649,17.398288134093068,NA,0,0,0,1,0,0,HND_2020
HND,2021,Latin America & Caribbean,Honduras,HN,,2026-04-08,2423.76634916911,103.372643459918,NA,37.8497022494385,2.84361329738544,NA,28144331506.6149,24.0166553242681,4.48087963413445,Tegucigalpa,-87.4667,15.1333,Lower middle income,IDA,7.793490447871442,NA,59.2,2.7,20.6,6.450814457831325,3.321717557251908,113.10509156626506,0.08,2171.269230769231,5.75,20538.24166666667,19.656150793650795,1.181394422310757,2781546.53,22988187.98,0.12099894660770909,-1.2538762092590332,NA,NA,NA,NA,NA,NA,0,0,NA,NA,26.97,0.617,NA,NA,NA,NA,NA,24.060611803852304,NA,NA,0,0,0,0,0,0,HND_2021
HND,2022,Latin America & Caribbean,Honduras,HN,,2026-04-08,2482.22384904714,112.698524913966,NA,NA,2.41292398026651,NA,31426041806.7985,24.4858737291131,9.08963911525025,Tegucigalpa,-87.4667,15.1333,Lower middle income,IDA,7.817312934101583,NA,58.4,2.8,19.8,6.7290124,4.403984674329502,120.6980116,1.6833333333333333,682.9807692307693,1.325,21607.55,25.6371484375,-0.035622489959839354,NA,NA,NA,NA,NA,NA,NA,NA,NA,NA,0,0,NA,NA,26.97,0,NA,NA,NA,NA,NA,24.17090274307045,NA,NA,0,0,0,0,1,0,HND_2022
HND,2023,Latin America & Caribbean,Honduras,HN,,2026-04-08,2527.27366333188,98.7919798336365,NA,NA,3.16136364280263,NA,34355805527.9795,24.6016468236818,6.66325180347457,Tegucigalpa,-87.4667,15.1333,Lower middle income,IDA,7.835292002308095,NA,58.9,2.3,19.7,7.080916064257028,4.205076923076923,120.26631887550201,5.024166666666667,343.90384615384613,3.375,20869.600000000002,16.849027237354086,-0.62396,2283541.54,23110146.84,0.09881120859204372,NA,NA,NA,NA,NA,NA,NA,0,0,NA,NA,44.87,0.664,NA,NA,NA,NA,NA,24.260036852366895,NA,NA,0,0,0,0,0,1,HND_2023
HND,2024,Latin America & Caribbean,Honduras,HN,,2026-04-08,2573.37159995648,91.1101585856976,NA,42.4429707366343,3.52903749551745,NA,37093565854.0437,24.7992824415521,4.60621098127107,Tegucigalpa,-87.4667,15.1333,Lower middle income,IDA,7.853360744463658,NA,58,2.2,20,7.195725498007969,3.1492015209125475,122.89302988047808,5.1433333333333335,198.34615384615384,2.4,21133.908333333333,15.550656370656371,-0.1644,NA,NA,NA,NA,NA,NA,NA,NA,NA,NA,NA,NA,NA,NA,60.92,0.357,NA,NA,NA,NA,NA,24.33670936443181,NA,NA,0,0,0,0,0,1,HND_2024
HND,2025,Latin America & Caribbean,Honduras,HN,,2026-04-08,NA,NA,NA,NA,NA,NA,NA,NA,NA,Tegucigalpa,-87.4667,15.1333,Lower middle income,IDA,NA,NA,NA,NA,NA,7.1875432,3.0473946360153255,122.7202868,4.2125,115.9245283018868,2.025,21967.716666666667,18.926666666666666,0.4818875502008032,NA,NA,NA,NA,NA,NA,NA,NA,NA,NA,NA,NA,NA,NA,115,0.888,NA,NA,NA,NA,NA,NA,NA,NA,0,0,0,0,0,1,HND_2025
GTM,2015,Latin America & Caribbean,Guatemala,GT,,2026-04-08,3893.50533299068,49.8934517710689,NA,NA,1.93508794944894,NA,62186066547.6566,7.654815,2.3887203283955,Guatemala City,-90.5328,14.6248,Upper middle income,IBRD,8.267321949723728,NA,65.7,NA,20.5,6.282743426294821,5.365538461538462,108.16961726907631,0.1325,207.1153846153846,2.1,12074.325,16.674126984126985,1.4515139442231075,45192248,55815473,0.8096724003395976,2.2808303833007812,NA,NA,NA,NA,NA,NA,NA,NA,NA,NA,4.68,NA,NA,NA,NA,NA,NA,24.853396801125694,NA,NA,0,0,0,0,0,0,GTM_2015
GTM,2016,Latin America & Caribbean,Guatemala,GT,,2026-04-08,3924.77894837098,46.3727344722496,NA,NA,1.28045862124744,NA,66053408205.8838,7.59993708333333,4.44844199942827,Guatemala City,-90.5328,14.6248,Upper middle income,IBRD,8.275320068709977,NA,65.3,1.1,19.9,6.640016334661355,5.972480916030534,113.06646008064516,0.395,891.7692307692307,2.175,12892.066666666666,15.82563492063492,1.00324,44256230,54571706,0.8109739138446579,2.2808303833007812,NA,NA,NA,NA,NA,NA,NA,NA,NA,NA,6.91,0.477,NA,NA,NA,NA,NA,24.913729466990514,NA,NA,0,0,0,0,0,0,GTM_2016
GTM,2017,Latin America & Caribbean,Guatemala,GT,,2026-04-08,3972.74057836068,46.0694033463258,NA,44.1070072063726,1.39328931381397,NA,71653780740.4226,7.34793875,4.42453655182546,Guatemala City,-90.5328,14.6248,Upper middle income,IBRD,8.287463141252886,NA,63.8,1.2,20.1,6.756870281124498,3.7646153846153845,112.81009919678715,1.0016666666666667,771.5192307692307,3.025,13621.366666666667,11.0902390438247,0.93028,42628655,48721369,0.8749478078089308,2.2808303833007812,NA,NA,NA,NA,NA,NA,NA,NA,NA,NA,9.71,0.405,NA,NA,NA,NA,NA,24.9951117566313,NA,NA,0,0,0,0,0,0,GTM_2017
GTM,2018,Latin America & Caribbean,Guatemala,GT,,2026-04-08,4040.2121371198,47.0116852699223,NA,NA,1.25790065429015,NA,73328356007.6152,7.51916458333333,3.75186186704508,Guatemala City,-90.5328,14.6248,Upper middle income,IBRD,8.304299959894559,NA,61.9,1.9,20.7,6.6090429718875505,3.626015325670498,112.00375403225806,1.8316666666666666,750.7115384615385,2.125,14141.441666666666,16.6398406374502,0.38417670682730926,42775831,53776786,0.7954330145353052,2.2808303833007812,NA,NA,NA,NA,NA,NA,NA,NA,NA,NA,11.72,0.207,NA,NA,NA,NA,NA,25.01821321971742,NA,NA,0,0,0,0,0,0,GTM_2018
GTM,2019,Latin America & Caribbean,Guatemala,GT,,2026-04-08,4139.12203836307,45.5167341512863,NA,NA,1.51707073546928,NA,77172331693.4093,7.69669833333333,3.69998398008605,Guatemala City,-90.5328,14.6248,Upper middle income,IBRD,8.328480544250372,NA,60.9,2.1,20.6,6.908139357429719,4.075823754789272,115.73329798387097,2.158333333333333,258.5769230769231,3.375,14863.433333333332,15.387857142857143,0.1726,38351299,48117199,0.7970393081276406,2.2808303833007812,NA,NA,NA,NA,NA,NA,NA,NA,NA,NA,10.92,-0.068,NA,NA,NA,NA,NA,25.06930683199651,NA,NA,0,0,0,0,0,0,GTM_2019
GTM,2020,Latin America & Caribbean,Guatemala,GT,,2026-04-08,4005.83911593999,41.1407594507716,NA,NA,1.29230382378627,NA,77719468248.3666,7.72165,3.21444062197345,Guatemala City,-90.5328,14.6248,Upper middle income,IBRD,8.295757959078893,NA,59,2.3,21.2,6.9041904,5.5483969465648855,117.7739632,0.37583333333333335,132821.28301886792,1.5749999999999995,17696.283333333333,29.251304347826085,0.5005577689243028,41428729,53031504,0.7812097691968155,2.2808303833007812,NA,NA,NA,NA,NA,NA,NA,NA,NA,NA,16.68,0.527,NA,NA,NA,NA,NA,25.07637161955585,NA,NA,0,0,0,1,0,0,GTM_2020
GTM,2021,Latin America & Caribbean,Guatemala,GT,,2026-04-08,4268.62858565412,49.2611494576228,NA,NA,4.19448571319716,NA,86455522272.7383,7.73438833333333,4.26105127422813,Guatemala City,-90.5328,14.6248,Upper middle income,IBRD,8.359282120157085,NA,59.2,2.7,20.6,6.450814457831325,3.321717557251908,113.10509156626506,0.08,2171.269230769231,5.75,20538.24166666667,19.656150793650795,1.181394422310757,39703839,68285579,0.581438124732017,2.2808303833007812,NA,NA,NA,NA,NA,NA,NA,NA,NA,NA,26.97,0.617,NA,NA,NA,NA,NA,25.182895925274313,NA,NA,0,0,0,0,0,0,GTM_2021
GTM,2022,Latin America & Caribbean,Guatemala,GT,,2026-04-08,4385.14891178047,54.4310384820058,NA,36.9778818759536,1.51615526851124,NA,95641446500.6523,7.74824375,6.88512823344287,Guatemala City,-90.5328,14.6248,Upper middle income,IBRD,8.386206880015825,NA,58.4,2.8,19.8,6.7290124,4.403984674329502,120.6980116,1.6833333333333333,682.9807692307693,1.325,21607.55,25.6371484375,-0.035622489959839354,20862632,92744289,0.2249478887050393,NA,NA,NA,NA,NA,NA,NA,NA,NA,NA,NA,26.97,0,NA,NA,NA,NA,NA,25.283872103864365,NA,NA,0,0,0,0,1,0,GTM_2022
GTM,2023,Latin America & Caribbean,Guatemala,GT,,2026-04-08,4470.70728455461,48.2970707467356,NA,NA,1.58123029170621,NA,104368755054.601,7.83197416666667,6.20657592272126,Guatemala City,-90.5328,14.6248,Upper middle income,IBRD,8.40552555753939,NA,58.9,2.3,19.7,7.080916064257028,4.205076923076923,120.26631887550201,5.024166666666667,343.90384615384613,3.375,20869.600000000002,16.849027237354086,-0.62396,10995714,81309280,0.13523319847377815,NA,NA,NA,NA,NA,NA,NA,NA,NA,NA,NA,44.87,0.664,NA,NA,NA,NA,NA,25.371196186524813,NA,NA,0,0,0,0,0,1,GTM_2023
GTM,2024,Latin America & Caribbean,Guatemala,GT,,2026-04-08,4563.09590652717,47.344196760267,NA,38.2819483827324,1.63251851384265,NA,113199581158.203,7.7585375,2.86992752918294,Guatemala City,-90.5328,14.6248,Upper middle income,IBRD,8.425975724461262,NA,58,2.2,20,7.195725498007969,3.1492015209125475,122.89302988047808,5.1433333333333335,198.34615384615384,2.4,21133.908333333333,15.550656370656371,-0.1644,NA,NA,NA,NA,NA,NA,NA,NA,NA,NA,NA,NA,NA,NA,60.92,0.357,NA,NA,NA,NA,NA,25.45241830270161,NA,NA,0,0,0,0,0,1,GTM_2024
GTM,2025,Latin America & Caribbean,Guatemala,GT,,2026-04-08,NA,NA,NA,NA,NA,NA,NA,NA,NA,Guatemala City,-90.5328,14.6248,Upper middle income,IBRD,NA,NA,NA,NA,NA,7.1875432,3.0473946360153255,122.7202868,4.2125,115.9245283018868,2.025,21967.716666666667,18.926666666666666,0.4818875502008032,NA,NA,NA,NA,NA,NA,NA,NA,NA,NA,NA,NA,NA,NA,115,0.888,NA,NA,NA,NA,NA,NA,NA,NA,0,0,0,0,0,1,GTM_2025
NIC,2015,Latin America & Caribbean,Nicaragua,NI,,2026-04-08,2074.45620634731,98.194164594236,NA,NA,7.58033255797744,NA,12756696261.0676,27.2568449404762,3.99737996694396,Managua,-86.2734,12.1475,Lower middle income,IDA,7.6379362669800965,NA,65.7,NA,20.5,6.282743426294821,5.365538461538462,108.16961726907631,0.1325,207.1153846153846,2.1,12074.325,16.674126984126985,1.4515139442231075,1754547,18216311,0.0963173608531387,2.2808303833007812,NA,NA,NA,NA,NA,NA,1,0,NA,NA,4.68,NA,NA,NA,NA,NA,NA,23.26932216770807,NA,NA,0,0,0,0,0,0,NIC_2015
NIC,2016,Latin America & Caribbean,Nicaragua,NI,,2026-04-08,2140.14405941606,93.8137278130087,NA,NA,7.44462628012218,NA,13286093388.4752,28.6209624101588,3.52317317628473,Managua,-86.2734,12.1475,Lower middle income,IDA,7.669095572368143,NA,65.3,1.1,19.9,6.640016334661355,5.972480916030534,113.06646008064516,0.395,891.7692307692307,2.175,12892.066666666666,15.82563492063492,1.00324,2140577.94,37968811.38,0.056377270243638575,2.2808303833007812,NA,NA,NA,NA,NA,NA,1,0,NA,NA,6.91,0.477,NA,NA,NA,NA,NA,23.30998371532893,NA,NA,0,0,0,0,0,0,NIC_2016
NIC,2017,Latin America & Caribbean,Nicaragua,NI,,2026-04-08,2209.63273423213,96.3805864351182,NA,30.8619914687936,7.51057620596971,NA,13785893007.4769,30.0509413442878,3.85067166284727,Managua,-86.2734,12.1475,Lower middle income,IDA,7.701034058616732,NA,63.8,1.2,20.1,6.756870281124498,3.7646153846153845,112.81009919678715,1.0016666666666667,771.5192307692307,3.025,13621.366666666667,11.0902390438247,0.93028,1522663.19,15786661.77,0.09645251239204829,2.2808303833007812,NA,NA,NA,NA,NA,NA,1,0,NA,NA,9.71,0.405,NA,NA,NA,NA,NA,23.346911660497476,NA,NA,0,0,0,0,0,0,NIC_2017
NIC,2018,Latin America & Caribbean,Nicaragua,NI,,2026-04-08,2107.3396261623,93.9847404925404,NA,NA,6.43060058137235,NA,13025221974.232,31.5532123338754,4.94723728039886,Managua,-86.2734,12.1475,Lower middle income,IDA,7.653656009664169,NA,61.9,1.9,20.7,6.6090429718875505,3.626015325670498,112.00375403225806,1.8316666666666666,750.7115384615385,2.125,14141.441666666666,16.6398406374502,0.38417670682730926,1002776.48,10523420.13,0.0952899786963081,2.2808303833007812,NA,NA,NA,NA,NA,NA,1,0,NA,NA,11.72,0.207,NA,NA,NA,NA,NA,23.290153466684924,NA,NA,0,0,0,0,0,0,NIC_2018
NIC,2019,Latin America & Caribbean,Nicaragua,NI,,2026-04-08,2019.91518620044,94.0422159246213,NA,NA,3.96093444094211,NA,12699023614.245,33.121745265284,5.37628990844126,Managua,-86.2734,12.1475,Lower middle income,IDA,7.611305750268901,NA,60.9,2.1,20.6,6.908139357429719,4.075823754789272,115.73329798387097,2.158333333333333,258.5769230769231,3.375,14863.433333333332,15.387857142857143,0.1726,733589.79,10679722.43,0.06868996781595194,2.2808303833007812,NA,NA,NA,NA,14606339.9594078,1,1,0,NA,NA,10.92,-0.068,NA,NA,NA,NA,NA,23.264790946766116,16.496966304680488,NA,0,0,0,0,0,0,NIC_2019
NIC,2020,Latin America & Caribbean,Nicaragua,NI,,2026-04-08,1950.19181218473,88.6381231228968,NA,NA,5.86574902695673,NA,12726422432.4868,34.3421221197024,3.68181341625572,Managua,-86.2734,12.1475,Lower middle income,IDA,7.576195650595618,NA,59,2.3,21.2,6.9041904,5.5483969465648855,117.7739632,0.37583333333333335,132821.28301886792,1.5749999999999995,17696.283333333333,29.251304347826085,0.5005577689243028,833893.82,13754780.35,0.060625746015638846,2.2808303833007812,NA,NA,NA,NA,NA,NA,1,0,NA,NA,16.68,0.527,NA,NA,NA,NA,NA,23.266946175728073,NA,NA,0,0,0,1,0,0,NIC_2020
NIC,2021,Latin America & Caribbean,Nicaragua,NI,,2026-04-08,2128.30881395452,106.20739081994,NA,26.0328025128629,7.36996621393819,NA,14209020361.8508,35.1710166666667,4.92841396948968,Managua,-86.2734,12.1475,Lower middle income,IDA,7.663552705550958,NA,59.2,2.7,20.6,6.450814457831325,3.321717557251908,113.10509156626506,0.08,2171.269230769231,5.75,20538.24166666667,19.656150793650795,1.181394422310757,1685440.54,16429678.6,0.1025851193461569,2.2808303833007812,NA,NA,NA,NA,18000000,2,1,0,NA,NA,26.97,0.617,NA,NA,NA,NA,NA,23.3771428366966,16.705882371415992,NA,0,0,0,0,0,0,NIC_2021
NIC,2022,Latin America & Caribbean,Nicaragua,NI,,2026-04-08,2175.73899144405,115.454678712865,NA,NA,8.23239650343154,NA,15634572502.2294,35.874421141967,10.4674244465991,Managua,-86.2734,12.1475,Lower middle income,IDA,7.685583160360023,NA,58.4,2.8,19.8,6.7290124,4.403984674329502,120.6980116,1.6833333333333333,682.9807692307693,1.325,21607.55,25.6371484375,-0.035622489959839354,1123257.39,17683924.299999997,0.06351855905648726,NA,NA,NA,NA,NA,NA,NA,1,0,NA,NA,26.97,0,NA,NA,NA,NA,NA,23.472750485188158,NA,NA,0,0,0,0,1,0,NIC_2022
NIC,2023,Latin America & Caribbean,Nicaragua,NI,,2026-04-08,2241.12235476653,105.003097611103,NA,NA,6.25581189724963,NA,17805842283.8725,36.4411942796586,8.38765854872536,Managua,-86.2734,12.1475,Lower middle income,IDA,7.7151781760799025,NA,58.9,2.3,19.7,7.080916064257028,4.205076923076923,120.26631887550201,5.024166666666667,343.90384615384613,3.375,20869.600000000002,16.849027237354086,-0.62396,1891262.81,17868902.89,0.10584101450673898,NA,NA,NA,NA,NA,NA,NA,1,0,NA,NA,44.87,0.664,NA,NA,NA,NA,NA,23.602792458643886,NA,NA,0,0,0,0,0,1,NIC_2023
NIC,2024,Latin America & Caribbean,Nicaragua,NI,,2026-04-08,2290.47162505995,98.5258377100159,NA,23.470592686629,6.86656428120852,NA,19693982967.5926,36.6243,4.62473841057141,Managua,-86.2734,12.1475,Lower middle income,IDA,7.736949521179931,NA,58,2.2,20,7.195725498007969,3.1492015209125475,122.89302988047808,5.1433333333333335,198.34615384615384,2.4,21133.908333333333,15.550656370656371,-0.1644,NA,NA,NA,NA,NA,NA,NA,NA,NA,NA,NA,NA,NA,NA,60.92,0.357,NA,NA,NA,NA,NA,23.70357899296981,NA,NA,0,0,0,0,0,1,NIC_2024
NIC,2025,Latin America & Caribbean,Nicaragua,NI,,2026-04-08,NA,NA,NA,NA,NA,NA,NA,NA,NA,Managua,-86.2734,12.1475,Lower middle income,IDA,NA,NA,NA,NA,NA,7.1875432,3.0473946360153255,122.7202868,4.2125,115.9245283018868,2.025,21967.716666666667,18.926666666666666,0.4818875502008032,NA,NA,NA,NA,NA,NA,NA,NA,NA,NA,NA,NA,NA,NA,115,0.888,NA,NA,NA,NA,NA,NA,NA,NA,0,0,0,0,0,1,NIC_2025
SLV,2015,Latin America & Caribbean,El Salvador,SV,,2026-04-08,3790.34089108162,76.5602707370519,NA,NA,2.10997804482034,51.2784032678648,23438240000,1,-0.731384487387957,San Salvador,-89.2073,13.7034,Upper middle income,IBRD,8.24047503262419,NA,65.7,NA,20.5,6.282743426294821,5.365538461538462,108.16961726907631,0.1325,207.1153846153846,2.1,12074.325,16.674126984126985,1.4515139442231075,5036726.84,37293124.7,0.13505778559767612,1.0219684839248657,NA,NA,NA,NA,22445511.391579,1,NA,NA,NA,NA,4.68,NA,NA,0.0018675404372149405,NA,NA,NA,23.877634713554613,16.926601258700305,NA,0,0,0,0,0,0,SLV_2015
SLV,2016,Latin America & Caribbean,El Salvador,SV,,2026-04-08,3875.84691357954,72.8190933731491,NA,NA,1.98198031581358,52.0656561693955,24191430000,1,0.60404908699661,San Salvador,-89.2073,13.7034,Upper middle income,IBRD,8.262777451098087,NA,65.3,1.1,19.9,6.640016334661355,5.972480916030534,113.06646008064516,0.395,891.7692307692307,2.175,12892.066666666666,15.82563492063492,1.00324,6070260.67,39440983.78,0.15390743557157793,1.0219684839248657,NA,NA,NA,NA,NA,NA,NA,NA,NA,NA,6.91,0.477,NA,NA,NA,NA,NA,23.90926427519936,NA,NA,0,0,0,0,0,0,SLV_2016
SLV,2017,Latin America & Caribbean,El Salvador,SV,,2026-04-08,3954.84014277572,74.3046511916519,NA,30.3529470953301,2.01688451540263,55.248518820306,24979190000,1,1.0123540331558,San Salvador,-89.2073,13.7034,Upper middle income,IBRD,8.282948283123243,NA,63.8,1.2,20.1,6.756870281124498,3.7646153846153845,112.81009919678715,1.0016666666666667,771.5192307692307,3.025,13621.366666666667,11.0902390438247,0.93028,4975021.66,31305976.49,0.15891603514073938,1.0219684839248657,NA,NA,NA,NA,NA,NA,NA,NA,NA,NA,9.71,0.405,NA,NA,NA,NA,NA,23.94130891521739,NA,NA,0,0,0,0,0,0,SLV_2017
SLV,2018,Latin America & Caribbean,El Salvador,SV,,2026-04-08,4046.16291720583,75.6336168879956,NA,NA,1.58620478716365,52.2142820084663,26020850000,1,1.09033000581892,San Salvador,-89.2073,13.7034,Upper middle income,IBRD,8.305771400355653,NA,61.9,1.9,20.7,6.6090429718875505,3.626015325670498,112.00375403225806,1.8316666666666666,750.7115384615385,2.125,14141.441666666666,16.6398406374502,0.38417670682730926,5376052.92,37422596.76,0.14365793358696896,1.0219684839248657,NA,NA,NA,NA,180422096.549409,8,NA,NA,NA,NA,11.72,0.207,NA,0.013279414756902357,NA,NA,NA,23.982163976714734,19.0108096500503,NA,0,0,0,0,0,0,SLV_2018
SLV,2019,Latin America & Caribbean,El Salvador,SV,,2026-04-08,4143.11437097867,76.0420130991468,NA,NA,2.59024369040438,53.8790393562178,26881140000,1,0.0753241350024612,San Salvador,-89.2073,13.7034,Upper middle income,IBRD,8.329444382732857,NA,60.9,2.1,20.6,6.908139357429719,4.075823754789272,115.73329798387097,2.158333333333333,258.5769230769231,3.375,14863.433333333332,15.387857142857143,0.1726,5838504.19,34770908.21,0.1679134797037273,1.0219684839248657,NA,NA,NA,NA,706751702.4826972,16,NA,NA,NA,NA,10.92,-0.068,NA,0.04879769820647913,NA,NA,NA,24.014690762453537,20.376189964839558,NA,0,0,0,0,0,0,SLV_2019
SLV,2020,Latin America & Caribbean,El Salvador,SV,,2026-04-08,3808.53195436409,66.4595069497083,NA,NA,1.55101998611342,70.3842794023881,24921190000,1,-0.371590212324095,San Salvador,-89.2073,13.7034,Upper middle income,IBRD,8.245261613950884,NA,59,2.3,21.2,6.9041904,5.5483969465648855,117.7739632,0.37583333333333335,132821.28301886792,1.5749999999999995,17696.283333333333,29.251304347826085,0.5005577689243028,3621166.89,33642009.73,0.10763824513048795,1.0219684839248657,NA,NA,NA,NA,70067242.18942197,26,NA,NA,NA,NA,16.68,0.527,NA,0.003994574996603729,NA,NA,NA,23.93898428257465,18.064965955908143,NA,0,0,0,1,0,0,SLV_2020
SLV,2021,Latin America & Caribbean,El Salvador,SV,,2026-04-08,4247.54750394978,81.8450759800765,NA,35.8453551303162,2.7560499827498,66.4690525886664,29043140000,1,3.46692585313082,San Salvador,-89.2073,13.7034,Upper middle income,IBRD,8.354332439727392,NA,59.2,2.7,20.6,6.450814457831325,3.321717557251908,113.10509156626506,0.08,2171.269230769231,5.75,20538.24166666667,19.656150793650795,1.181394422310757,3942899.46,43941607.12,0.08973043360094564,1.0219684839248657,NA,NA,NA,NA,56634200,7,NA,NA,NA,NA,26.97,0.617,NA,0.0029337000832474103,NA,NA,NA,24.09204814781393,17.852123618633616,NA,0,0,0,0,0,0,SLV_2021
SLV,2022,Latin America & Caribbean,El Salvador,SV,,2026-04-08,4355.96083888359,88.7011093776867,NA,NA,0.0823187568481088,74.0361190983906,31870120000,1,7.19861615609867,San Salvador,-89.2073,13.7034,Upper middle income,IBRD,8.379530037985148,NA,58.4,2.8,19.8,6.7290124,4.403984674329502,120.6980116,1.6833333333333333,682.9807692307693,1.325,21607.55,25.6371484375,-0.035622489959839354,4915123.71,54036832.43,0.09095876810261064,NA,NA,NA,NA,NA,NA,NA,NA,NA,NA,NA,26.97,0,NA,NA,NA,NA,NA,24.18493473069646,NA,NA,0,0,0,0,1,0,SLV_2022
SLV,2023,Latin America & Caribbean,El Salvador,SV,,2026-04-08,4489.17787712717,81.7147723425988,NA,NA,1.89928827474734,102.190173433284,33853940000,1,4.04554694222477,San Salvador,-89.2073,13.7034,Upper middle income,IBRD,8.40964759623827,NA,58.9,2.3,19.7,7.080916064257028,4.205076923076923,120.26631887550201,5.024166666666667,343.90384615384613,3.375,20869.600000000002,16.849027237354086,-0.62396,4482274.03,41989182.36,0.10674830463643256,NA,NA,NA,NA,NA,NA,NA,NA,NA,NA,NA,44.87,0.664,NA,NA,NA,NA,NA,24.245321225424867,NA,NA,0,0,0,0,0,1,SLV_2023
SLV,2024,Latin America & Caribbean,El Salvador,SV,,2026-04-08,4585.22599757795,84.6596461582312,NA,43.4036648969414,2.61241857793703,105.804728748456,35364960000,1,0.853782292567288,San Salvador,-89.2073,13.7034,Upper middle income,IBRD,8.430812742094162,NA,58,2.2,20,7.195725498007969,3.1492015209125475,122.89302988047808,5.1433333333333335,198.34615384615384,2.4,21133.908333333333,15.550656370656371,-0.1644,NA,NA,NA,NA,NA,NA,NA,NA,NA,NA,NA,NA,NA,NA,60.92,0.357,NA,NA,NA,NA,NA,24.28898733640022,NA,NA,0,0,0,0,0,1,SLV_2024
SLV,2025,Latin America & Caribbean,El Salvador,SV,,2026-04-08,NA,NA,NA,NA,NA,NA,NA,NA,NA,San Salvador,-89.2073,13.7034,Upper middle income,IBRD,NA,NA,NA,NA,NA,7.1875432,3.0473946360153255,122.7202868,4.2125,115.9245283018868,2.025,21967.716666666667,18.926666666666666,0.4818875502008032,NA,NA,NA,NA,NA,NA,NA,NA,NA,NA,NA,NA,NA,NA,115,0.888,NA,NA,NA,NA,NA,NA,NA,NA,0,0,0,0,0,1,SLV_2025
PRY,2015,Latin America & Caribbean,Paraguay,PY,,2026-04-08,5879.33792308762,66.9150655259457,NA,NA,2.22350808882639,NA,36211447840.1027,5204.92080811087,3.12900274473925,Asuncion,-57.6362,-25.3005,Upper middle income,IBRD,8.679369509154201,NA,65.7,NA,20.5,6.282743426294821,5.365538461538462,108.16961726907631,0.1325,207.1153846153846,2.1,12074.325,16.674126984126985,1.4515139442231075,13432526,46691155,0.28768887811835026,-0.05714153125882149,NA,NA,NA,NA,72947912.02263185,3,NA,NA,NA,NA,4.68,NA,NA,NA,NA,NA,NA,24.31264114448971,18.10525622419803,NA,0,0,0,0,0,0,PRY_2015
PRY,2016,Latin America & Caribbean,Paraguay,PY,,2026-04-08,6041.95879367349,67.7593152322119,NA,NA,2.27032682691763,NA,36089700222.9546,5670.54089799784,4.08682280577241,Asuncion,-57.6362,-25.3005,Upper middle income,IBRD,8.706649037485668,NA,65.3,1.1,19.9,6.640016334661355,5.972480916030534,113.06646008064516,0.395,891.7692307692307,2.175,12892.066666666666,15.82563492063492,1.00324,18449143,64418796,0.2863937879248783,-0.05714153125882149,NA,NA,NA,NA,NA,NA,NA,NA,NA,NA,6.91,0.477,NA,NA,NA,NA,NA,24.309273349220103,NA,NA,0,0,0,0,0,0,PRY_2016
PRY,2017,Latin America & Caribbean,Paraguay,PY,,2026-04-08,6243.1336313903,71.0801344038459,NA,48.646860657984,1.9468132140751,NA,38997129473.5613,5618.9334516428,3.60247741348943,Asuncion,-57.6362,-25.3005,Upper middle income,IBRD,8.739397682974266,NA,63.8,1.2,20.1,6.756870281124498,3.7646153846153845,112.81009919678715,1.0016666666666667,771.5192307692307,3.025,13621.366666666667,11.0902390438247,0.93028,36833500,202499279,0.18189447479464854,-0.05714153125882149,NA,NA,NA,NA,NA,NA,NA,NA,NA,NA,9.71,0.405,NA,NA,NA,NA,NA,24.38675387715083,NA,NA,0,0,0,0,0,0,PRY_2017
PRY,2018,Latin America & Caribbean,Paraguay,PY,,2026-04-08,6354.2392005316,72.0692236259495,NA,NA,0.787454987833137,NA,40225448340.6341,5732.10455572912,3.97561015740694,Asuncion,-57.6362,-25.3005,Upper middle income,IBRD,8.757034822652663,NA,61.9,1.9,20.7,6.6090429718875505,3.626015325670498,112.00375403225806,1.8316666666666666,750.7115384615385,2.125,14141.441666666666,16.6398406374502,0.38417670682730926,17840078,237676797,0.07506024241819449,-0.05714153125882149,NA,NA,NA,NA,3269549.24363603,1,NA,NA,NA,NA,11.72,0.207,NA,NA,NA,NA,NA,24.417765675608216,15.000162993241451,NA,0,0,0,0,0,0,PRY_2018
PRY,2019,Latin America & Caribbean,Paraguay,PY,,2026-04-08,6243.53620897823,71.2221617342433,NA,NA,1.28022785728015,NA,37925338329.156,6240.72207844257,2.75709727562775,Asuncion,-57.6362,-25.3005,Upper middle income,IBRD,8.73946215382556,NA,60.9,2.1,20.6,6.908139357429719,4.075823754789272,115.73329798387097,2.158333333333333,258.5769230769231,3.375,14863.433333333332,15.387857142857143,0.1726,11445759,83451294,0.13715496131192406,-0.05714153125882149,NA,NA,NA,NA,NA,NA,NA,NA,NA,NA,10.92,-0.068,NA,NA,NA,NA,NA,24.358885283173674,NA,NA,0,0,0,0,0,0,PRY_2019
PRY,2020,Latin America & Caribbean,Paraguay,PY,,2026-04-08,6109.19608100826,62.7602174748575,NA,NA,0.816723740272366,NA,35432178068.1756,6771.09742519652,1.76751592356698,Asuncion,-57.6362,-25.3005,Upper middle income,IBRD,8.717714143468756,NA,59,2.3,21.2,6.9041904,5.5483969465648855,117.7739632,0.37583333333333335,132821.28301886792,1.5749999999999995,17696.283333333333,29.251304347826085,0.5005577689243028,6400202,57229976,0.11183303658907702,-0.05714153125882149,NA,NA,NA,NA,NA,NA,NA,NA,NA,NA,16.68,0.527,NA,NA,NA,NA,NA,24.29088622921441,NA,NA,0,0,0,1,0,0,PRY_2020
PRY,2021,Latin America & Caribbean,Paraguay,PY,,2026-04-08,6278.11006663809,69.74227302112,NA,54.419977087987,1.46195175389463,NA,39950899938.7474,6774.16273484849,4.787983101236,Asuncion,-57.6362,-25.3005,Upper middle income,IBRD,8.744983540286494,NA,59.2,2.7,20.6,6.450814457831325,3.321717557251908,113.10509156626506,0.08,2171.269230769231,5.75,20538.24166666667,19.656150793650795,1.181394422310757,5948102,132220927,0.04498608605277741,-0.05714153125882149,NA,NA,NA,NA,NA,NA,NA,NA,NA,NA,26.97,0.617,NA,NA,NA,NA,NA,24.410917035556974,NA,NA,0,0,0,0,0,0,PRY_2021
PRY,2022,Latin America & Caribbean,Paraguay,PY,,2026-04-08,6218.19790694162,73.7379050218566,NA,NA,2.03844719825164,NA,41952910858.0846,6982.75237776692,9.76556667164402,Asuncion,-57.6362,-25.3005,Upper middle income,IBRD,8.735396223550053,NA,58.4,2.8,19.8,6.7290124,4.403984674329502,120.6980116,1.6833333333333333,682.9807692307693,1.325,21607.55,25.6371484375,-0.035622489959839354,7131760.649999999,154420572.58,0.046184005996385474,NA,NA,NA,NA,NA,NA,NA,NA,NA,NA,NA,26.97,0,NA,NA,NA,NA,NA,24.4598136562267,NA,NA,0,0,0,0,1,0,PRY_2022
PRY,2023,Latin America & Caribbean,Paraguay,PY,,2026-04-08,6449.23028812969,82.4052107741573,NA,NA,2.57834141880415,NA,43118053174.5461,7288.87205374128,4.63202285403356,Asuncion,-57.6362,-25.3005,Upper middle income,IBRD,8.77187111273846,NA,58.9,2.3,19.7,7.080916064257028,4.205076923076923,120.26631887550201,5.024166666666667,343.90384615384613,3.375,20869.600000000002,16.849027237354086,-0.62396,5072032.475,166327205.264,0.030494304686653654,NA,NA,NA,NA,NA,NA,NA,NA,NA,NA,NA,44.87,0.664,NA,NA,NA,NA,NA,24.487207613537787,NA,NA,0,0,0,0,0,1,PRY_2023
PRY,2024,Latin America & Caribbean,Paraguay,PY,,2026-04-08,6640.83816613117,76.8311565430624,NA,60.9167610080401,2.46843780233781,NA,44458118397.4445,7560.24758837744,3.83540271728533,Asuncion,-57.6362,-25.3005,Upper middle income,IBRD,8.801144036408173,NA,58,2.2,20,7.195725498007969,3.1492015209125475,122.89302988047808,5.1433333333333335,198.34615384615384,2.4,21133.908333333333,15.550656370656371,-0.1644,NA,NA,NA,NA,NA,NA,NA,NA,NA,NA,NA,NA,NA,NA,60.92,0.357,NA,NA,NA,NA,NA,24.517813423364323,NA,NA,0,0,0,0,0,1,PRY_2024
PRY,2025,Latin America & Caribbean,Paraguay,PY,,2026-04-08,NA,NA,NA,NA,NA,NA,NA,NA,NA,Asuncion,-57.6362,-25.3005,Upper middle income,IBRD,NA,NA,NA,NA,NA,7.1875432,3.0473946360153255,122.7202868,4.2125,115.9245283018868,2.025,21967.716666666667,18.926666666666666,0.4818875502008032,NA,NA,NA,NA,NA,NA,NA,NA,NA,NA,NA,NA,NA,NA,115,0.888,NA,NA,NA,NA,NA,NA,NA,NA,0,0,0,0,0,1,PRY_2025
PAN,2015,Latin America & Caribbean,Panama,PA,,2026-04-08,14082.6548434996,96.5791573893461,NA,NA,9.17966898909828,NA,55767806073.1781,1,0.137492058461504,Panama City,-79.5188,8.99427,High income,IBRD,9.552770172980862,NA,65.7,NA,20.5,6.282743426294821,5.365538461538462,108.16961726907631,0.1325,207.1153846153846,2.1,12074.325,16.674126984126985,1.4515139442231075,38901201,64179120,0.6061348457255257,2.2808303833007812,NA,NA,NA,NA,56113778.4789476,1,NA,NA,NA,NA,4.68,NA,NA,NA,NA,NA,NA,24.74446258775712,17.842891963843062,NA,0,0,0,0,0,0,PAN_2015
PAN,2016,Latin America & Caribbean,Panama,PA,,2026-04-08,14474.124340577,84.3959718486228,NA,NA,8.78226076869208,NA,59760858717.8359,1,0.739734025300033,Panama City,-79.5188,8.99427,High income,IBRD,9.580186892426893,NA,65.3,1.1,19.9,6.640016334661355,5.972480916030534,113.06646008064516,0.395,891.7692307692307,2.175,12892.066666666666,15.82563492063492,1.00324,39634168,63214776,0.626976325914688,2.2808303833007812,NA,NA,NA,NA,0,2,NA,NA,NA,NA,6.91,0.477,NA,NA,NA,NA,NA,24.813616747126165,0,NA,0,0,0,0,0,0,PAN_2016
PAN,2017,Latin America & Caribbean,Panama,PA,,2026-04-08,15045.545619615,84.0475372059131,NA,46.4942616753675,6.34573158684694,NA,64327688826.3137,1,0.875585918759878,Panama City,-79.5188,8.99427,High income,IBRD,9.618903716895803,NA,63.8,1.2,20.1,6.756870281124498,3.7646153846153845,112.81009919678715,1.0016666666666667,771.5192307692307,3.025,13621.366666666667,11.0902390438247,0.93028,41139407,68753123,0.5983641935799775,2.2808303833007812,NA,NA,NA,NA,17052864.1025332,3,NA,NA,NA,NA,9.71,0.405,NA,NA,NA,NA,NA,24.887255994898407,16.65182878878075,NA,0,0,0,0,0,0,PAN_2017
PAN,2018,Latin America & Caribbean,Panama,PA,,2026-04-08,15375.6434854475,86.1309615270001,NA,NA,6.3940456399755,NA,67316471181.2488,1,0.761578359399944,Panama City,-79.5188,8.99427,High income,IBRD,9.640604980324468,NA,61.9,1.9,20.7,6.6090429718875505,3.626015325670498,112.00375403225806,1.8316666666666666,750.7115384615385,2.125,14141.441666666666,16.6398406374502,0.38417670682730926,33750322,59888746,0.5635503204558666,2.2808303833007812,NA,NA,NA,NA,158959842.6899706,5,NA,NA,NA,NA,11.72,0.207,NA,NA,NA,NA,NA,24.932670786330778,18.88416217287803,NA,0,0,0,0,0,0,PAN_2018
PAN,2019,Latin America & Caribbean,Panama,PA,,2026-04-08,15602.5420714581,80.4286505707227,NA,NA,6.7135041995988,NA,69778991192.5571,1,-0.355083821021245,Panama City,-79.5188,8.99427,High income,IBRD,9.655253223327046,NA,60.9,2.1,20.6,6.908139357429719,4.075823754789272,115.73329798387097,2.158333333333333,258.5769230769231,3.375,14863.433333333332,15.387857142857143,0.1726,31904105,86613496,0.3683502741882166,2.2808303833007812,NA,NA,NA,NA,232128448.8933571,11,NA,NA,NA,NA,10.92,-0.068,NA,NA,NA,NA,NA,24.968598815643773,19.262801439749026,NA,0,0,0,0,0,0,PAN_2019
PAN,2020,Latin America & Caribbean,Panama,PA,,2026-04-08,12647.0826553801,68.7004234799646,NA,NA,-2.85980025111741,NA,57059846521.5327,1,-1.5502754080376,Panama City,-79.5188,8.99427,High income,IBRD,9.445260913923308,NA,59,2.3,21.2,6.9041904,5.5483969465648855,117.7739632,0.37583333333333335,132821.28301886792,1.5749999999999995,17696.283333333333,29.251304347826085,0.5005577689243028,21238187,69749805,0.3044909874658431,2.2808303833007812,NA,NA,NA,NA,1933262.620009287,38,NA,NA,NA,NA,16.68,0.527,NA,NA,NA,NA,NA,24.767366492972325,14.474720127582524,NA,0,0,0,1,0,0,PAN_2020
PAN,2021,Latin America & Caribbean,Panama,PA,,2026-04-08,14552.9401400295,80.1334636057057,NA,44.9670337532433,2.71982266254139,NA,67396392506.2378,1,1.63070337301898,Panama City,-79.5188,8.99427,High income,IBRD,9.585617035941963,NA,59.2,2.7,20.6,6.450814457831325,3.321717557251908,113.10509156626506,0.08,2171.269230769231,5.75,20538.24166666667,19.656150793650795,1.181394422310757,24322414,50495738,0.48167261165684916,2.2808303833007812,NA,NA,NA,NA,0,2,NA,NA,NA,NA,26.97,0.617,NA,NA,NA,NA,NA,24.933857329800745,0,NA,0,0,0,0,0,0,PAN_2021
PAN,2022,Latin America & Caribbean,Panama,PA,,2026-04-08,15956.0653932059,93.4752688168442,NA,NA,3.2250848191713,NA,76479304470.9375,1,2.85965128834711,Panama City,-79.5188,8.99427,High income,IBRD,9.677656981491014,NA,58.4,2.8,19.8,6.7290124,4.403984674329502,120.6980116,1.6833333333333333,682.9807692307693,1.325,21607.55,25.6371484375,-0.035622489959839354,20518597,44734113,0.4586789728009137,NA,NA,NA,NA,NA,NA,NA,NA,NA,NA,NA,26.97,0,NA,NA,NA,NA,NA,25.060286011400525,NA,NA,0,0,0,0,1,0,PAN_2022
PAN,2023,Latin America & Caribbean,Panama,PA,,2026-04-08,16877.1508423953,88.3489105288611,NA,NA,2.84826789984183,NA,83812155244.3352,1,1.48641355277038,Panama City,-79.5188,8.99427,High income,IBRD,9.733775214897747,NA,58.9,2.3,19.7,7.080916064257028,4.205076923076923,120.26631887550201,5.024166666666667,343.90384615384613,3.375,20869.600000000002,16.849027237354086,-0.62396,17021815,42683004,0.3987960875481023,NA,NA,NA,NA,NA,NA,NA,NA,NA,NA,NA,44.87,0.664,NA,NA,NA,NA,NA,25.151843884575943,NA,NA,0,0,0,0,0,1,PAN_2023
PAN,2024,Latin America & Caribbean,Panama,PA,,2026-04-08,17122.720655567002,83.6737787798304,NA,64.0952131164981,3.74510335231647,NA,86523959131.7472,1,0.693225551004538,Panama City,-79.5188,8.99427,High income,IBRD,9.748219954095513,NA,58,2.2,20,7.195725498007969,3.1492015209125475,122.89302988047808,5.1433333333333335,198.34615384615384,2.4,21133.908333333333,15.550656370656371,-0.1644,NA,NA,NA,NA,NA,NA,NA,NA,NA,NA,NA,NA,NA,NA,60.92,0.357,NA,NA,NA,NA,NA,25.183687196724815,NA,NA,0,0,0,0,0,1,PAN_2024
PAN,2025,Latin America & Caribbean,Panama,PA,,2026-04-08,NA,NA,NA,NA,NA,NA,NA,NA,NA,Panama City,-79.5188,8.99427,High income,IBRD,NA,NA,NA,NA,NA,7.1875432,3.0473946360153255,122.7202868,4.2125,115.9245283018868,2.025,21967.716666666667,18.926666666666666,0.4818875502008032,NA,NA,NA,NA,NA,NA,NA,NA,NA,NA,NA,NA,NA,NA,115,0.888,NA,NA,NA,NA,NA,NA,NA,NA,0,0,0,0,0,1,PAN_2025
DOM,2015,Latin America & Caribbean,Dominican Republic,DO,,2026-04-08,6800.95309395474,52.3471238667007,NA,NA,3.13851060913817,NA,70966782572.4386,45.045499074074,0.836746346724556,Santo Domingo,-69.8908,18.479,Upper middle income,IBRD,8.824965069623744,NA,65.7,NA,20.5,6.282743426294821,5.365538461538462,108.16961726907631,0.1325,207.1153846153846,2.1,12074.325,16.674126984126985,1.4515139442231075,9439133.063,35054274.756,0.26927195409696414,1.2737407684326172,NA,NA,NA,NA,NA,NA,NA,NA,NA,NA,4.68,NA,NA,NA,NA,NA,NA,24.985477753432935,NA,NA,0,0,0,0,0,0,DOM_2015
DOM,2016,Latin America & Caribbean,Dominican Republic,DO,,2026-04-08,7177.75376475488,51.7306571245477,NA,NA,3.33024928523507,NA,75552902635.7075,46.0644439393939,1.61416607245222,Santo Domingo,-69.8908,18.479,Upper middle income,IBRD,8.878881076608788,NA,65.3,1.1,19.9,6.640016334661355,5.972480916030534,113.06646008064516,0.395,891.7692307692307,2.175,12892.066666666666,15.82563492063492,1.00324,18035450.593,51806587.193,0.3481304515545643,1.0219684839248657,NA,NA,NA,NA,0,1,NA,NA,NA,NA,6.91,0.477,NA,NA,NA,NA,NA,25.048098945002675,0,NA,0,0,0,0,0,0,DOM_2016
DOM,2017,Latin America & Caribbean,Dominican Republic,DO,,2026-04-08,7379.39978067137,50.7595355508472,NA,56.2391910241951,4.55025610026855,NA,79070274743.1658,47.5343581962482,3.27955694678546,Santo Domingo,-69.8908,18.479,Upper middle income,IBRD,8.906583086950011,NA,63.8,1.2,20.1,6.756870281124498,3.7646153846153845,112.81009919678715,1.0016666666666667,771.5192307692307,3.025,13621.366666666667,11.0902390438247,0.93028,10247936.371,58778226.682000004,0.17434919271115548,1.2737407684326172,NA,NA,NA,NA,403318354.95734,2,NA,NA,NA,NA,9.71,0.405,NA,NA,NA,NA,NA,25.093602847718618,19.815236773207403,NA,0,0,0,0,0,0,DOM_2017
DOM,2018,Latin America & Caribbean,Dominican Republic,DO,,2026-04-08,7818.70593240469,52.3351709577013,NA,NA,3.22902365102652,NA,84994732049.3461,49.5099928571428,3.56443426013507,Santo Domingo,-69.8908,18.479,Upper middle income,IBRD,8.964402228280457,NA,61.9,1.9,20.7,6.6090429718875505,3.626015325670498,112.00375403225806,1.8316666666666666,750.7115384615385,2.125,14141.441666666666,16.6398406374502,0.38417670682730926,8585400.65,49428727.67,0.173692527700056,1.5255131721496582,NA,NA,NA,NA,746580594.8034317,6,NA,NA,NA,NA,11.72,0.207,NA,NA,NA,NA,NA,25.16585511563786,20.431014134023204,NA,0,0,0,0,0,0,DOM_2018
DOM,2019,Latin America & Caribbean,Dominican Republic,DO,,2026-04-08,8117.04639185786,50.912982200697,NA,NA,3.17366550445317,NA,89146130744.723,51.2948583333333,1.81060377042959,Santo Domingo,-69.8908,18.479,Upper middle income,IBRD,9.001844812073061,NA,60.9,2.1,20.6,6.908139357429719,4.075823754789272,115.73329798387097,2.158333333333333,258.5769230769231,3.375,14863.433333333332,15.387857142857143,0.1726,8196813.2639999995,44060002.224,0.1860375136235263,1.5255131721496582,NA,NA,NA,NA,97168513.65509163,4,NA,NA,NA,NA,10.92,-0.068,NA,NA,NA,NA,NA,25.21354277869532,18.391957293654656,NA,0,0,0,0,0,0,DOM_2019
DOM,2020,Latin America & Caribbean,Dominican Republic,DO,,2026-04-08,7395.8734262396,44.7331613466756,NA,NA,3.13265976088131,NA,78546672406.8291,56.5245333333333,3.78103179915516,Santo Domingo,-69.8908,18.479,Upper middle income,IBRD,8.908812679942153,NA,59,2.3,21.2,6.9041904,5.5483969465648855,117.7739632,0.37583333333333335,132821.28301886792,1.5749999999999995,17696.283333333333,29.251304347826085,0.5005577689243028,8584477.86,35394859,0.2425345969029005,1.5255131721496582,NA,NA,NA,NA,2124952.436214931,9,NA,NA,NA,NA,16.68,0.527,NA,NA,NA,NA,NA,25.08695883802416,14.56926044773113,NA,0,0,0,1,0,0,DOM_2020
DOM,2021,Latin America & Caribbean,Dominican Republic,DO,,2026-04-08,8344.90510312395,51.9500227303115,NA,51.2980112720468,3.53154938314388,NA,94850719516.7127,57.2211166666666,8.24300347981809,Santo Domingo,-69.8908,18.479,Upper middle income,IBRD,9.029526290744649,NA,59.2,2.7,20.6,6.450814457831325,3.321717557251908,113.10509156626506,0.08,2171.269230769231,5.75,20538.24166666667,19.656150793650795,1.181394422310757,8236797.092,31532914.922000002,0.2612126760997069,1.5255131721496582,NA,NA,NA,NA,68569741.9379844,7,NA,NA,NA,NA,26.97,0.617,NA,NA,NA,NA,NA,25.275570119146977,18.043361930354358,NA,0,0,0,0,0,0,DOM_2021
DOM,2022,Latin America & Caribbean,Dominican Republic,DO,,2026-04-08,8698.13592094395,54.3781976712844,NA,NA,3.56897098132173,NA,113478087134.8,55.1409916666666,8.81109209279587,Santo Domingo,-69.8908,18.479,Upper middle income,IBRD,9.070978980278444,NA,58.4,2.8,19.8,6.7290124,4.403984674329502,120.6980116,1.6833333333333333,682.9807692307693,1.325,21607.55,25.6371484375,-0.035622489959839354,14838143.303,55649667.542,0.2666348957395178,NA,NA,NA,NA,NA,NA,NA,NA,NA,NA,NA,26.97,0,NA,NA,NA,NA,NA,25.454875590345626,NA,NA,0,0,0,0,1,0,DOM_2022
DOM,2023,Latin America & Caribbean,Dominican Republic,DO,,2026-04-08,8809.96335385949,49.8436131764417,NA,NA,3.94375586800192,NA,120456239153.739,56.1576,4.78561281021135,Santo Domingo,-69.8908,18.479,Upper middle income,IBRD,9.083752060722851,NA,58.9,2.3,19.7,7.080916064257028,4.205076923076923,120.26631887550201,5.024166666666667,343.90384615384613,3.375,20869.600000000002,16.849027237354086,-0.62396,15800502.706,65412286.839999996,0.24155251970701475,NA,NA,NA,NA,NA,NA,NA,NA,NA,NA,NA,44.87,0.664,NA,NA,NA,NA,NA,25.514552363376776,NA,NA,0,0,0,0,0,1,DOM_2023
DOM,2024,Latin America & Caribbean,Dominican Republic,DO,,2026-04-08,9168.45418897141,51.7835143952326,NA,64.777963876998,3.6013993607877,NA,124282245638.568,59.5651333333333,3.30223338951227,Santo Domingo,-69.8908,18.479,Upper middle income,IBRD,9.12363304210188,NA,58,2.2,20,7.195725498007969,3.1492015209125475,122.89302988047808,5.1433333333333335,198.34615384615384,2.4,21133.908333333333,15.550656370656371,-0.1644,NA,NA,NA,NA,NA,NA,NA,NA,NA,NA,NA,NA,NA,NA,60.92,0.357,NA,NA,NA,NA,NA,25.54582099050312,NA,NA,0,0,0,0,0,1,DOM_2024
DOM,2025,Latin America & Caribbean,Dominican Republic,DO,,2026-04-08,NA,NA,NA,NA,NA,NA,NA,NA,NA,Santo Domingo,-69.8908,18.479,Upper middle income,IBRD,NA,NA,NA,NA,NA,7.1875432,3.0473946360153255,122.7202868,4.2125,115.9245283018868,2.025,21967.716666666667,18.926666666666666,0.4818875502008032,NA,NA,NA,NA,NA,NA,NA,NA,NA,NA,NA,NA,NA,NA,115,0.888,NA,NA,NA,NA,NA,NA,NA,NA,0,0,0,0,0,1,DOM_2025
JAM,2015,Latin America & Caribbean,Jamaica,JM,,2026-04-08,5339.30718256806,NA,NA,NA,6.18152374482186,118.195358706681,14963589915.5912,116.969776646049,3.69154228855725,Kingston,-76.792,17.9927,Upper middle income,IBRD,8.58303845512523,NA,65.7,NA,20.5,6.282743426294821,5.365538461538462,108.16961726907631,0.1325,207.1153846153846,2.1,12074.325,16.674126984126985,1.4515139442231075,8870310,12917200,0.6867053231350447,1.0219684839248657,NA,NA,NA,NA,462346.7340213455,4,NA,NA,NA,NA,4.68,NA,NA,2.614156438803018e-5,NA,NA,NA,23.42888574839168,13.044072557990953,NA,0,0,0,0,0,0,JAM_2015
JAM,2016,Latin America & Caribbean,Jamaica,JM,,2026-04-08,5472.28314023034,NA,NA,NA,6.22844979056863,115.889445482292,14898999754.1229,125.095034603174,2.35102197485846,Kingston,-76.792,17.9927,Upper middle income,IBRD,8.607633923814593,NA,65.3,1.1,19.9,6.640016334661355,5.972480916030534,113.06646008064516,0.395,891.7692307692307,2.175,12892.066666666666,15.82563492063492,1.00324,10498941,13732296,0.7645437441779583,1.0219684839248657,NA,NA,NA,NA,388990516.0874904,6,NA,NA,NA,NA,6.91,0.477,NA,0.022528797695983364,NA,NA,NA,23.424559917115804,19.77906552361846,NA,0,0,0,0,0,0,JAM_2016
JAM,2017,Latin America & Caribbean,Jamaica,JM,,2026-04-08,5586.1365723133,NA,NA,NA,5.63139063640052,96.136723606367,15783583236.675,127.964544179198,4.37839864991561,Kingston,-76.792,17.9927,Upper middle income,IBRD,8.628222193820003,NA,63.8,1.2,20.1,6.756870281124498,3.7646153846153845,112.81009919678715,1.0016666666666667,771.5192307692307,3.025,13621.366666666667,11.0902390438247,0.93028,16856231.03,23224638.25,0.7257908970874929,-0.17476625740528107,NA,NA,NA,NA,378773552.21279323,4,NA,NA,NA,NA,9.71,0.405,NA,0.024962307276242313,NA,NA,NA,23.48223620121746,19.752449099554784,NA,0,0,0,0,0,0,JAM_2017
JAM,2018,Latin America & Caribbean,Jamaica,JM,,2026-04-08,5717.87621107532,NA,NA,NA,4.59566903085149,NA,16855447986.2221,128.87151906466,3.73663882152163,Kingston,-76.792,17.9927,Upper middle income,IBRD,8.65152759847653,NA,61.9,1.9,20.7,6.6090429718875505,3.626015325670498,112.00375403225806,1.8316666666666666,750.7115384615385,2.125,14141.441666666666,16.6398406374502,0.38417670682730926,13586208.35,17167790.400000002,0.7913778088763245,-0.17476625740528107,NA,NA,NA,NA,45011395.09564348,15,NA,NA,NA,NA,11.72,0.207,NA,NA,NA,NA,NA,23.54793976417107,17.62242626224295,NA,0,0,0,0,0,0,JAM_2018
JAM,2019,Latin America & Caribbean,Jamaica,JM,,2026-04-08,5814.79275311692,NA,NA,NA,3.90817004443178,85.7693465475141,17026269262.5307,133.31211833796,3.90510000865872,Kingston,-76.792,17.9927,Upper middle income,IBRD,8.668332384657703,NA,60.9,2.1,20.6,6.908139357429719,4.075823754789272,115.73329798387097,2.158333333333333,258.5769230769231,3.375,14863.433333333332,15.387857142857143,0.1726,12307795.01,16783001.976,0.7333488387596195,-0.17476625740528107,NA,NA,NA,NA,29451602.7729289,9,NA,NA,NA,NA,10.92,-0.068,NA,0.002016774472997031,NA,NA,NA,23.55802323912703,17.198258924063968,NA,0,0,0,0,0,0,JAM_2019
JAM,2020,Latin America & Caribbean,Jamaica,JM,,2026-04-08,5317.84145033966,NA,NA,NA,1.76731178461616,97.8664003352989,15000214216.2439,142.402832756013,5.2267777929352,Kingston,-76.792,17.9927,Upper middle income,IBRD,8.579010786127272,NA,59,2.3,21.2,6.9041904,5.5483969465648855,117.7739632,0.37583333333333335,132821.28301886792,1.5749999999999995,17696.283333333333,29.251304347826085,0.5005577689243028,13381879.68,19823313.95,0.6750576474626232,-1.2538762092590332,NA,NA,NA,NA,139238.18482616704,5,NA,NA,NA,NA,16.68,0.527,NA,9.484780332915075e-6,NA,NA,NA,23.43133031909624,11.843948487456695,NA,0,0,0,1,0,0,JAM_2020
JAM,2021,Latin America & Caribbean,Jamaica,JM,,2026-04-08,5607.45378253877,NA,NA,73.3003615105011,2.00753132739669,NA,15963885376.3537,150.790105943026,5.86278242801063,Kingston,-76.792,17.9927,Upper middle income,IBRD,8.632030342441317,NA,59.2,2.7,20.6,6.450814457831325,3.321717557251908,113.10509156626506,0.08,2171.269230769231,5.75,20538.24166666667,19.656150793650795,1.181394422310757,15408474.51,21917939.97,0.7030074236488567,-1.2538762092590332,NA,NA,NA,NA,1950155.2589999342,3,NA,NA,NA,NA,26.97,0.617,NA,NA,NA,NA,NA,23.49359484403657,14.483420060149946,NA,0,0,0,0,0,0,JAM_2021
JAM,2022,Latin America & Caribbean,Jamaica,JM,,2026-04-08,5965.46127464873,NA,NA,NA,1.69418617103882,NA,18813516805.214,153.426816475659,10.3495688391272,Kingston,-76.792,17.9927,Upper middle income,IBRD,8.693909279325014,NA,58.4,2.8,19.8,6.7290124,4.403984674329502,120.6980116,1.6833333333333333,682.9807692307693,1.325,21607.55,25.6371484375,-0.035622489959839354,13871338.07,19133841.51,0.72496357110256,NA,NA,NA,NA,NA,NA,NA,NA,NA,NA,NA,26.97,0,NA,NA,NA,NA,NA,23.65784142749463,NA,NA,0,0,0,0,1,0,JAM_2022
JAM,2023,Latin America & Caribbean,Jamaica,JM,,2026-04-08,6127.90771263434,NA,NA,NA,2.29897160435092,NA,21418804319.6395,154.158779031722,6.47413734662063,Kingston,-76.792,17.9927,Upper middle income,IBRD,8.720771825880824,NA,58.9,2.3,19.7,7.080916064257028,4.205076923076923,120.26631887550201,5.024166666666667,343.90384615384613,3.375,20869.600000000002,16.849027237354086,-0.62396,13497445.03,19099736.58,0.7066822609550357,NA,NA,NA,NA,NA,NA,NA,NA,NA,NA,NA,44.87,0.664,NA,NA,NA,NA,NA,23.787535079709546,NA,NA,0,0,0,0,0,1,JAM_2023
JAM,2024,Latin America & Caribbean,Jamaica,JM,,2026-04-08,6096.4327030963,NA,NA,NA,1.38581813054415,NA,22014397089.7689,156.439540115298,5.41194447981659,Kingston,-76.792,17.9927,Upper middle income,IBRD,8.715623093226595,NA,58,2.2,20,7.195725498007969,3.1492015209125475,122.89302988047808,5.1433333333333335,198.34615384615384,2.4,21133.908333333333,15.550656370656371,-0.1644,NA,NA,NA,NA,NA,NA,NA,NA,NA,NA,NA,NA,NA,NA,60.92,0.357,NA,NA,NA,NA,NA,23.81496248948654,NA,NA,0,0,0,0,0,1,JAM_2024
JAM,2025,Latin America & Caribbean,Jamaica,JM,,2026-04-08,NA,NA,NA,NA,NA,NA,NA,NA,NA,Kingston,-76.792,17.9927,Upper middle income,IBRD,NA,NA,NA,NA,NA,7.1875432,3.0473946360153255,122.7202868,4.2125,115.9245283018868,2.025,21967.716666666667,18.926666666666666,0.4818875502008032,NA,NA,NA,NA,NA,NA,NA,NA,NA,NA,NA,NA,NA,NA,115,0.888,NA,NA,NA,NA,NA,NA,NA,NA,0,0,0,0,0,1,JAM_2025
TTO,2015,Latin America & Caribbean,Trinidad and Tobago,TT,,2026-04-08,19887.2327716498,NA,NA,NA,0.658801127950337,NA,26841141793.2143,6.37744166666667,4.66121598098264,Port-of-Spain,-61.4789,10.6596,High income,IBRD,9.897883517807593,NA,65.7,NA,20.5,6.282743426294821,5.365538461538462,108.16961726907631,0.1325,207.1153846153846,2.1,12074.325,16.674126984126985,1.4515139442231075,13295633.154000001,26895743.986,0.49433966805011065,2.2808303833007812,NA,NA,NA,NA,1962220.942784879,2,NA,NA,NA,NA,4.68,NA,NA,NA,NA,NA,NA,24.013201688913103,14.489588033395247,NA,0,0,0,0,0,0,TTO_2015
TTO,2016,Latin America & Caribbean,Trinidad and Tobago,TT,,2026-04-08,18331.034459758,NA,NA,NA,-0.0998893521188151,NA,23624322192.6274,6.66896666666667,3.07066742464024,Port-of-Spain,-61.4789,10.6596,High income,IBRD,9.816405325387121,NA,65.3,1.1,19.9,6.640016334661355,5.972480916030534,113.06646008064516,0.395,891.7692307692307,2.175,12892.066666666666,15.82563492063492,1.00324,8418838.007,18270297.785,0.4607936940092955,2.2808303833007812,NA,NA,NA,NA,NA,NA,NA,NA,NA,NA,6.91,0.477,NA,NA,NA,NA,NA,23.885542619697816,NA,NA,0,0,0,0,0,0,TTO_2016
TTO,2017,Latin America & Caribbean,Trinidad and Tobago,TT,,2026-04-08,17402.6155328454,NA,NA,80.7833517134774,-1.97594519661626,NA,23830750900.6899,6.779525,1.88038440183532,Port-of-Spain,-61.4789,10.6596,High income,IBRD,9.764433252861414,NA,63.8,1.2,20.1,6.756870281124498,3.7646153846153845,112.81009919678715,1.0016666666666667,771.5192307692307,3.025,13621.366666666667,11.0902390438247,0.93028,6070816.3719999995,20793001.265,0.29196441122805844,1.595334529876709,NA,NA,NA,NA,0,1,NA,NA,NA,NA,9.71,0.405,NA,NA,NA,NA,NA,23.89424263833232,0,NA,0,0,0,0,0,0,TTO_2017
TTO,2018,Latin America & Caribbean,Trinidad and Tobago,TT,,2026-04-08,17205.615135339,NA,NA,NA,-2.93172548825317,NA,23883058083.2171,6.77075089824606,1.01856930188822,Port-of-Spain,-61.4789,10.6596,High income,IBRD,9.753049189753382,NA,61.9,1.9,20.7,6.6090429718875505,3.626015325670498,112.00375403225806,1.8316666666666666,750.7115384615385,2.125,14141.441666666666,16.6398406374502,0.38417670682730926,6532735.791,20262919.212,0.3223985509023407,1.595334529876709,NA,NA,NA,NA,11062646.619044995,5,NA,NA,NA,NA,11.72,0.207,NA,NA,NA,NA,NA,23.896435177749872,16.219084912303753,NA,0,0,0,0,0,0,TTO_2018
TTO,2019,Latin America & Caribbean,Trinidad and Tobago,TT,,2026-04-08,17225.361633712,NA,NA,NA,0.783604895019003,NA,23477745791.6977,6.7543266828632,1.00054293027237,Port-of-Spain,-61.4789,10.6596,High income,IBRD,9.75419614261024,NA,60.9,2.1,20.6,6.908139357429719,4.075823754789272,115.73329798387097,2.158333333333333,258.5769230769231,3.375,14863.433333333332,15.387857142857143,0.1726,4588950.206,18897033.119,0.24283971865329726,1.595334529876709,NA,NA,NA,NA,295507957.7239661,6,NA,NA,NA,NA,10.92,-0.068,NA,NA,NA,NA,NA,23.879318821875756,19.504206327523764,NA,0,0,0,0,0,0,TTO_2019
TTO,2020,Latin America & Caribbean,Trinidad and Tobago,TT,,2026-04-08,15679.9611486825,NA,NA,NA,5.0552618910961,NA,20888515184.2239,6.75105268711505,0.598986330824643,Port-of-Spain,-61.4789,10.6596,High income,IBRD,9.660202589773377,NA,59,2.3,21.2,6.9041904,5.5483969465648855,117.7739632,0.37583333333333335,132821.28301886792,1.5749999999999995,17696.283333333333,29.251304347826085,0.5005577689243028,6351147.914,17444228.506,0.3640830496926534,1.595334529876709,NA,NA,NA,NA,16523971.345682003,7,NA,NA,NA,NA,16.68,0.527,NA,NA,NA,NA,NA,23.762465332211043,16.620322753912426,NA,0,0,0,1,0,0,TTO_2020
TTO,2021,Latin America & Caribbean,Trinidad and Tobago,TT,,2026-04-08,15558.0940536829,NA,NA,NA,-3.85907284846354,NA,24222963262.7213,6.75853004916294,2.05922746915458,Port-of-Spain,-61.4789,10.6596,High income,IBRD,9.65240057326635,NA,59.2,2.7,20.6,6.450814457831325,3.321717557251908,113.10509156626506,0.08,2171.269230769231,5.75,20538.24166666667,19.656150793650795,1.181394422310757,4554725.083,14957496.349,0.3045111947030167,1.343562126159668,NA,NA,NA,NA,411836872.32102096,11,NA,NA,NA,NA,26.97,0.617,NA,NA,NA,NA,NA,23.910566915387694,19.836137890368228,NA,0,0,0,0,0,0,TTO_2021
TTO,2022,Latin America & Caribbean,Trinidad and Tobago,TT,,2026-04-08,15712.230497272,NA,NA,NA,4.1369722626234,NA,28341164301.126,6.75412896099475,5.82838638517959,Port-of-Spain,-61.4789,10.6596,High income,IBRD,9.662258343290967,NA,58.4,2.8,19.8,6.7290124,4.403984674329502,120.6980116,1.6833333333333333,682.9807692307693,1.325,21607.55,25.6371484375,-0.035622489959839354,7168054.043,20539236.518,0.3489932080346863,NA,NA,NA,NA,NA,NA,NA,NA,NA,NA,NA,26.97,0,NA,NA,NA,NA,NA,24.06758115371459,NA,NA,0,0,0,0,1,0,TTO_2022
TTO,2023,Latin America & Caribbean,Trinidad and Tobago,TT,,2026-04-08,15922.7668349788,NA,NA,NA,-5.98486458707791,NA,25036993423.3664,6.75026237934502,4.62930242419968,Port-of-Spain,-61.4789,10.6596,High income,IBRD,9.675568041647947,NA,58.9,2.3,19.7,7.080916064257028,4.205076923076923,120.26631887550201,5.024166666666667,343.90384615384613,3.375,20869.600000000002,16.849027237354086,-0.62396,6690268.399,17149449.418,0.39011563788035775,NA,NA,NA,NA,NA,NA,NA,NA,NA,NA,NA,44.87,0.664,NA,NA,NA,NA,NA,23.943620305057333,NA,NA,0,0,0,0,0,1,TTO_2023
TTO,2024,Latin America & Caribbean,Trinidad and Tobago,TT,,2026-04-08,16312.4849555716,NA,NA,74.5920641469519,-1.76782828873977,NA,25633544529.4849,6.75012324870591,0.526884625776839,Port-of-Spain,-61.4789,10.6596,High income,IBRD,9.699747342660407,NA,58,2.2,20,7.195725498007969,3.1492015209125475,122.89302988047808,5.1433333333333335,198.34615384615384,2.4,21133.908333333333,15.550656370656371,-0.1644,NA,NA,NA,NA,NA,NA,NA,NA,NA,NA,NA,NA,NA,NA,60.92,0.357,NA,NA,NA,NA,NA,23.967167663916616,NA,NA,0,0,0,0,0,1,TTO_2024
TTO,2025,Latin America & Caribbean,Trinidad and Tobago,TT,,2026-04-08,NA,NA,NA,NA,NA,NA,NA,NA,NA,Port-of-Spain,-61.4789,10.6596,High income,IBRD,NA,NA,NA,NA,NA,7.1875432,3.0473946360153255,122.7202868,4.2125,115.9245283018868,2.025,21967.716666666667,18.926666666666666,0.4818875502008032,NA,NA,NA,NA,NA,NA,NA,NA,NA,NA,NA,NA,NA,NA,115,0.888,NA,NA,NA,NA,NA,NA,NA,NA,0,0,0,0,0,1,TTO_2025
GUY,2015,Latin America & Caribbean,Guyana,GY,,2026-04-08,5640.41560569466,NA,NA,NA,3.21740985101614,NA,4279840193.7046,206.5,-1.00173432776374,Georgetown,-58.1548,6.80461,High income,IDA,8.637890306915894,NA,65.7,NA,20.5,6.282743426294821,5.365538461538462,108.16961726907631,0.1325,207.1153846153846,2.1,12074.325,16.674126984126985,1.4515139442231075,4128157.464,4750568.887,0.8689817077059471,2.2808303833007812,NA,NA,NA,NA,48661735.25689906,3,1,0,NA,NA,4.68,NA,NA,NA,NA,NA,NA,22.177181508157208,17.70040357608257,NA,0,0,0,0,0,0,GUY_2015
GUY,2016,Latin America & Caribbean,Guyana,GY,,2026-04-08,5818.61682204646,NA,NA,NA,1.29386384235538,NA,4482697336.56174,206.5,0.836008061506207,Georgetown,-58.1548,6.80461,High income,IDA,8.668989700421712,NA,65.3,1.1,19.9,6.640016334661355,5.972480916030534,113.06646008064516,0.395,891.7692307692307,2.175,12892.066666666666,15.82563492063492,1.00324,4226673,5532986,0.7639045173799464,2.2808303833007812,NA,NA,NA,NA,2149064.205212406,3,1,0,NA,NA,6.91,0.477,NA,NA,NA,NA,NA,22.22349078647046,14.580543517282718,NA,0,0,0,0,0,0,GUY_2016
GUY,2017,Latin America & Caribbean,Guyana,GY,,2026-04-08,5997.18271426826,NA,NA,NA,4.46995182690347,NA,4748174334.14044,206.5,1.90465615515584,Georgetown,-58.1548,6.80461,High income,IDA,8.699211821377201,NA,63.8,1.2,20.1,6.756870281124498,3.7646153846153845,112.81009919678715,1.0016666666666667,771.5192307692307,3.025,13621.366666666667,11.0902390438247,0.93028,3197399.163,4353615.682,0.7344238436616326,1.0840957164764404,NA,NA,NA,NA,57148162.022295326,15,1,0,NA,NA,9.71,0.405,NA,NA,NA,NA,NA,22.281026030614626,17.861157804596548,NA,0,0,0,0,0,0,GUY_2017
GUY,2018,Latin America & Caribbean,Guyana,GY,,2026-04-08,6080.90612132746,NA,NA,NA,25.7279321835024,NA,4787636997.85343,207.716666666667,1.28284288443528,Georgetown,-58.1548,6.80461,High income,IDA,8.713073432624505,NA,61.9,1.9,20.7,6.6090429718875505,3.626015325670498,112.00375403225806,1.8316666666666666,750.7115384615385,2.125,14141.441666666666,16.6398406374502,0.38417670682730926,2904293.748,3854905.886,0.7534019853889632,1.0840957164764404,NA,NA,NA,NA,53373381.24347023,12,1,0,NA,NA,11.72,0.207,NA,NA,NA,NA,NA,22.289302806992243,17.7928227197979,NA,0,0,0,0,0,0,GUY_2018
GUY,2019,Latin America & Caribbean,Guyana,GY,,2026-04-08,6278.63054079553,NA,NA,NA,51.9994680084664,NA,5173760191.84652,208.5,2.08723089162013,Georgetown,-58.1548,6.80461,High income,IDA,8.745066426648114,NA,60.9,2.1,20.6,6.908139357429719,4.075823754789272,115.73329798387097,2.158333333333333,258.5769230769231,3.375,14863.433333333332,15.387857142857143,0.1726,1986136.352,3855111.097,0.515195620055045,1.0840957164764404,NA,NA,NA,NA,38209061.76919854,8,1,0,NA,NA,10.92,-0.068,NA,NA,NA,NA,NA,22.366865571133324,17.458583290705572,NA,0,0,0,0,0,0,GUY_2019
GUY,2020,Latin America & Caribbean,Guyana,GY,,2026-04-08,9010.61000469878,NA,NA,NA,23.4509659519186,NA,5471256594.72422,208.5,0.99333702283873,Georgetown,-58.1548,6.80461,High income,IDA,9.106269025504641,NA,59,2.3,21.2,6.9041904,5.5483969465648855,117.7739632,0.37583333333333335,132821.28301886792,1.5749999999999995,17696.283333333333,29.251304347826085,0.5005577689243028,2566005.054,3158778.175,0.8123410103021875,1.0840957164764404,NA,NA,NA,NA,71468935.01709366,12,1,0,NA,NA,16.68,0.527,NA,NA,NA,NA,NA,22.42277415199284,18.08477345195919,NA,0,0,0,1,0,0,GUY_2020
GUY,2021,Latin America & Caribbean,Guyana,GY,,2026-04-08,10711.9973374148,NA,NA,NA,27.8124987352703,NA,8041362110.31175,208.5,5.03285574626702,Georgetown,-58.1548,6.80461,High income,IDA,9.279212987724751,NA,59.2,2.7,20.6,6.450814457831325,3.321717557251908,113.10509156626506,0.08,2171.269230769231,5.75,20538.24166666667,19.656150793650795,1.181394422310757,6374133.416,7388027.693000001,0.8627652305688237,1.0840957164764404,NA,NA,NA,NA,210592134.29256594,12,1,0,NA,NA,26.97,0.617,NA,NA,NA,NA,NA,22.807864322617696,19.165433812677023,NA,0,0,0,0,0,0,GUY_2021
GUY,2022,Latin America & Caribbean,Guyana,GY,,2026-04-08,17365.3336428642,NA,NA,NA,-20.3619575428882,NA,14718388489.2086,208.5,6.11505550109935,Georgetown,-58.1548,6.80461,High income,IDA,9.762288762854794,NA,58.4,2.8,19.8,6.7290124,4.403984674329502,120.6980116,1.6833333333333333,682.9807692307693,1.325,21607.55,25.6371484375,-0.035622489959839354,10086435.799,10801492.765,0.9338001717395031,NA,NA,NA,NA,NA,NA,NA,1,0,NA,NA,26.97,0,NA,NA,NA,NA,NA,23.412363466686685,NA,NA,0,0,0,0,1,0,GUY_2022
GUY,2023,Latin America & Caribbean,Guyana,GY,,2026-04-08,23101.3538282741,NA,NA,NA,-6.70884466235383,NA,16918503597.1223,208.5,2.82110335099641,Georgetown,-58.1548,6.80461,High income,IDA,10.047689788646588,NA,58.9,2.3,19.7,7.080916064257028,4.205076923076923,120.26631887550201,5.024166666666667,343.90384615384613,3.375,20869.600000000002,16.849027237354086,-0.62396,10296997.649999999,12868404.17,0.8001767362891274,NA,NA,NA,NA,NA,NA,NA,1,0,NA,NA,44.87,0.664,NA,NA,NA,NA,NA,23.551673747386168,NA,NA,0,0,0,0,0,1,GUY_2023
GUY,2024,Latin America & Caribbean,Guyana,GY,,2026-04-08,33034.9576389333,NA,NA,NA,34.9900722943113,NA,24662709832.1343,208.5,2.90395226446373,Georgetown,-58.1548,6.80461,High income,IDA,10.405351872659937,NA,58,2.2,20,7.195725498007969,3.1492015209125475,122.89302988047808,5.1433333333333335,198.34615384615384,2.4,21133.908333333333,15.550656370656371,-0.1644,NA,NA,NA,NA,NA,NA,NA,NA,NA,NA,NA,NA,NA,NA,60.92,0.357,NA,NA,NA,NA,NA,23.92855821644483,NA,NA,0,0,0,0,0,1,GUY_2024
GUY,2025,Latin America & Caribbean,Guyana,GY,,2026-04-08,NA,NA,NA,NA,NA,NA,NA,NA,NA,Georgetown,-58.1548,6.80461,High income,IDA,NA,NA,NA,NA,NA,7.1875432,3.0473946360153255,122.7202868,4.2125,115.9245283018868,2.025,21967.716666666667,18.926666666666666,0.4818875502008032,NA,NA,NA,NA,NA,NA,NA,NA,NA,NA,NA,NA,NA,NA,115,0.888,NA,NA,NA,NA,NA,NA,NA,NA,0,0,0,0,0,1,GUY_2025
SUR,2015,Latin America & Caribbean,Suriname,SR,,2026-04-08,8813.61705392067,NA,NA,NA,3.5828587235507,NA,5126237646.22072,3.41666666666667,6.89390359168238,Paramaribo,-55.1679,5.8232,Upper middle income,Blend,9.084166651338194,NA,65.7,NA,20.5,6.282743426294821,5.365538461538462,108.16961726907631,0.1325,207.1153846153846,2.1,12074.325,16.674126984126985,1.4515139442231075,7082198.587,8954880.688,0.7908758177527156,-1.9393720626831055,NA,NA,NA,NA,287724511.4968923,8,NA,NA,NA,NA,4.68,NA,NA,NA,NA,NA,NA,22.357637824956978,19.477514026480414,NA,0,0,0,0,0,0,SUR_2015
SUR,2016,Latin America & Caribbean,Suriname,SR,,2026-04-08,8293.31553031406,NA,NA,NA,6.9833403838341,NA,3317421648.09918,6.22863027848978,55.4123879763196,Paramaribo,-55.1679,5.8232,Upper middle income,Blend,9.023325683284302,NA,65.3,1.1,19.9,6.640016334661355,5.972480916030534,113.06646008064516,0.395,891.7692307692307,2.175,12892.066666666666,15.82563492063492,1.00324,4710521.723,6667669.751999999,0.7064719607006715,-1.2538762092590332,NA,NA,NA,NA,503507524.07120246,13,NA,NA,NA,NA,6.91,0.477,NA,NA,NA,NA,NA,21.922453706438592,20.037109215534947,NA,0,0,0,0,0,0,SUR_2016
SUR,2017,Latin America & Caribbean,Suriname,SR,,2026-04-08,8338.69235401862,NA,NA,NA,2.67494793416759,NA,3591679430.99988,7.487661125,21.9969430173304,Paramaribo,-55.1679,5.8232,Upper middle income,Blend,9.028781606665053,NA,63.8,1.2,20.1,6.756870281124498,3.7646153846153845,112.81009919678715,1.0016666666666667,771.5192307692307,3.025,13621.366666666667,11.0902390438247,0.93028,3805710.314,4393682.558,0.8661778050101906,-1.2538762092590332,NA,NA,NA,NA,284415301.8006767,10,NA,NA,NA,NA,9.71,0.405,NA,NA,NA,NA,NA,22.001885738414895,19.46594606176182,NA,0,0,0,0,0,0,SUR_2017
SUR,2018,Latin America & Caribbean,Suriname,SR,,2026-04-08,8666.64870697797,NA,NA,NA,3.27713336345246,NA,3996198866.57453,7.4625111984127,NA,Paramaribo,-55.1679,5.8232,Upper middle income,Blend,9.067352834259763,NA,61.9,1.9,20.7,6.6090429718875505,3.626015325670498,112.00375403225806,1.8316666666666666,750.7115384615385,2.125,14141.441666666666,16.6398406374502,0.38417670682730926,2501489.11,6223922.84,0.4019151866606367,-1.2538762092590332,NA,NA,NA,NA,202556971.35007277,6,NA,NA,NA,NA,11.72,0.207,NA,NA,NA,NA,NA,22.108609463154693,19.126531749879433,NA,0,0,0,0,0,0,SUR_2018
SUR,2019,Latin America & Caribbean,Suriname,SR,,2026-04-08,8677.30522021731,NA,NA,NA,2.09560541663346,NA,4016040575.08796,7.458,NA,Paramaribo,-55.1679,5.8232,Upper middle income,Blend,9.068581537463375,NA,60.9,2.1,20.6,6.908139357429719,4.075823754789272,115.73329798387097,2.158333333333333,258.5769230769231,3.375,14863.433333333332,15.387857142857143,0.1726,3321035.701,4700960.057,0.7064590340551365,-1.2538762092590332,NA,NA,NA,NA,426271216.716273,13,NA,NA,NA,NA,10.92,-0.068,NA,NA,NA,NA,NA,22.113562322892356,19.87058636295662,NA,0,0,0,0,0,0,SUR_2019
SUR,2020,Latin America & Caribbean,Suriname,SR,,2026-04-08,7213.10766669943,NA,NA,NA,0.0357132024302943,NA,2911807496.20227,9.30954545454546,34.889784309078,Paramaribo,-55.1679,5.8232,Upper middle income,Blend,8.88379378604014,NA,59,2.3,21.2,6.9041904,5.5483969465648855,117.7739632,0.37583333333333335,132821.28301886792,1.5749999999999995,17696.283333333333,29.251304347826085,0.5005577689243028,1471565.8059999999,2584033.027,0.56948413221655,-1.2538762092590332,NA,NA,NA,NA,161860435.128608,5,NA,NA,NA,NA,16.68,0.527,NA,NA,NA,NA,NA,21.792039858365715,18.902245016508665,NA,0,0,0,1,0,0,SUR_2020
SUR,2021,Latin America & Caribbean,Suriname,SR,,2026-04-08,6973.89941868115,NA,NA,NA,-4.26991302669251,NA,3107923197.96954,18.2386666666667,59.1196626251977,Paramaribo,-55.1679,5.8232,Upper middle income,Blend,8.850073186324826,NA,59.2,2.7,20.6,6.450814457831325,3.321717557251908,113.10509156626506,0.08,2171.269230769231,5.75,20538.24166666667,19.656150793650795,1.181394422310757,1350714.74,2026908.26,0.6663916501085254,-1.2538762092590332,NA,NA,NA,NA,156885271.31782898,9,NA,NA,NA,NA,26.97,0.617,NA,NA,NA,NA,NA,21.857220558390235,18.871025346617007,NA,0,0,0,0,0,0,SUR_2021
SUR,2022,Latin America & Caribbean,Suriname,SR,,2026-04-08,7081.33357325783,NA,NA,NA,-0.245419018781694,NA,3791603200.0259,24.7091747565789,52.446027276241,Paramaribo,-55.1679,5.8232,Upper middle income,Blend,8.865358733124005,NA,58.4,2.8,19.8,6.7290124,4.403984674329502,120.6980116,1.6833333333333333,682.9807692307693,1.325,21607.55,25.6371484375,-0.035622489959839354,1939776.56,2590694.5500000003,0.7487476900740768,NA,NA,NA,NA,NA,NA,NA,NA,NA,NA,NA,26.97,0,NA,NA,NA,NA,NA,22.056054774784258,NA,NA,0,0,0,0,1,0,SUR_2022
SUR,2023,Latin America & Caribbean,Suriname,SR,,2026-04-08,7186.47308739957,NA,NA,NA,-1.52896596211284,NA,3472693412.08497,36.7758691666667,51.5873159600861,Paramaribo,-55.1679,5.8232,Upper middle income,Blend,8.880094940736797,NA,58.9,2.3,19.7,7.080916064257028,4.205076923076923,120.26631887550201,5.024166666666667,343.90384615384613,3.375,20869.600000000002,16.849027237354086,-0.62396,2202925.499,2840204.515,0.775622138252956,NA,NA,NA,NA,NA,NA,NA,NA,NA,NA,NA,44.87,0.664,NA,NA,NA,NA,NA,21.96819632955426,NA,NA,0,0,0,0,0,1,SUR_2023
SUR,2024,Latin America & Caribbean,Suriname,SR,,2026-04-08,7246.2576795921,NA,NA,NA,-0.850285319023894,NA,4416775112.09627,33.1805516666667,16.2296159130279,Paramaribo,-55.1679,5.8232,Upper middle income,Blend,8.888378425202987,NA,58,2.2,20,7.195725498007969,3.1492015209125475,122.89302988047808,5.1433333333333335,198.34615384615384,2.4,21133.908333333333,15.550656370656371,-0.1644,NA,NA,NA,NA,NA,NA,NA,NA,NA,NA,NA,NA,NA,NA,60.92,0.357,NA,NA,NA,NA,NA,22.20867565431768,NA,NA,0,0,0,0,0,1,SUR_2024
SUR,2025,Latin America & Caribbean,Suriname,SR,,2026-04-08,NA,NA,NA,NA,NA,NA,NA,NA,NA,Paramaribo,-55.1679,5.8232,Upper middle income,Blend,NA,NA,NA,NA,NA,7.1875432,3.0473946360153255,122.7202868,4.2125,115.9245283018868,2.025,21967.716666666667,18.926666666666666,0.4818875502008032,NA,NA,NA,NA,NA,NA,NA,NA,NA,NA,NA,NA,NA,NA,115,0.888,NA,NA,NA,NA,NA,NA,NA,NA,0,0,0,0,0,1,SUR_2025
BLZ,2015,Latin America & Caribbean,Belize,BZ,,2026-04-08,6154.62264230369,104.070958799941,NA,NA,2.69569808214426,NA,2193095150,2,-0.861584009427747,Belmopan,-88.7713,17.2534,Upper middle income,Blend,8.725121193908958,NA,65.7,NA,20.5,6.282743426294821,5.365538461538462,108.16961726907631,0.1325,207.1153846153846,2.1,12074.325,16.674126984126985,1.4515139442231075,2340514,2844112,0.8229331334349702,-1.2538762092590332,NA,NA,NA,NA,NA,NA,NA,NA,NA,NA,4.68,NA,NA,NA,NA,NA,NA,21.5085796939498,NA,NA,0,0,0,0,0,0,BLZ_2015
BLZ,2016,Latin America & Caribbean,Belize,BZ,,2026-04-08,6012.21296983668,96.4998358304218,NA,NA,1.46157075571746,NA,2239604950,2,0.663427167917601,Belmopan,-88.7713,17.2534,Upper middle income,Blend,8.701714488645633,NA,65.3,1.1,19.9,6.640016334661355,5.972480916030534,113.06646008064516,0.395,891.7692307692307,2.175,12892.066666666666,15.82563492063492,1.00324,4046243,4739103,0.8537993371319424,-1.2538762092590332,NA,NA,NA,NA,NA,NA,NA,NA,NA,NA,6.91,0.477,NA,NA,NA,NA,NA,21.52956532609919,NA,NA,0,0,0,0,0,0,BLZ_2016
BLZ,2017,Latin America & Caribbean,Belize,BZ,,2026-04-08,5767.61921963762,97.7072571800462,NA,NA,1.40473162686238,NA,2266028250,2,1.14765339305816,Belmopan,-88.7713,17.2534,Upper middle income,Blend,8.66018802750883,NA,63.8,1.2,20.1,6.756870281124498,3.7646153846153845,112.81009919678715,1.0016666666666667,771.5192307692307,3.025,13621.366666666667,11.0902390438247,0.93028,2179204.5,2586689.4899999998,0.842468533012828,-1.2538762092590332,NA,NA,NA,NA,NA,NA,NA,NA,NA,NA,9.71,0.405,NA,NA,NA,NA,NA,21.541294466817845,NA,NA,0,0,0,0,0,0,BLZ_2017
BLZ,2018,Latin America & Caribbean,Belize,BZ,,2026-04-08,5707.61059954436,100.989214362975,NA,NA,5.33885311944147,NA,2285915050,2,0.269982622646335,Belmopan,-88.7713,17.2534,Upper middle income,Blend,8.649730945465679,NA,61.9,1.9,20.7,6.6090429718875505,3.626015325670498,112.00375403225806,1.8316666666666666,750.7115384615385,2.125,14141.441666666666,16.6398406374502,0.38417670682730926,2724410.61,3240461.31,0.8407477668665637,-1.2538762092590332,NA,NA,NA,NA,NA,NA,NA,NA,NA,NA,11.72,0.207,NA,NA,NA,NA,NA,21.55003224108613,NA,NA,0,0,0,0,0,0,BLZ_2018
BLZ,2019,Latin America & Caribbean,Belize,BZ,,2026-04-08,5864.14611827109,102.441856907677,NA,NA,3.94384011758557,NA,2381187850,2,0.187069385181424,Belmopan,-88.7713,17.2534,Upper middle income,Blend,8.676782674378446,NA,60.9,2.1,20.6,6.908139357429719,4.075823754789272,115.73329798387097,2.158333333333333,258.5769230769231,3.375,14863.433333333332,15.387857142857143,0.1726,1892392.2550000001,2431322.63,0.7783386012410867,-1.2538762092590332,NA,NA,NA,NA,NA,NA,NA,NA,NA,NA,10.92,-0.068,NA,NA,NA,NA,NA,21.590865297181107,NA,NA,0,0,0,0,0,0,BLZ_2019
BLZ,2020,Latin America & Caribbean,Belize,BZ,,2026-04-08,5006.48453276935,81.6431433128545,NA,NA,3.72214070775569,NA,2047284600,2,0.121434644614893,Belmopan,-88.7713,17.2534,Upper middle income,Blend,8.518688978722292,NA,59,2.3,21.2,6.9041904,5.5483969465648855,117.7739632,0.37583333333333335,132821.28301886792,1.5749999999999995,17696.283333333333,29.251304347826085,0.5005577689243028,1372969.33,2061200.685,0.6661017241026194,-1.2538762092590332,NA,NA,NA,NA,NA,NA,NA,NA,NA,NA,16.68,0.527,NA,NA,NA,NA,NA,21.439780167180686,NA,NA,0,0,0,1,0,0,BLZ_2020
BLZ,2021,Latin America & Caribbean,Belize,BZ,,2026-04-08,5839.40157956017,98.9824369429997,NA,NA,5.16738739330779,NA,2428606250,2,3.2356365923707,Belmopan,-88.7713,17.2534,Upper middle income,Blend,8.67255483708148,NA,59.2,2.7,20.6,6.450814457831325,3.321717557251908,113.10509156626506,0.08,2171.269230769231,5.75,20538.24166666667,19.656150793650795,1.181394422310757,1797738.64,2678994.27,0.6710498264708867,-1.2538762092590332,NA,NA,NA,NA,NA,NA,NA,NA,NA,NA,26.97,0.617,NA,NA,NA,NA,NA,21.610583370491575,NA,NA,0,0,0,0,0,0,BLZ_2021
BLZ,2022,Latin America & Caribbean,Belize,BZ,,2026-04-08,6262.56088273674,107.840250086037,NA,NA,4.9500369666965804,NA,2846604350,2,6.27689319447543,Belmopan,-88.7713,17.2534,Upper middle income,Blend,8.74250413347916,NA,58.4,2.8,19.8,6.7290124,4.403984674329502,120.6980116,1.6833333333333333,682.9807692307693,1.325,21607.55,25.6371484375,-0.035622489959839354,2338865.6550000003,2984728.62,0.7836108245579795,NA,NA,NA,NA,NA,NA,NA,NA,NA,NA,NA,26.97,0,NA,NA,NA,NA,NA,21.76939266508976,NA,NA,0,0,0,0,1,0,BLZ_2022
BLZ,2023,Latin America & Caribbean,Belize,BZ,,2026-04-08,6165.69414825936,106.400505850771,NA,NA,0.525413666914349,NA,3052362650,2,4.38984017487674,Belmopan,-88.7713,17.2534,Upper middle income,Blend,8.726918178862867,NA,58.9,2.3,19.7,7.080916064257028,4.205076923076923,120.26631887550201,5.024166666666667,343.90384615384613,3.375,20869.600000000002,16.849027237354086,-0.62396,1972876.175,2478895.085,0.7958691704776203,NA,NA,NA,NA,NA,NA,NA,NA,NA,NA,NA,44.87,0.664,NA,NA,NA,NA,NA,21.839181767359406,NA,NA,0,0,0,0,0,1,BLZ_2023
BLZ,2024,Latin America & Caribbean,Belize,BZ,,2026-04-08,6290.49294452749,108.972446521476,NA,67.9682001512007,4.00992513639046,NA,3203631800,2,3.28955985952768,Belmopan,-88.7713,17.2534,Upper middle income,Blend,8.746953673602082,NA,58,2.2,20,7.195725498007969,3.1492015209125475,122.89302988047808,5.1433333333333335,198.34615384615384,2.4,21133.908333333333,15.550656370656371,-0.1644,NA,NA,NA,NA,NA,NA,NA,NA,NA,NA,NA,NA,NA,NA,60.92,0.357,NA,NA,NA,NA,NA,21.887550941009557,NA,NA,0,0,0,0,0,1,BLZ_2024
BLZ,2025,Latin America & Caribbean,Belize,BZ,,2026-04-08,NA,NA,NA,NA,NA,NA,NA,NA,NA,Belmopan,-88.7713,17.2534,Upper middle income,Blend,NA,NA,NA,NA,NA,7.1875432,3.0473946360153255,122.7202868,4.2125,115.9245283018868,2.025,21967.716666666667,18.926666666666666,0.4818875502008032,NA,NA,NA,NA,NA,NA,NA,NA,NA,NA,NA,NA,NA,NA,115,0.888,NA,NA,NA,NA,NA,NA,NA,NA,0,0,0,0,0,1,BLZ_2025
HTI,2015,Latin America & Caribbean,Haiti,HT,,2026-04-08,1411.12684746796,41.9457381172044,NA,NA,0.711667596569424,NA,14849629308.6025,50.7064266739439,6.73184069658997,Port-au-Prince,-72.3288,18.5392,Lower middle income,IDA,7.252852249335489,NA,65.7,NA,20.5,6.282743426294821,5.365538461538462,108.16961726907631,0.1325,207.1153846153846,2.1,12074.325,16.674126984126985,1.4515139442231075,2459205.059,3462398.342,0.7102605812765838,2.2808303833007812,NA,NA,NA,NA,897820455.663161,2,2,1,NA,NA,4.68,NA,NA,NA,NA,NA,NA,23.421240739567224,20.615480669375714,NA,0,0,0,0,0,0,HTI_2015
HTI,2016,Latin America & Caribbean,Haiti,HT,,2026-04-08,1416.74881879698,41.4109022161974,NA,NA,0.745596209929376,NA,14069277526.2278,63.3358183698924,11.5029073942666,Port-au-Prince,-72.3288,18.5392,Lower middle income,IDA,7.256825553740541,NA,65.3,1.1,19.9,6.640016334661355,5.972480916030534,113.06646008064516,0.395,891.7692307692307,2.175,12892.066666666666,15.82563492063492,1.00324,1612886.5860000001,2329517.895,0.6923692620957522,2.2808303833007812,NA,NA,NA,NA,1417036258.3006616,7,2,1,NA,NA,6.91,0.477,NA,NA,NA,NA,NA,23.367259358298597,21.071833386107144,NA,0,0,0,0,0,0,HTI_2016
HTI,2017,Latin America & Caribbean,Haiti,HT,,2026-04-08,1432.67228609541,42.0745477868911,NA,32.6211865335773,2.48360915333592,NA,15093357161.1498,64.7696802849928,10.6800887242584,Port-au-Prince,-72.3288,18.5392,Lower middle income,IDA,7.267994463728087,NA,63.8,1.2,20.1,6.756870281124498,3.7646153846153845,112.81009919678715,1.0016666666666667,771.5192307692307,3.025,13621.366666666667,11.0902390438247,0.93028,NA,NA,NA,2.2808303833007812,NA,NA,NA,NA,0,2,2,1,NA,NA,9.71,0.405,NA,NA,NA,NA,NA,23.437520560936324,0,NA,0,0,0,0,0,0,HTI_2017
HTI,2018,Latin America & Caribbean,Haiti,HT,,2026-04-08,1437.35251928349,45.1385763027223,NA,NA,0.640093066153268,NA,16403864617.8458,68.0317539812812,12.4814111170435,Port-au-Prince,-72.3288,18.5392,Lower middle income,IDA,7.271253653775627,NA,61.9,1.9,20.7,6.6090429718875505,3.626015325670498,112.00375403225806,1.8316666666666666,750.7115384615385,2.125,14141.441666666666,16.6398406374502,0.38417670682730926,NA,NA,NA,2.2808303833007812,NA,NA,NA,NA,0,1,2,1,NA,NA,11.72,0.207,NA,NA,NA,NA,NA,23.52078279150665,0,NA,0,0,0,0,0,0,HTI_2018
HTI,2019,Latin America & Caribbean,Haiti,HT,,2026-04-08,1394.42114071112,44.5687187758294,NA,NA,0.499464210439719,NA,15016090929.5125,88.8149661769193,18.7037825672506,Port-au-Prince,-72.3288,18.5392,Lower middle income,IDA,7.2409515416778305,NA,60.9,2.1,20.6,6.908139357429719,4.075823754789272,115.73329798387097,2.158333333333333,258.5769230769231,3.375,14863.433333333332,15.387857142857143,0.1726,NA,NA,NA,2.2808303833007812,NA,NA,NA,NA,0,1,2,1,NA,NA,10.92,-0.068,NA,NA,NA,NA,NA,23.432388191787172,0,NA,0,0,0,0,0,0,HTI_2019
HTI,2020,Latin America & Caribbean,Haiti,HT,,2026-04-08,1331.69778506932,37.4138801252638,NA,NA,0.17231607778598,NA,14508222518.3018,93.5098072136213,22.7963113642528,Port-au-Prince,-72.3288,18.5392,Lower middle income,IDA,7.194960576596846,NA,59,2.3,21.2,6.9041904,5.5483969465648855,117.7739632,0.37583333333333335,132821.28301886792,1.5749999999999995,17696.283333333333,29.251304347826085,0.5005577689243028,NA,NA,NA,2.2808303833007812,NA,NA,NA,NA,NA,NA,2,1,NA,NA,16.68,0.527,NA,NA,NA,NA,NA,23.39798139594601,NA,NA,0,0,0,1,0,0,HTI_2020
HTI,2021,Latin America & Caribbean,Haiti,HT,,2026-04-08,1292.71954963551,37.0465594645645,NA,NA,0.244929572826407,NA,20944387975.7051,89.2266365116304,16.8415240198785,Port-au-Prince,-72.3288,18.5392,Lower middle income,IDA,7.165276720223075,NA,59.2,2.7,20.6,6.450814457831325,3.321717557251908,113.10509156626506,0.08,2171.269230769231,5.75,20538.24166666667,19.656150793650795,1.181394422310757,NA,NA,NA,1.0840957164764404,NA,NA,NA,NA,NA,NA,2,1,NA,NA,26.97,0.617,NA,NA,NA,NA,NA,23.765136570422186,NA,NA,0,0,0,0,0,0,HTI_2021
HTI,2022,Latin America & Caribbean,Haiti,HT,,2026-04-08,1256.72143592448,36.529550283828,NA,NA,0.194598953085393,NA,20253551920.5516,115.630715521746,33.98393194707,Port-au-Prince,-72.3288,18.5392,Lower middle income,IDA,7.1370569786579505,NA,58.4,2.8,19.8,6.7290124,4.403984674329502,120.6980116,1.6833333333333333,682.9807692307693,1.325,21607.55,25.6371484375,-0.035622489959839354,NA,NA,NA,NA,NA,NA,NA,NA,NA,NA,2,1,NA,NA,26.97,0,NA,NA,NA,NA,NA,23.731596018650972,NA,NA,0,0,0,0,1,0,HTI_2022
HTI,2023,Latin America & Caribbean,Haiti,HT,,2026-04-08,1219.11871645847,30.7854236995359,NA,NA,0.119129583029912,NA,19850585722.3241,141.035912702189,36.8135162780854,Port-au-Prince,-72.3288,18.5392,Lower middle income,IDA,7.106703441565647,NA,58.9,2.3,19.7,7.080916064257028,4.205076923076923,120.26631887550201,5.024166666666667,343.90384615384613,3.375,20869.600000000002,16.849027237354086,-0.62396,NA,NA,NA,NA,NA,NA,NA,NA,NA,NA,2,1,NA,NA,44.87,0.664,NA,NA,NA,NA,NA,23.71149935111652,NA,NA,0,0,0,0,0,1,HTI_2023
HTI,2024,Latin America & Caribbean,Haiti,HT,,2026-04-08,1154.87300909888,22.2478853726107,NA,NA,0.0792936453462934,NA,25224154990.7946,131.810991666667,26.9490564091987,Port-au-Prince,-72.3288,18.5392,Lower middle income,IDA,7.052611189477269,NA,58,2.2,20,7.195725498007969,3.1492015209125475,122.89302988047808,5.1433333333333335,198.34615384615384,2.4,21133.908333333333,15.550656370656371,-0.1644,NA,NA,NA,NA,NA,NA,NA,NA,NA,NA,NA,NA,NA,NA,60.92,0.357,NA,NA,NA,NA,NA,23.951067903786317,NA,NA,0,0,0,0,0,1,HTI_2024
HTI,2025,Latin America & Caribbean,Haiti,HT,,2026-04-08,NA,NA,NA,NA,NA,NA,NA,NA,NA,Port-au-Prince,-72.3288,18.5392,Lower middle income,IDA,NA,NA,NA,NA,NA,7.1875432,3.0473946360153255,122.7202868,4.2125,115.9245283018868,2.025,21967.716666666667,18.926666666666666,0.4818875502008032,NA,NA,NA,NA,NA,NA,NA,NA,NA,NA,NA,NA,NA,NA,115,0.888,NA,NA,NA,NA,NA,NA,NA,NA,0,0,0,0,0,1,HTI_2025
MDG,2015,Sub-Saharan Africa,Madagascar,MG,,2026-04-08,445.320069480568,61.2203788365078,NA,NA,2.89727727453157,NA,11323020701.3017,2933.50833333333,7.40419174202129,Antananarivo,45.7167,-20.4667,Low income,IDA,6.101036339211593,NA,65.7,NA,20.5,6.282743426294821,5.365538461538462,108.16961726907631,0.1325,207.1153846153846,2.1,12074.325,16.674126984126985,1.4515139442231075,1024590.486,7550262.588,0.1357026294195955,-0.17476625740528107,NA,NA,NA,NA,6387289.794111282,6,0,0,NA,NA,4.68,NA,NA,NA,NA,NA,NA,23.150103720617338,15.669820760568102,NA,0,0,0,0,0,0,MDG_2015
MDG,2016,Sub-Saharan Africa,Madagascar,MG,,2026-04-08,451.15659433146,60.8346984831423,NA,NA,4.56460803171494,NA,11848613858.442,3176.53916666667,6.03575858154679,Antananarivo,45.7167,-20.4667,Low income,IDA,6.11402856746908,NA,65.3,1.1,19.9,6.640016334661355,5.972480916030534,113.06646008064516,0.395,891.7692307692307,2.175,12892.066666666666,15.82563492063492,1.00324,198678.261,4929999.491,0.0402998542621959,-1.2538762092590332,NA,NA,NA,NA,172627290.47715756,9,1,0,NA,NA,6.91,0.477,NA,NA,NA,NA,NA,23.195476723798823,18.966645443912117,NA,0,0,0,0,0,0,MDG_2016
MDG,2017,Sub-Saharan Africa,Madagascar,MG,,2026-04-08,456.851859574031,65.3434015072915,NA,17.8678713278643,3.52797151000056,NA,13176313593.5509,3116.11,8.60905075422949,Antananarivo,45.7167,-20.4667,Low income,IDA,6.126545681080998,NA,63.8,1.2,20.1,6.756870281124498,3.7646153846153845,112.81009919678715,1.0016666666666667,771.5192307692307,3.025,13621.366666666667,11.0902390438247,0.93028,360529.97,6263883.638,0.057556939246577996,-1.2538762092590332,NA,NA,NA,NA,200219650.03768054,21,1,0,NA,NA,9.71,0.405,NA,NA,NA,NA,NA,23.30168662997499,19.11492557705968,NA,0,0,0,0,0,0,MDG_2017
MDG,2018,Sub-Saharan Africa,Madagascar,MG,,2026-04-08,459.330367799543,67.8415046683582,NA,NA,4.44792798727992,NA,13760033282.2925,3334.75225490196,8.59422958870476,Antananarivo,45.7167,-20.4667,Low income,IDA,6.131944422576065,NA,61.9,1.9,20.7,6.6090429718875505,3.626015325670498,112.00375403225806,1.8316666666666666,750.7115384615385,2.125,14141.441666666666,16.6398406374502,0.38417670682730926,107659.06000000001,6284060.03,0.017132086499180053,-1.2538762092590332,NA,NA,NA,NA,405342915.77669305,24,1,0,NA,NA,11.72,0.207,NA,NA,NA,NA,NA,23.345034088292614,19.82024397490633,NA,0,0,0,0,0,0,MDG_2018
MDG,2019,Sub-Saharan Africa,Madagascar,MG,,2026-04-08,467.27741349648,62.6013230457128,NA,NA,3.36279830994653,NA,14104664678.5063,3618.32185816072,5.61051441492365,Antananarivo,45.7167,-20.4667,Low income,IDA,6.1490608841839,NA,60.9,2.1,20.6,6.908139357429719,4.075823754789272,115.73329798387097,2.158333333333333,258.5769230769231,3.375,14863.433333333332,15.387857142857143,0.1726,135293.544,7435866.389,0.018194724988622974,-1.2538762092590332,NA,NA,NA,NA,179303706.30820078,8,1,0,NA,NA,10.92,-0.068,NA,NA,NA,NA,NA,23.369771407952687,19.00459161492714,NA,0,0,0,0,0,0,MDG_2019
MDG,2020,Sub-Saharan Africa,Madagascar,MG,,2026-04-08,422.924255422319,49.0107073664371,NA,NA,2.74657132352467,NA,13051441203.9474,3787.75405817574,4.20179312190557,Antananarivo,45.7167,-20.4667,Low income,IDA,6.04955479640153,NA,59,2.3,21.2,6.9041904,5.5483969465648855,117.7739632,0.37583333333333335,132821.28301886792,1.5749999999999995,17696.283333333333,29.251304347826085,0.5005577689243028,95358.86,5491937.274999999,0.017363428463410484,-1.2538762092590332,NA,NA,NA,NA,55081376.29035756,8,1,0,NA,NA,16.68,0.527,NA,NA,NA,NA,NA,23.2921644017781,17.82432223678366,NA,0,0,0,1,0,0,MDG_2020
MDG,2021,Sub-Saharan Africa,Madagascar,MG,,2026-04-08,431.599103077746,55.2158585927485,NA,NA,2.49072338064723,NA,14354731964.3258,3829.97784932976,5.81225118787715,Antananarivo,45.7167,-20.4667,Low income,IDA,6.069811440187512,NA,59.2,2.7,20.6,6.450814457831325,3.321717557251908,113.10509156626506,0.08,2171.269230769231,5.75,20538.24166666667,19.656150793650795,1.181394422310757,170638.07,8271153.213,0.02063050527607244,-1.2538762092590332,NA,NA,NA,NA,19673293.994996257,14,1,0,NA,NA,26.97,0.617,NA,NA,NA,NA,NA,23.387345478476487,16.794772690062683,NA,0,0,0,0,0,0,MDG_2021
MDG,2022,Sub-Saharan Africa,Madagascar,MG,,2026-04-08,438.516263353189,70.5471344130961,NA,26.2978246175134,3.05272592480357,NA,15325603272.6097,4096.11618374535,8.16059031991844,Antananarivo,45.7167,-20.4667,Low income,IDA,6.0856747206571775,NA,58.4,2.8,19.8,6.7290124,4.403984674329502,120.6980116,1.6833333333333333,682.9807692307693,1.325,21607.55,25.6371484375,-0.035622489959839354,93421.374,7077383.429,0.013199987670189008,NA,NA,NA,NA,NA,NA,NA,1,0,NA,NA,26.97,0,NA,NA,NA,NA,NA,23.452790683319158,NA,NA,0,0,0,0,1,0,MDG_2022
MDG,2023,Sub-Saharan Africa,Madagascar,MG,,2026-04-08,445.834551910581,61.1330416886146,NA,NA,3.27357918889341,NA,15869945477.8505,4429.57921419022,9.87432675044888,Antananarivo,45.7167,-20.4667,Low income,IDA,6.102188396144613,NA,58.9,2.3,19.7,7.080916064257028,4.205076923076923,120.26631887550201,5.024166666666667,343.90384615384613,3.375,20869.600000000002,16.849027237354086,-0.62396,171999.786,11870387.508,0.014489820646889702,NA,NA,NA,NA,NA,NA,NA,1,0,NA,NA,44.87,0.664,NA,NA,NA,NA,NA,23.487692935993667,NA,NA,0,0,0,0,0,1,MDG_2023
MDG,2024,Sub-Saharan Africa,Madagascar,MG,,2026-04-08,453.383067004772,54.9795881437152,NA,24.4501397197571,3.47985819890072,NA,17420501490.1231,4525.42472099152,7.61335784313723,Antananarivo,45.7167,-20.4667,Low income,IDA,6.118940602198456,NA,58,2.2,20,7.195725498007969,3.1492015209125475,122.89302988047808,5.1433333333333335,198.34615384615384,2.4,21133.908333333333,15.550656370656371,-0.1644,NA,NA,NA,NA,NA,NA,NA,NA,NA,NA,NA,NA,NA,NA,60.92,0.357,NA,NA,NA,NA,NA,23.58091359619538,NA,NA,0,0,0,0,0,1,MDG_2024
MDG,2025,Sub-Saharan Africa,Madagascar,MG,,2026-04-08,NA,NA,NA,NA,NA,NA,NA,NA,NA,Antananarivo,45.7167,-20.4667,Low income,IDA,NA,NA,NA,NA,NA,7.1875432,3.0473946360153255,122.7202868,4.2125,115.9245283018868,2.025,21967.716666666667,18.926666666666666,0.4818875502008032,NA,NA,NA,NA,NA,NA,NA,NA,NA,NA,NA,NA,NA,NA,115,0.888,NA,NA,NA,NA,NA,NA,NA,NA,0,0,0,0,0,1,MDG_2025
MWI,2015,Sub-Saharan Africa,Malawi,MW,,2026-04-08,539.605363240686,NA,NA,NA,3.12107477506801,27.3346460465678,9219474379.31534,499.605833333333,21.8673475542553,Lilongwe,33.7703,-13.9899,Low income,IDA,6.292689554697105,NA,65.7,NA,20.5,6.282743426294821,5.365538461538462,108.16961726907631,0.1325,207.1153846153846,2.1,12074.325,16.674126984126985,1.4515139442231075,497295.375,7139220.8040000005,0.06965681390907152,-1.2538762092590332,NA,NA,NA,NA,1015337724.6005164,22,1,0,NA,NA,4.68,NA,NA,0.4028940985226128,NA,NA,NA,22.94458386424727,20.738487128678077,NA,0,0,0,0,0,0,MWI_2015
MWI,2016,Sub-Saharan Africa,Malawi,MW,,2026-04-08,538.221990810959,NA,NA,NA,1.46272973143861,37.8862077338952,7909868618.46366,718.005,21.7111132136499,Lilongwe,33.7703,-13.9899,Low income,IDA,6.290127342911401,NA,65.3,1.1,19.9,6.640016334661355,5.972480916030534,113.06646008064516,0.395,891.7692307692307,2.175,12892.066666666666,15.82563492063492,1.00324,350969.567,4486497.155,0.07822797048001248,-1.2538762092590332,NA,NA,NA,NA,89266361.27342108,31,1,0,NA,NA,6.91,0.477,NA,0.029787731174666772,NA,NA,NA,22.791377009164982,18.30713529261562,NA,0,0,0,0,0,0,MWI_2016
MWI,2017,Sub-Saharan Africa,Malawi,MW,,2026-04-08,544.795729220349,45.3003137160008,NA,33.7139337223883,1.0085487596618,34.2946221230854,8943543793.5839,730.2725,11.5433939188771,Lilongwe,33.7703,-13.9899,Low income,IDA,6.302244783436642,NA,63.8,1.2,20.1,6.756870281124498,3.7646153846153845,112.81009919678715,1.0016666666666667,771.5192307692307,3.025,13621.366666666667,11.0902390438247,0.93028,839175.822,6187982.733,0.13561379502963783,-1.2538762092590332,NA,NA,NA,NA,91803106.79010946,28,1,0,NA,NA,9.71,0.405,NA,0.029931033898308763,NA,NA,NA,22.914197745191522,18.33515670894045,NA,0,0,0,0,0,0,MWI_2017
MWI,2018,Sub-Saharan Africa,Malawi,MW,,2026-04-08,553.528790902088,43.578773489,NA,NA,0.779538295941585,41.7011065966529,9879220354.29186,732.333333333333,12.420178108921,Lilongwe,33.7703,-13.9899,Low income,IDA,6.3181187277185895,NA,61.9,1.9,20.7,6.6090429718875505,3.626015325670498,112.00375403225806,1.8316666666666666,750.7115384615385,2.125,14141.441666666666,16.6398406374502,0.38417670682730926,334454.374,7405122.964,0.0451652694527761,-1.2538762092590332,NA,NA,NA,NA,576376562.3533295,21,2,1,NA,NA,11.72,0.207,NA,0.13990590986057788,NA,NA,NA,23.01369943418481,20.172271760876672,NA,0,0,0,0,0,0,MWI_2018
MWI,2019,Sub-Saharan Africa,Malawi,MW,,2026-04-08,569.866249371948,44.1954524635798,NA,NA,0.499715595789277,44.7856317896456,11051852712.6142,745.540667877372,9.3708360560567,Lilongwe,33.7703,-13.9899,Low income,IDA,6.347154942939156,NA,60.9,2.1,20.6,6.908139357429719,4.075823754789272,115.73329798387097,2.158333333333333,258.5769230769231,3.375,14863.433333333332,15.387857142857143,0.1726,287721.115,5871094.863,0.04900638155469708,-1.2538762092590332,NA,NA,NA,NA,68886346.4426335,12,2,1,NA,NA,10.92,-0.068,NA,0.013917440002437295,NA,NA,NA,23.12586391724616,18.047968566024895,NA,0,0,0,0,0,0,MWI_2019
MWI,2020,Sub-Saharan Africa,Malawi,MW,,2026-04-08,559.447086086067,41.0323429397328,NA,NA,2.14268264715469,NA,11769313597.8545,749.527493882201,8.62551469650552,Lilongwe,33.7703,-13.9899,Low income,IDA,6.328734833213812,NA,59,2.3,21.2,6.9041904,5.5483969465648855,117.7739632,0.37583333333333335,132821.28301886792,1.5749999999999995,17696.283333333333,29.251304347826085,0.5005577689243028,424183.659,7083884.767,0.059880090226205114,-1.2538762092590332,NA,NA,NA,NA,181933989.56901327,13,2,1,NA,NA,16.68,0.527,NA,NA,NA,NA,NA,23.18876143866371,19.019154490072196,NA,0,0,0,1,0,0,MWI_2020
MWI,2021,Sub-Saharan Africa,Malawi,MW,,2026-04-08,569.968967322435,44.5957618170542,NA,42.7078088726996,1.04617739110529,NA,12378119199.0839,805.899650132837,9.33014410835212,Lilongwe,33.7703,-13.9899,Low income,IDA,6.347334860232408,NA,59.2,2.7,20.6,6.450814457831325,3.321717557251908,113.10509156626506,0.08,2171.269230769231,5.75,20538.24166666667,19.656150793650795,1.181394422310757,593848.139,9661912.956,0.06146279124065418,-1.2538762092590332,NA,NA,NA,NA,97066813.58309126,13,2,1,NA,NA,26.97,0.617,NA,NA,NA,NA,NA,23.23919617021268,18.390910109481798,NA,0,0,0,0,0,0,MWI_2021
MWI,2022,Sub-Saharan Africa,Malawi,MW,,2026-04-08,560.635759714941,43.616624856781,NA,NA,1.5988861608404,55.5992119991912,12429059928.102,949.039016666667,20.953969729969,Lilongwe,33.7703,-13.9899,Low income,IDA,6.330853525390545,NA,58.4,2.8,19.8,6.7290124,4.403984674329502,120.6980116,1.6833333333333333,682.9807692307693,1.325,21607.55,25.6371484375,-0.035622489959839354,136660.824,4148409.495,0.03294294455856268,NA,NA,NA,NA,NA,NA,NA,3,1,NA,NA,26.97,0,NA,NA,NA,NA,NA,23.243303110413667,NA,NA,0,0,0,0,1,0,MWI_2022
MWI,2023,Sub-Saharan Africa,Malawi,MW,,2026-04-08,557.03523965791,42.4376683990967,NA,NA,1.60106112476406,NA,13363669672.9405,1161.09436666667,28.7897428247298,Lilongwe,33.7703,-13.9899,Low income,IDA,6.324422113896011,NA,58.9,2.3,19.7,7.080916064257028,4.205076923076923,120.26631887550201,5.024166666666667,343.90384615384613,3.375,20869.600000000002,16.849027237354086,-0.62396,283211.18,8667420.03,0.0326753727198796,NA,NA,NA,NA,NA,NA,NA,3,1,NA,NA,44.87,0.664,NA,NA,NA,NA,NA,23.315805643531462,NA,NA,0,0,0,0,0,1,MWI_2023
MWI,2024,Sub-Saharan Africa,Malawi,MW,,2026-04-08,551.95152347056,NA,NA,50.3696725002439,2.27963607830505,NA,11316411329.4619,NA,32.1796504225025,Lilongwe,33.7703,-13.9899,Low income,IDA,6.315270336686323,NA,58,2.2,20,7.195725498007969,3.1492015209125475,122.89302988047808,5.1433333333333335,198.34615384615384,2.4,21133.908333333333,15.550656370656371,-0.1644,NA,NA,NA,NA,NA,NA,NA,NA,NA,NA,NA,NA,NA,NA,60.92,0.357,NA,NA,NA,NA,NA,23.14951983918268,NA,NA,0,0,0,0,0,1,MWI_2024
MWI,2025,Sub-Saharan Africa,Malawi,MW,,2026-04-08,NA,NA,NA,NA,NA,NA,NA,NA,NA,Lilongwe,33.7703,-13.9899,Low income,IDA,NA,NA,NA,NA,NA,7.1875432,3.0473946360153255,122.7202868,4.2125,115.9245283018868,2.025,21967.716666666667,18.926666666666666,0.4818875502008032,NA,NA,NA,NA,NA,NA,NA,NA,NA,NA,NA,NA,NA,NA,115,0.888,NA,NA,NA,NA,NA,NA,NA,NA,0,0,0,0,0,1,MWI_2025
MOZ,2015,Sub-Saharan Africa,Mozambique,MZ,,2026-04-08,610.563774706589,98.7612036510901,NA,NA,23.8654900431928,NA,16208985769.615,39.9824741465406,3.55075967356746,Maputo,32.5713,-25.9664,Low income,IDA,6.41601924193216,NA,65.7,NA,20.5,6.282743426294821,5.365538461538462,108.16961726907631,0.1325,207.1153846153846,2.1,12074.325,16.674126984126985,1.4515139442231075,1078463.5999999999,25365369.75,0.04251716456843685,-1.2538762092590332,NA,NA,NA,NA,7161754.146357825,2,0,0,NA,NA,4.68,NA,NA,NA,NA,NA,NA,23.50883160260667,15.784265641069727,NA,0,0,0,0,0,0,MOZ_2015
MOZ,2016,Sub-Saharan Africa,Mozambique,MZ,,2026-04-08,620.779714954555,110.394358201481,NA,NA,25.9187724637849,92.242445572337,12069051237.1711,63.0562327310371,17.4180418197597,Maputo,32.5713,-25.9664,Low income,IDA,6.432585873989509,NA,65.3,1.1,19.9,6.640016334661355,5.972480916030534,113.06646008064516,0.395,891.7692307692307,2.175,12892.066666666666,15.82563492063492,1.00324,407157.02,22102421.77,0.018421375912418853,-1.2538762092590332,NA,NA,NA,NA,41817751.3596188,7,2,1,NA,NA,6.91,0.477,NA,0.003756269434592884,NA,NA,NA,23.213910264009492,17.54883150493502,NA,0,0,0,0,0,0,MOZ_2016
MOZ,2017,Sub-Saharan Africa,Mozambique,MZ,,2026-04-08,618.397694360334,105.745640702087,NA,41.6701037933311,17.4831119319856,78.5046092527536,13264640645.7768,63.584322913399,15.1132073899384,Maputo,32.5713,-25.9664,Low income,IDA,6.42874754515622,NA,63.8,1.2,20.1,6.756870281124498,3.7646153846153845,112.81009919678715,1.0016666666666667,771.5192307692307,3.025,13621.366666666667,11.0902390438247,0.93028,1032904.978,22378390.583,0.04615635669459885,-1.2538762092590332,NA,NA,NA,NA,2412900945.062848,18,3,1,NA,NA,9.71,0.405,NA,0.23171217203620897,NA,NA,NA,23.308367733839486,21.604095572627724,NA,0,0,0,0,0,0,MOZ_2017
MOZ,2018,Sub-Saharan Africa,Mozambique,MZ,,2026-04-08,621.153734194787,124.607457525372,NA,NA,11.1741431838994,81.3537163156048,15017358952.8452,60.3262076432022,3.91133439990729,Maputo,32.5713,-25.9664,Low income,IDA,6.433187223284777,NA,61.9,1.9,20.7,6.6090429718875505,3.626015325670498,112.00375403225806,1.8316666666666666,750.7115384615385,2.125,14141.441666666666,16.6398406374502,0.38417670682730926,1379658.26,34317487.653,0.04020277573785014,-1.2538762092590332,NA,NA,NA,NA,131435879.59416771,6,3,1,NA,NA,11.72,0.207,NA,0.010758283325639379,NA,NA,NA,23.43247263252497,18.694029690622184,NA,0,0,0,0,0,0,MOZ_2018
MOZ,2019,Sub-Saharan Africa,Mozambique,MZ,,2026-04-08,617.13932000195,105.591171401921,NA,NA,21.7841914901932,78.8783415047574,15512759046.672,62.5483333333333,2.80270307928111,Maputo,32.5713,-25.9664,Low income,IDA,6.426713868946972,NA,60.9,2.1,20.6,6.908139357429719,4.075823754789272,115.73329798387097,2.158333333333333,258.5769230769231,3.375,14863.433333333332,15.387857142857143,0.1726,1273078.189,50696431.658,0.025111790857159977,-1.2538762092590332,NA,NA,NA,NA,41571890.65369906,6,3,1,NA,NA,10.92,-0.068,NA,0.0033974490995828,NA,NA,NA,23.464928686623573,17.54293481545447,NA,0,0,0,0,0,0,MOZ_2019
MOZ,2020,Sub-Saharan Africa,Mozambique,MZ,,2026-04-08,591.804059985932,99.906146051979,NA,NA,22.3944370320025,101.390931763888,14235420174.1884,69.465,3.48393567493204,Maputo,32.5713,-25.9664,Low income,IDA,6.384863922787594,NA,59,2.3,21.2,6.9041904,5.5483969465648855,117.7739632,0.37583333333333335,132821.28301886792,1.5749999999999995,17696.283333333333,29.251304347826085,0.5005577689243028,3011954.58,35326130.651,0.08526137803645185,-1.2538762092590332,NA,NA,NA,NA,323594093.8855596,17,3,1,NA,NA,16.68,0.527,NA,0.02241977149467413,NA,NA,NA,23.378999074289503,19.595000494791627,NA,0,0,0,1,0,0,MOZ_2020
MOZ,2021,Sub-Saharan Africa,Mozambique,MZ,,2026-04-08,588.215854695416,112.078964458333,NA,49.4927479032385,32.7522138534006,84.1569664621914,16168055475.4449,65.465,6.40847652975692,Maputo,32.5713,-25.9664,Low income,IDA,6.3787925930781295,NA,59.2,2.7,20.6,6.450814457831325,3.321717557251908,113.10509156626506,0.08,2171.269230769231,5.75,20538.24166666667,19.656150793650795,1.181394422310757,442451.102,19106162.425,0.0231575076228318,-1.2538762092590332,NA,NA,NA,NA,66771682.620155,12,2,1,NA,NA,26.97,0.617,NA,0.00490732088838012,NA,NA,NA,23.50630324829153,18.01678965073489,NA,0,0,0,0,0,0,MOZ_2021
MOZ,2022,Sub-Saharan Africa,Mozambique,MZ,,2026-04-08,596.058889461466,135.279578416991,NA,NA,16.0042947069706,76.6350609536734,18883528581.3734,63.8508333333333,10.2794018093421,Maputo,32.5713,-25.9664,Low income,IDA,6.392015750841782,NA,58.4,2.8,19.8,6.7290124,4.403984674329502,120.6980116,1.6833333333333333,682.9807692307693,1.325,21607.55,25.6371484375,-0.035622489959839354,340008.962,15760814.968,0.02157305714776411,NA,NA,NA,NA,NA,NA,NA,2,1,NA,NA,26.97,0,NA,NA,NA,NA,NA,23.661555875453853,NA,NA,0,0,0,0,1,0,MOZ_2022
MOZ,2023,Sub-Saharan Africa,Mozambique,MZ,,2026-04-08,610.433258850746,106.058613430022,NA,NA,12.8268059338812,72.6610029459905,20921079532.6094,63.8858333333333,7.12697482131851,Maputo,32.5713,-25.9664,Low income,IDA,6.415805805835821,NA,58.9,2.3,19.7,7.080916064257028,4.205076923076923,120.26631887550201,5.024166666666667,343.90384615384613,3.375,20869.600000000002,16.849027237354086,-0.62396,918000,16948000,0.05416568326646212,NA,NA,NA,NA,NA,NA,NA,2,1,NA,NA,44.87,0.664,NA,NA,NA,NA,NA,23.764023077756747,NA,NA,0,0,0,0,0,1,MOZ_2023
MOZ,2024,Sub-Saharan Africa,Mozambique,MZ,,2026-04-08,605.604720848519,95.659420351194,NA,54.38528750107,15.4256916399298,71.7932488373315,22745341305.0622,63.905,4.07856834812022,Maputo,32.5713,-25.9664,Low income,IDA,6.407877377697853,NA,58,2.2,20,7.195725498007969,3.1492015209125475,122.89302988047808,5.1433333333333335,198.34615384615384,2.4,21133.908333333333,15.550656370656371,-0.1644,NA,NA,NA,NA,NA,NA,NA,NA,NA,NA,NA,NA,NA,NA,60.92,0.357,NA,NA,NA,NA,NA,23.847626183618036,NA,NA,0,0,0,0,0,1,MOZ_2024
MOZ,2025,Sub-Saharan Africa,Mozambique,MZ,,2026-04-08,NA,NA,NA,NA,NA,NA,NA,NA,NA,Maputo,32.5713,-25.9664,Low income,IDA,NA,NA,NA,NA,NA,7.1875432,3.0473946360153255,122.7202868,4.2125,115.9245283018868,2.025,21967.716666666667,18.926666666666666,0.4818875502008032,NA,NA,NA,NA,NA,NA,NA,NA,NA,NA,NA,NA,NA,NA,115,0.888,NA,NA,NA,NA,NA,NA,NA,NA,0,0,0,0,0,1,MOZ_2025
